2026-09-19 16:40:47.383 [main] INFO  c.c.e.w.c.TransactionControllerIntegrationTest - Starting TransactionControllerIntegrationTest using Java 23.0.2 with PID 19684 (started by AxlLN in E:\exchange\CryptoExchange)
2026-09-19 16:40:47.437 [main] DEBUG c.c.e.w.c.TransactionControllerIntegrationTest - Running with Spring Boot v3.2.5, Spring v6.1.6
2026-09-19 16:40:47.438 [main] INFO  c.c.e.w.c.TransactionControllerIntegrationTest - No active profile set, falling back to 1 default profile: "default"
2026-09-19 16:40:51.430 [main] INFO  o.s.s.web.DefaultSecurityFilterChain - Will secure any request with [org.springframework.security.web.session.DisableEncodeUrlFilter@12bc2527, org.springframework.security.web.context.request.async.WebAsyncManagerIntegrationFilter@259807a1, org.springframework.security.web.context.SecurityContextHolderFilter@3594f75a, org.springframework.security.web.header.HeaderWriterFilter@2e84ba20, org.springframework.web.filter.CorsFilter@854d105, org.springframework.security.web.authentication.logout.LogoutFilter@e7f00a9, com.crypto.exchange.web.security.JwtAuthenticationFilter@7a178892, org.springframework.security.web.savedrequest.RequestCacheAwareFilter@3a520c89, org.springframework.security.web.servletapi.SecurityContextHolderAwareRequestFilter@66cd134b, org.springframework.security.web.authentication.AnonymousAuthenticationFilter@386e980d, org.springframework.security.web.session.SessionManagementFilter@1bb694ea, org.springframework.security.web.access.ExceptionTranslationFilter@316e266f, org.springframework.security.web.access.intercept.AuthorizationFilter@560c23e2]
2026-09-19 16:40:51.835 [main] DEBUG c.c.e.w.s.JwtAuthenticationFilter - Filter 'jwtAuthenticationFilter' configured for use
2026-09-19 16:40:51.836 [main] INFO  o.s.b.t.m.w.SpringBootMockServletContext - Initializing Spring TestDispatcherServlet ''
2026-09-19 16:40:51.836 [main] INFO  o.s.t.w.s.TestDispatcherServlet - Initializing Servlet ''
2026-09-19 16:40:51.837 [main] INFO  o.s.t.w.s.TestDispatcherServlet - Completed initialization in 1 ms
2026-09-19 16:40:51.877 [main] INFO  c.c.e.w.c.TransactionControllerIntegrationTest - Started TransactionControllerIntegrationTest in 5.178 seconds (process running for 10.113)
2026-09-19 16:40:52.142 [main] INFO  o.s.t.c.s.AnnotationConfigContextLoaderUtils - Could not detect default configuration classes for test class [com.crypto.exchange.web.security.SecurityConfigIntegrationTest]: SecurityConfigIntegrationTest does not declare any static, non-private, non-final, nested classes annotated with @Configuration.
2026-09-19 16:40:52.172 [main] INFO  o.s.b.t.c.SpringBootTestContextBootstrapper - Found @SpringBootConfiguration com.crypto.exchange.ExchangeApplication for test class com.crypto.exchange.web.security.SecurityConfigIntegrationTest
2026-09-19 16:40:52.181 [main] INFO  o.s.b.d.r.RestartApplicationListener - Restart disabled due to context in which it is running
2026-09-19 16:40:52.220 [main] INFO  c.c.e.w.s.SecurityConfigIntegrationTest - Starting SecurityConfigIntegrationTest using Java 23.0.2 with PID 19684 (started by AxlLN in E:\exchange\CryptoExchange)
2026-09-19 16:40:52.220 [main] DEBUG c.c.e.w.s.SecurityConfigIntegrationTest - Running with Spring Boot v3.2.5, Spring v6.1.6
2026-09-19 16:40:52.221 [main] INFO  c.c.e.w.s.SecurityConfigIntegrationTest - The following 1 profile is active: "test"
2026-09-19 16:40:52.892 [main] INFO  o.s.d.r.c.RepositoryConfigurationDelegate - Bootstrapping Spring Data JPA repositories in DEFAULT mode.
2026-09-19 16:40:52.996 [main] INFO  o.s.d.r.c.RepositoryConfigurationDelegate - Finished Spring Data repository scanning in 91 ms. Found 6 JPA repository interfaces.
2026-09-19 16:40:53.335 [main] WARN  o.s.c.s.PostProcessorRegistrationDelegate$BeanPostProcessorChecker - Bean 'org.springframework.ws.config.annotation.DelegatingWsConfiguration' of type [org.springframework.ws.config.annotation.DelegatingWsConfiguration$$SpringCGLIB$$0] is not eligible for getting processed by all BeanPostProcessors (for example: not eligible for auto-proxying). The currently created BeanPostProcessor [annotationActionEndpointMapping] is declared through a non-static factory method on that class; consider declaring it as static instead.
2026-09-19 16:40:53.382 [main] INFO  o.s.w.s.a.s.AnnotationActionEndpointMapping - Supporting [WS-Addressing August 2004, WS-Addressing 1.0]
2026-09-19 16:40:53.793 [main] INFO  o.h.jpa.internal.util.LogHelper - HHH000204: Processing PersistenceUnitInfo [name: default]
2026-09-19 16:40:53.911 [main] INFO  org.hibernate.Version - HHH000412: Hibernate ORM core version 6.4.4.Final
2026-09-19 16:40:53.981 [main] INFO  o.h.c.i.RegionFactoryInitiator - HHH000026: Second-level cache disabled
2026-09-19 16:40:54.219 [main] INFO  o.s.o.j.p.SpringPersistenceUnitInfo - No LoadTimeWeaver setup: ignoring JPA class transformer
2026-09-19 16:40:54.268 [main] INFO  com.zaxxer.hikari.HikariDataSource - HikariPool-1 - Starting...
2026-09-19 16:40:54.883 [main] INFO  com.zaxxer.hikari.pool.HikariPool - HikariPool-1 - Added connection conn0: url=jdbc:h2:mem:testdb user=SA
2026-09-19 16:40:54.888 [main] INFO  com.zaxxer.hikari.HikariDataSource - HikariPool-1 - Start completed.
2026-09-19 16:40:54.943 [main] WARN  org.hibernate.orm.deprecation - HHH90000025: H2Dialect does not need to be specified explicitly using 'hibernate.dialect' (remove the property setting and it will be selected by default)
2026-09-19 16:40:56.631 [main] INFO  o.h.e.t.j.p.i.JtaPlatformInitiator - HHH000489: No JTA platform available (set 'hibernate.transaction.jta.platform' to enable JTA platform integration)
2026-09-19 16:40:56.746 [main] INFO  o.s.o.j.LocalContainerEntityManagerFactoryBean - Initialized JPA EntityManagerFactory for persistence unit 'default'
2026-09-19 16:40:57.288 [main] INFO  o.s.d.j.r.query.QueryEnhancerFactory - Hibernate is in classpath; If applicable, HQL parser will be used.
2026-09-19 16:40:58.591 [main] WARN  o.s.b.a.o.j.JpaBaseConfiguration$JpaWebConfiguration - spring.jpa.open-in-view is enabled by default. Therefore, database queries may be performed during view rendering. Explicitly configure spring.jpa.open-in-view to disable this warning
2026-09-19 16:40:58.752 [main] INFO  o.s.s.web.DefaultSecurityFilterChain - Will secure any request with [org.springframework.security.web.session.DisableEncodeUrlFilter@3590a44a, org.springframework.security.web.context.request.async.WebAsyncManagerIntegrationFilter@375714b7, org.springframework.security.web.context.SecurityContextHolderFilter@1f9ad0e, org.springframework.security.web.header.HeaderWriterFilter@48ac41a8, org.springframework.web.filter.CorsFilter@66f881a8, org.springframework.security.web.authentication.logout.LogoutFilter@665c933c, com.crypto.exchange.web.security.JwtAuthenticationFilter@51430b62, org.springframework.security.web.savedrequest.RequestCacheAwareFilter@45f86681, org.springframework.security.web.servletapi.SecurityContextHolderAwareRequestFilter@6f73ce97, org.springframework.security.web.authentication.AnonymousAuthenticationFilter@750c7204, org.springframework.security.web.session.SessionManagementFilter@42c0fef8, org.springframework.security.web.access.ExceptionTranslationFilter@47b06eae, org.springframework.security.web.access.intercept.AuthorizationFilter@11e050fb]
2026-09-19 16:40:59.175 [main] DEBUG c.c.e.w.s.JwtAuthenticationFilter - Filter 'jwtAuthenticationFilter' configured for use
2026-09-19 16:40:59.175 [main] INFO  o.s.b.t.m.w.SpringBootMockServletContext - Initializing Spring TestDispatcherServlet ''
2026-09-19 16:40:59.175 [main] INFO  o.s.t.w.s.TestDispatcherServlet - Initializing Servlet ''
2026-09-19 16:40:59.176 [main] INFO  o.s.t.w.s.TestDispatcherServlet - Completed initialization in 1 ms
2026-09-19 16:40:59.198 [main] INFO  c.c.e.w.s.SecurityConfigIntegrationTest - Started SecurityConfigIntegrationTest in 7.017 seconds (process running for 17.435)
2026-09-19 16:40:59.219 [scheduling-1] INFO  c.c.e.core.aspect.LoggingAspect - Enter: com.crypto.exchange.core.service.CryptoInitializerService.scheduledPriceUpdate() with argument(s) = []
2026-09-19 16:40:59.219 [scheduling-1] INFO  c.c.e.c.s.CryptoInitializerService - Starting crypto price synchronization...
2026-09-19 16:40:59.530 [main] WARN  c.c.e.c.s.CryptoInitializerService - No matching cryptocurrency symbols found in API response.
2026-09-19 16:40:59.551 [main] INFO  c.c.e.c.s.CryptoInitializerService - Success! Updated and mapped 1 cryptocurrencies with CoinLore IDs
2026-09-19 16:40:59.565 [main] INFO  o.s.t.c.s.AnnotationConfigContextLoaderUtils - Could not detect default configuration classes for test class [com.crypto.exchange.web.controller.TransferControllerIntegrationTest]: TransferControllerIntegrationTest does not declare any static, non-private, non-final, nested classes annotated with @Configuration.
2026-09-19 16:40:59.569 [main] INFO  o.s.b.t.c.SpringBootTestContextBootstrapper - Found @SpringBootConfiguration com.crypto.exchange.ExchangeApplication for test class com.crypto.exchange.web.controller.TransferControllerIntegrationTest
2026-09-19 16:40:59.573 [main] INFO  o.s.b.d.r.RestartApplicationListener - Restart disabled due to context in which it is running
2026-09-19 16:40:59.593 [main] INFO  c.c.e.w.c.TransferControllerIntegrationTest - Starting TransferControllerIntegrationTest using Java 23.0.2 with PID 19684 (started by AxlLN in E:\exchange\CryptoExchange)
2026-09-19 16:40:59.593 [main] DEBUG c.c.e.w.c.TransferControllerIntegrationTest - Running with Spring Boot v3.2.5, Spring v6.1.6
2026-09-19 16:40:59.593 [main] INFO  c.c.e.w.c.TransferControllerIntegrationTest - No active profile set, falling back to 1 default profile: "default"
2026-09-19 16:40:59.937 [main] INFO  o.s.s.web.DefaultSecurityFilterChain - Will secure any request with [org.springframework.security.web.session.DisableEncodeUrlFilter@650cb939, org.springframework.security.web.context.request.async.WebAsyncManagerIntegrationFilter@5caa9ab4, org.springframework.security.web.context.SecurityContextHolderFilter@3b99e848, org.springframework.security.web.header.HeaderWriterFilter@511ca90c, org.springframework.web.filter.CorsFilter@5e1a8a8a, org.springframework.security.web.authentication.logout.LogoutFilter@631b509c, com.crypto.exchange.web.security.JwtAuthenticationFilter@3983308b, org.springframework.security.web.savedrequest.RequestCacheAwareFilter@2736e87d, org.springframework.security.web.servletapi.SecurityContextHolderAwareRequestFilter@1356715e, org.springframework.security.web.authentication.AnonymousAuthenticationFilter@1e093811, org.springframework.security.web.session.SessionManagementFilter@1342e49a, org.springframework.security.web.access.ExceptionTranslationFilter@3d9424f2, org.springframework.security.web.access.intercept.AuthorizationFilter@53826a22]
2026-09-19 16:41:00.052 [main] DEBUG c.c.e.w.s.JwtAuthenticationFilter - Filter 'jwtAuthenticationFilter' configured for use
2026-09-19 16:41:00.053 [main] INFO  o.s.b.t.m.w.SpringBootMockServletContext - Initializing Spring TestDispatcherServlet ''
2026-09-19 16:41:00.053 [main] INFO  o.s.t.w.s.TestDispatcherServlet - Initializing Servlet ''
2026-09-19 16:41:00.053 [main] INFO  o.s.t.w.s.TestDispatcherServlet - Completed initialization in 0 ms
2026-09-19 16:41:00.066 [main] INFO  c.c.e.w.c.TransferControllerIntegrationTest - Started TransferControllerIntegrationTest in 0.493 seconds (process running for 18.303)
2026-09-19 16:41:00.249 [main] WARN  c.c.e.c.e.GlobalExceptionHandler - Validation failed: fromWalletId: Укажите ID кошелька списания; cryptoExternalId: Укажите external_id криптовалюты (например, bitcoin, ethereum); amount: Сумма должна быть больше 0; recipientAddress: Укажите адрес кошелька получателя; 
2026-09-19 16:41:00.937 [main] WARN  c.c.e.c.n.EmailNotificationListener - Пропуск отправки письма: email не указан для транзакции #1
2026-09-19 16:41:00.937 [main] WARN  c.c.e.c.n.EmailNotificationListener - Пропуск отправки письма: email не указан для транзакции #1
2026-09-19 16:41:00.982 [scheduling-1] INFO  c.c.e.c.s.CryptoInitializerService - Success! Updated and mapped 8 cryptocurrencies with CoinLore IDs
2026-09-19 16:41:00.982 [scheduling-1] INFO  c.c.e.core.aspect.LoggingAspect - Exit: com.crypto.exchange.core.service.CryptoInitializerService.scheduledPriceUpdate() executed in 1763 ms with result = null
2026-09-19 16:41:01.030 [main] INFO  c.c.e.c.n.EmailNotificationListener - Квитанция отправлена на test@example.com по транзакции #1
2026-09-19 16:41:01.043 [main] ERROR c.c.e.c.n.EmailNotificationListener - Ошибка при отправке письма для транзакции #1
java.lang.RuntimeException: SMTP server error
	at org.springframework.mail.javamail.JavaMailSender.send(JavaMailSender.java:101)
	at com.crypto.exchange.core.notification.EmailNotificationListener.handleTransactionCompleted(EmailNotificationListener.java:44)
	at com.crypto.exchange.core.notification.EmailNotificationListenerTest.handleTransactionCompleted_shouldCatchExceptionAndNotThrow(EmailNotificationListenerTest.java:110)
	at java.base/jdk.internal.reflect.DirectMethodHandleAccessor.invoke(DirectMethodHandleAccessor.java:103)
	at java.base/java.lang.reflect.Method.invoke(Method.java:580)
	at org.junit.platform.commons.util.ReflectionUtils.invokeMethod(ReflectionUtils.java:728)
	at org.junit.jupiter.engine.execution.MethodInvocation.proceed(MethodInvocation.java:60)
	at org.junit.jupiter.engine.execution.InvocationInterceptorChain$ValidatingInvocation.proceed(InvocationInterceptorChain.java:131)
	at org.junit.jupiter.engine.extension.TimeoutExtension.intercept(TimeoutExtension.java:156)
	at org.junit.jupiter.engine.extension.TimeoutExtension.interceptTestableMethod(TimeoutExtension.java:147)
	at org.junit.jupiter.engine.extension.TimeoutExtension.interceptTestMethod(TimeoutExtension.java:86)
	at org.junit.jupiter.engine.execution.InterceptingExecutableInvoker$ReflectiveInterceptorCall.lambda$ofVoidMethod$0(InterceptingExecutableInvoker.java:103)
	at org.junit.jupiter.engine.execution.InterceptingExecutableInvoker.lambda$invoke$0(InterceptingExecutableInvoker.java:93)
	at org.junit.jupiter.engine.execution.InvocationInterceptorChain$InterceptedInvocation.proceed(InvocationInterceptorChain.java:106)
	at org.junit.jupiter.engine.execution.InvocationInterceptorChain.proceed(InvocationInterceptorChain.java:64)
	at org.junit.jupiter.engine.execution.InvocationInterceptorChain.chainAndInvoke(InvocationInterceptorChain.java:45)
	at org.junit.jupiter.engine.execution.InvocationInterceptorChain.invoke(InvocationInterceptorChain.java:37)
	at org.junit.jupiter.engine.execution.InterceptingExecutableInvoker.invoke(InterceptingExecutableInvoker.java:92)
	at org.junit.jupiter.engine.execution.InterceptingExecutableInvoker.invoke(InterceptingExecutableInvoker.java:86)
	at org.junit.jupiter.engine.descriptor.TestMethodTestDescriptor.lambda$invokeTestMethod$7(TestMethodTestDescriptor.java:218)
	at org.junit.platform.engine.support.hierarchical.ThrowableCollector.execute(ThrowableCollector.java:73)
	at org.junit.jupiter.engine.descriptor.TestMethodTestDescriptor.invokeTestMethod(TestMethodTestDescriptor.java:214)
	at org.junit.jupiter.engine.descriptor.TestMethodTestDescriptor.execute(TestMethodTestDescriptor.java:139)
	at org.junit.jupiter.engine.descriptor.TestMethodTestDescriptor.execute(TestMethodTestDescriptor.java:69)
	at org.junit.platform.engine.support.hierarchical.NodeTestTask.lambda$executeRecursively$6(NodeTestTask.java:151)
	at org.junit.platform.engine.support.hierarchical.ThrowableCollector.execute(ThrowableCollector.java:73)
	at org.junit.platform.engine.support.hierarchical.NodeTestTask.lambda$executeRecursively$8(NodeTestTask.java:141)
	at org.junit.platform.engine.support.hierarchical.Node.around(Node.java:137)
	at org.junit.platform.engine.support.hierarchical.NodeTestTask.lambda$executeRecursively$9(NodeTestTask.java:139)
	at org.junit.platform.engine.support.hierarchical.ThrowableCollector.execute(ThrowableCollector.java:73)
	at org.junit.platform.engine.support.hierarchical.NodeTestTask.executeRecursively(NodeTestTask.java:138)
	at org.junit.platform.engine.support.hierarchical.NodeTestTask.execute(NodeTestTask.java:95)
	at java.base/java.util.ArrayList.forEach(ArrayList.java:1597)
	at org.junit.platform.engine.support.hierarchical.SameThreadHierarchicalTestExecutorService.invokeAll(SameThreadHierarchicalTestExecutorService.java:41)
	at org.junit.platform.engine.support.hierarchical.NodeTestTask.lambda$executeRecursively$6(NodeTestTask.java:155)
	at org.junit.platform.engine.support.hierarchical.ThrowableCollector.execute(ThrowableCollector.java:73)
	at org.junit.platform.engine.support.hierarchical.NodeTestTask.lambda$executeRecursively$8(NodeTestTask.java:141)
	at org.junit.platform.engine.support.hierarchical.Node.around(Node.java:137)
	at org.junit.platform.engine.support.hierarchical.NodeTestTask.lambda$executeRecursively$9(NodeTestTask.java:139)
	at org.junit.platform.engine.support.hierarchical.ThrowableCollector.execute(ThrowableCollector.java:73)
	at org.junit.platform.engine.support.hierarchical.NodeTestTask.executeRecursively(NodeTestTask.java:138)
	at org.junit.platform.engine.support.hierarchical.NodeTestTask.execute(NodeTestTask.java:95)
	at java.base/java.util.ArrayList.forEach(ArrayList.java:1597)
	at org.junit.platform.engine.support.hierarchical.SameThreadHierarchicalTestExecutorService.invokeAll(SameThreadHierarchicalTestExecutorService.java:41)
	at org.junit.platform.engine.support.hierarchical.NodeTestTask.lambda$executeRecursively$6(NodeTestTask.java:155)
	at org.junit.platform.engine.support.hierarchical.ThrowableCollector.execute(ThrowableCollector.java:73)
	at org.junit.platform.engine.support.hierarchical.NodeTestTask.lambda$executeRecursively$8(NodeTestTask.java:141)
	at org.junit.platform.engine.support.hierarchical.Node.around(Node.java:137)
	at org.junit.platform.engine.support.hierarchical.NodeTestTask.lambda$executeRecursively$9(NodeTestTask.java:139)
	at org.junit.platform.engine.support.hierarchical.ThrowableCollector.execute(ThrowableCollector.java:73)
	at org.junit.platform.engine.support.hierarchical.NodeTestTask.executeRecursively(NodeTestTask.java:138)
	at org.junit.platform.engine.support.hierarchical.NodeTestTask.execute(NodeTestTask.java:95)
	at org.junit.platform.engine.support.hierarchical.SameThreadHierarchicalTestExecutorService.submit(SameThreadHierarchicalTestExecutorService.java:35)
	at org.junit.platform.engine.support.hierarchical.HierarchicalTestExecutor.execute(HierarchicalTestExecutor.java:57)
	at org.junit.platform.engine.support.hierarchical.HierarchicalTestEngine.execute(HierarchicalTestEngine.java:54)
	at org.junit.platform.launcher.core.EngineExecutionOrchestrator.execute(EngineExecutionOrchestrator.java:198)
	at org.junit.platform.launcher.core.EngineExecutionOrchestrator.execute(EngineExecutionOrchestrator.java:169)
	at org.junit.platform.launcher.core.EngineExecutionOrchestrator.execute(EngineExecutionOrchestrator.java:93)
	at org.junit.platform.launcher.core.EngineExecutionOrchestrator.lambda$execute$0(EngineExecutionOrchestrator.java:58)
	at org.junit.platform.launcher.core.EngineExecutionOrchestrator.withInterceptedStreams(EngineExecutionOrchestrator.java:141)
	at org.junit.platform.launcher.core.EngineExecutionOrchestrator.execute(EngineExecutionOrchestrator.java:57)
	at org.junit.platform.launcher.core.DefaultLauncher.execute(DefaultLauncher.java:103)
	at org.junit.platform.launcher.core.DefaultLauncher.execute(DefaultLauncher.java:85)
	at org.junit.platform.launcher.core.DelegatingLauncher.execute(DelegatingLauncher.java:47)
	at org.junit.platform.launcher.core.SessionPerRequestLauncher.execute(SessionPerRequestLauncher.java:63)
	at com.intellij.junit5.JUnit5IdeaTestRunner.startRunnerWithArgs(JUnit5IdeaTestRunner.java:66)
	at com.intellij.rt.junit.IdeaTestRunner$Repeater$1.execute(IdeaTestRunner.java:38)
	at com.intellij.rt.execution.junit.TestsRepeater.repeat(TestsRepeater.java:11)
	at com.intellij.rt.junit.IdeaTestRunner$Repeater.startRunnerWithArgs(IdeaTestRunner.java:35)
	at com.intellij.rt.junit.JUnitStarter.prepareStreamsAndStart(JUnitStarter.java:237)
	at com.intellij.rt.junit.JUnitStarter.main(JUnitStarter.java:58)
2026-09-19 16:41:01.109 [main] INFO  o.s.t.c.s.AnnotationConfigContextLoaderUtils - Could not detect default configuration classes for test class [com.crypto.exchange.web.controller.CryptoCurrencyControllerIntegrationTest]: CryptoCurrencyControllerIntegrationTest does not declare any static, non-private, non-final, nested classes annotated with @Configuration.
2026-09-19 16:41:01.116 [main] INFO  o.s.b.t.c.SpringBootTestContextBootstrapper - Found @SpringBootConfiguration com.crypto.exchange.ExchangeApplication for test class com.crypto.exchange.web.controller.CryptoCurrencyControllerIntegrationTest
2026-09-19 16:41:01.121 [main] INFO  o.s.b.d.r.RestartApplicationListener - Restart disabled due to context in which it is running
2026-09-19 16:41:01.149 [main] INFO  c.c.e.w.c.CryptoCurrencyControllerIntegrationTest - Starting CryptoCurrencyControllerIntegrationTest using Java 23.0.2 with PID 19684 (started by AxlLN in E:\exchange\CryptoExchange)
2026-09-19 16:41:01.149 [main] DEBUG c.c.e.w.c.CryptoCurrencyControllerIntegrationTest - Running with Spring Boot v3.2.5, Spring v6.1.6
2026-09-19 16:41:01.149 [main] INFO  c.c.e.w.c.CryptoCurrencyControllerIntegrationTest - No active profile set, falling back to 1 default profile: "default"
2026-09-19 16:41:01.461 [main] INFO  o.s.s.web.DefaultSecurityFilterChain - Will secure any request with [org.springframework.security.web.session.DisableEncodeUrlFilter@263a950, org.springframework.security.web.context.request.async.WebAsyncManagerIntegrationFilter@133025ec, org.springframework.security.web.context.SecurityContextHolderFilter@6e7d24c7, org.springframework.security.web.header.HeaderWriterFilter@7189c1de, org.springframework.web.filter.CorsFilter@2eb5941f, org.springframework.security.web.authentication.logout.LogoutFilter@c33ae2e, com.crypto.exchange.web.security.JwtAuthenticationFilter@4500e5d1, org.springframework.security.web.savedrequest.RequestCacheAwareFilter@7a298997, org.springframework.security.web.servletapi.SecurityContextHolderAwareRequestFilter@4511303d, org.springframework.security.web.authentication.AnonymousAuthenticationFilter@3dbf04e2, org.springframework.security.web.session.SessionManagementFilter@7077c8e7, org.springframework.security.web.access.ExceptionTranslationFilter@c83187f, org.springframework.security.web.access.intercept.AuthorizationFilter@76bcb4a7]
2026-09-19 16:41:01.521 [main] DEBUG c.c.e.w.s.JwtAuthenticationFilter - Filter 'jwtAuthenticationFilter' configured for use
2026-09-19 16:41:01.521 [main] INFO  o.s.b.t.m.w.SpringBootMockServletContext - Initializing Spring TestDispatcherServlet ''
2026-09-19 16:41:01.522 [main] INFO  o.s.t.w.s.TestDispatcherServlet - Initializing Servlet ''
2026-09-19 16:41:01.522 [main] INFO  o.s.t.w.s.TestDispatcherServlet - Completed initialization in 0 ms
2026-09-19 16:41:01.527 [main] INFO  c.c.e.w.c.CryptoCurrencyControllerIntegrationTest - Started CryptoCurrencyControllerIntegrationTest in 0.406 seconds (process running for 19.764)
2026-09-19 16:41:01.816 [main] INFO  o.s.t.c.s.AnnotationConfigContextLoaderUtils - Could not detect default configuration classes for test class [com.crypto.exchange.web.controller.WalletControllerIntegrationTest]: WalletControllerIntegrationTest does not declare any static, non-private, non-final, nested classes annotated with @Configuration.
2026-09-19 16:41:01.821 [main] INFO  o.s.b.t.c.SpringBootTestContextBootstrapper - Found @SpringBootConfiguration com.crypto.exchange.ExchangeApplication for test class com.crypto.exchange.web.controller.WalletControllerIntegrationTest
2026-09-19 16:41:01.823 [main] INFO  o.s.b.d.r.RestartApplicationListener - Restart disabled due to context in which it is running
2026-09-19 16:41:01.836 [main] INFO  c.c.e.w.c.WalletControllerIntegrationTest - Starting WalletControllerIntegrationTest using Java 23.0.2 with PID 19684 (started by AxlLN in E:\exchange\CryptoExchange)
2026-09-19 16:41:01.836 [main] DEBUG c.c.e.w.c.WalletControllerIntegrationTest - Running with Spring Boot v3.2.5, Spring v6.1.6
2026-09-19 16:41:01.836 [main] INFO  c.c.e.w.c.WalletControllerIntegrationTest - No active profile set, falling back to 1 default profile: "default"
2026-09-19 16:41:02.131 [main] INFO  o.s.s.web.DefaultSecurityFilterChain - Will secure any request with [org.springframework.security.web.session.DisableEncodeUrlFilter@1c9c9465, org.springframework.security.web.context.request.async.WebAsyncManagerIntegrationFilter@614006fe, org.springframework.security.web.context.SecurityContextHolderFilter@7c20e1c3, org.springframework.security.web.header.HeaderWriterFilter@59cae115, org.springframework.web.filter.CorsFilter@1014f69c, org.springframework.security.web.authentication.logout.LogoutFilter@5ea470b8, com.crypto.exchange.web.security.JwtAuthenticationFilter@4e073ace, org.springframework.security.web.savedrequest.RequestCacheAwareFilter@4383e99, org.springframework.security.web.servletapi.SecurityContextHolderAwareRequestFilter@a74a542, org.springframework.security.web.authentication.AnonymousAuthenticationFilter@4155452e, org.springframework.security.web.session.SessionManagementFilter@3d82550d, org.springframework.security.web.access.ExceptionTranslationFilter@42e740ee, org.springframework.security.web.access.intercept.AuthorizationFilter@34dca991]
2026-09-19 16:41:02.192 [main] DEBUG c.c.e.w.s.JwtAuthenticationFilter - Filter 'jwtAuthenticationFilter' configured for use
2026-09-19 16:41:02.192 [main] INFO  o.s.b.t.m.w.SpringBootMockServletContext - Initializing Spring TestDispatcherServlet ''
2026-09-19 16:41:02.192 [main] INFO  o.s.t.w.s.TestDispatcherServlet - Initializing Servlet ''
2026-09-19 16:41:02.193 [main] INFO  o.s.t.w.s.TestDispatcherServlet - Completed initialization in 1 ms
2026-09-19 16:41:02.199 [main] INFO  c.c.e.w.c.WalletControllerIntegrationTest - Started WalletControllerIntegrationTest in 0.376 seconds (process running for 20.436)
2026-09-19 16:41:02.283 [main] INFO  o.s.t.c.s.AnnotationConfigContextLoaderUtils - Could not detect default configuration classes for test class [com.crypto.exchange.web.controller.UserControllerIntegrationTest]: UserControllerIntegrationTest does not declare any static, non-private, non-final, nested classes annotated with @Configuration.
2026-09-19 16:41:02.288 [main] INFO  o.s.b.t.c.SpringBootTestContextBootstrapper - Found @SpringBootConfiguration com.crypto.exchange.ExchangeApplication for test class com.crypto.exchange.web.controller.UserControllerIntegrationTest
2026-09-19 16:41:02.290 [main] INFO  o.s.b.d.r.RestartApplicationListener - Restart disabled due to context in which it is running
2026-09-19 16:41:02.305 [main] INFO  c.c.e.w.c.UserControllerIntegrationTest - Starting UserControllerIntegrationTest using Java 23.0.2 with PID 19684 (started by AxlLN in E:\exchange\CryptoExchange)
2026-09-19 16:41:02.305 [main] DEBUG c.c.e.w.c.UserControllerIntegrationTest - Running with Spring Boot v3.2.5, Spring v6.1.6
2026-09-19 16:41:02.306 [main] INFO  c.c.e.w.c.UserControllerIntegrationTest - No active profile set, falling back to 1 default profile: "default"
2026-09-19 16:41:02.576 [main] INFO  o.s.s.web.DefaultSecurityFilterChain - Will secure any request with [org.springframework.security.web.session.DisableEncodeUrlFilter@7e573b33, org.springframework.security.web.context.request.async.WebAsyncManagerIntegrationFilter@6987500b, org.springframework.security.web.context.SecurityContextHolderFilter@701dd532, org.springframework.security.web.header.HeaderWriterFilter@1943edca, org.springframework.web.filter.CorsFilter@39eb54bf, org.springframework.security.web.authentication.logout.LogoutFilter@7a1dbb41, com.crypto.exchange.web.security.JwtAuthenticationFilter@3e694f55, org.springframework.security.web.savedrequest.RequestCacheAwareFilter@643c6e65, org.springframework.security.web.servletapi.SecurityContextHolderAwareRequestFilter@6297f295, org.springframework.security.web.authentication.AnonymousAuthenticationFilter@46c5598d, org.springframework.security.web.session.SessionManagementFilter@c1146f9, org.springframework.security.web.access.ExceptionTranslationFilter@d3320d4, org.springframework.security.web.access.intercept.AuthorizationFilter@208bfb54]
2026-09-19 16:41:02.635 [main] DEBUG c.c.e.w.s.JwtAuthenticationFilter - Filter 'jwtAuthenticationFilter' configured for use
2026-09-19 16:41:02.635 [main] INFO  o.s.b.t.m.w.SpringBootMockServletContext - Initializing Spring TestDispatcherServlet ''
2026-09-19 16:41:02.635 [main] INFO  o.s.t.w.s.TestDispatcherServlet - Initializing Servlet ''
2026-09-19 16:41:02.637 [main] INFO  o.s.t.w.s.TestDispatcherServlet - Completed initialization in 1 ms
2026-09-19 16:41:02.643 [main] INFO  c.c.e.w.c.UserControllerIntegrationTest - Started UserControllerIntegrationTest in 0.353 seconds (process running for 20.879)
2026-09-19 16:41:02.674 [main] INFO  o.s.t.c.s.AnnotationConfigContextLoaderUtils - Could not detect default configuration classes for test class [com.crypto.exchange.ExchangeApplicationTests]: ExchangeApplicationTests does not declare any static, non-private, non-final, nested classes annotated with @Configuration.
2026-09-19 16:41:02.681 [main] INFO  o.s.b.t.c.SpringBootTestContextBootstrapper - Found @SpringBootConfiguration com.crypto.exchange.ExchangeApplication for test class com.crypto.exchange.ExchangeApplicationTests
2026-09-19 16:41:02.686 [main] INFO  o.s.b.d.r.RestartApplicationListener - Restart disabled due to context in which it is running
2026-09-19 16:41:02.708 [main] INFO  c.c.e.ExchangeApplicationTests - Starting ExchangeApplicationTests using Java 23.0.2 with PID 19684 (started by AxlLN in E:\exchange\CryptoExchange)
2026-09-19 16:41:02.708 [main] DEBUG c.c.e.ExchangeApplicationTests - Running with Spring Boot v3.2.5, Spring v6.1.6
2026-09-19 16:41:02.708 [main] INFO  c.c.e.ExchangeApplicationTests - The following 1 profile is active: "test"
2026-09-19 16:41:02.891 [main] INFO  o.s.d.r.c.RepositoryConfigurationDelegate - Bootstrapping Spring Data JPA repositories in DEFAULT mode.
2026-09-19 16:41:02.908 [main] INFO  o.s.d.r.c.RepositoryConfigurationDelegate - Finished Spring Data repository scanning in 17 ms. Found 6 JPA repository interfaces.
2026-09-19 16:41:02.958 [main] WARN  o.s.c.s.PostProcessorRegistrationDelegate$BeanPostProcessorChecker - Bean 'org.springframework.ws.config.annotation.DelegatingWsConfiguration' of type [org.springframework.ws.config.annotation.DelegatingWsConfiguration$$SpringCGLIB$$0] is not eligible for getting processed by all BeanPostProcessors (for example: not eligible for auto-proxying). The currently created BeanPostProcessor [annotationActionEndpointMapping] is declared through a non-static factory method on that class; consider declaring it as static instead.
2026-09-19 16:41:02.959 [main] INFO  o.s.w.s.a.s.AnnotationActionEndpointMapping - Supporting [WS-Addressing August 2004, WS-Addressing 1.0]
2026-09-19 16:41:03.009 [main] INFO  o.h.jpa.internal.util.LogHelper - HHH000204: Processing PersistenceUnitInfo [name: default]
2026-09-19 16:41:03.011 [main] INFO  o.h.c.i.RegionFactoryInitiator - HHH000026: Second-level cache disabled
2026-09-19 16:41:03.016 [main] INFO  o.s.o.j.p.SpringPersistenceUnitInfo - No LoadTimeWeaver setup: ignoring JPA class transformer
2026-09-19 16:41:03.016 [main] INFO  com.zaxxer.hikari.HikariDataSource - HikariPool-2 - Starting...
2026-09-19 16:41:03.017 [main] INFO  com.zaxxer.hikari.pool.HikariPool - HikariPool-2 - Added connection conn10: url=jdbc:h2:mem:testdb user=SA
2026-09-19 16:41:03.018 [main] INFO  com.zaxxer.hikari.HikariDataSource - HikariPool-2 - Start completed.
2026-09-19 16:41:03.018 [main] WARN  org.hibernate.orm.deprecation - HHH90000025: H2Dialect does not need to be specified explicitly using 'hibernate.dialect' (remove the property setting and it will be selected by default)
2026-09-19 16:41:03.127 [main] INFO  o.h.e.t.j.p.i.JtaPlatformInitiator - HHH000489: No JTA platform available (set 'hibernate.transaction.jta.platform' to enable JTA platform integration)
2026-09-19 16:41:03.161 [main] INFO  o.s.o.j.LocalContainerEntityManagerFactoryBean - Initialized JPA EntityManagerFactory for persistence unit 'default'
2026-09-19 16:41:03.432 [main] WARN  o.s.b.a.o.j.JpaBaseConfiguration$JpaWebConfiguration - spring.jpa.open-in-view is enabled by default. Therefore, database queries may be performed during view rendering. Explicitly configure spring.jpa.open-in-view to disable this warning
2026-09-19 16:41:03.523 [main] INFO  o.s.s.web.DefaultSecurityFilterChain - Will secure any request with [org.springframework.security.web.session.DisableEncodeUrlFilter@1d035dc1, org.springframework.security.web.context.request.async.WebAsyncManagerIntegrationFilter@8bfa961, org.springframework.security.web.context.SecurityContextHolderFilter@2b1be414, org.springframework.security.web.header.HeaderWriterFilter@4d57aa0b, org.springframework.web.filter.CorsFilter@567da8d8, org.springframework.security.web.authentication.logout.LogoutFilter@48dbae5e, com.crypto.exchange.web.security.JwtAuthenticationFilter@1a30ddab, org.springframework.security.web.savedrequest.RequestCacheAwareFilter@7565e3b4, org.springframework.security.web.servletapi.SecurityContextHolderAwareRequestFilter@59208e1, org.springframework.security.web.authentication.AnonymousAuthenticationFilter@1bd1e8b0, org.springframework.security.web.session.SessionManagementFilter@2d3291be, org.springframework.security.web.access.ExceptionTranslationFilter@43f3aa61, org.springframework.security.web.access.intercept.AuthorizationFilter@7395b1c]
2026-09-19 16:41:03.671 [main] INFO  c.c.e.ExchangeApplicationTests - Started ExchangeApplicationTests in 0.986 seconds (process running for 21.907)
2026-09-19 16:41:03.671 [scheduling-1] INFO  c.c.e.core.aspect.LoggingAspect - Enter: com.crypto.exchange.core.service.CryptoInitializerService.scheduledPriceUpdate() with argument(s) = []
2026-09-19 16:41:03.671 [scheduling-1] INFO  c.c.e.c.s.CryptoInitializerService - Starting crypto price synchronization...
2026-09-19 16:41:03.682 [main] DEBUG c.c.e.c.s.CryptoPriceHistoryService - Fetching price history for crypto ID: 999 with pageable: Page request [number: 0, size 10, sort: UNSORTED]
2026-09-19 16:41:03.687 [main] DEBUG c.c.e.c.s.CryptoPriceHistoryService - Fetching price history for crypto ID: 1 with pageable: Page request [number: 0, size 10, sort: UNSORTED]
2026-09-19 16:41:03.693 [main] INFO  o.s.t.c.s.AnnotationConfigContextLoaderUtils - Could not detect default configuration classes for test class [com.crypto.exchange.web.controller.AdminUserControllerIntegrationTest]: AdminUserControllerIntegrationTest does not declare any static, non-private, non-final, nested classes annotated with @Configuration.
2026-09-19 16:41:03.700 [main] INFO  o.s.b.t.c.SpringBootTestContextBootstrapper - Found @SpringBootConfiguration com.crypto.exchange.ExchangeApplication for test class com.crypto.exchange.web.controller.AdminUserControllerIntegrationTest
2026-09-19 16:41:03.703 [main] INFO  o.s.b.d.r.RestartApplicationListener - Restart disabled due to context in which it is running
2026-09-19 16:41:03.717 [main] INFO  c.c.e.w.c.AdminUserControllerIntegrationTest - Starting AdminUserControllerIntegrationTest using Java 23.0.2 with PID 19684 (started by AxlLN in E:\exchange\CryptoExchange)
2026-09-19 16:41:03.718 [main] DEBUG c.c.e.w.c.AdminUserControllerIntegrationTest - Running with Spring Boot v3.2.5, Spring v6.1.6
2026-09-19 16:41:03.718 [main] INFO  c.c.e.w.c.AdminUserControllerIntegrationTest - No active profile set, falling back to 1 default profile: "default"
2026-09-19 16:41:03.751 [scheduling-1] INFO  c.c.e.c.s.CryptoInitializerService - Success! Updated and mapped 8 cryptocurrencies with CoinLore IDs
2026-09-19 16:41:03.751 [scheduling-1] INFO  c.c.e.core.aspect.LoggingAspect - Exit: com.crypto.exchange.core.service.CryptoInitializerService.scheduledPriceUpdate() executed in 80 ms with result = null
2026-09-19 16:41:03.917 [main] INFO  o.s.s.web.DefaultSecurityFilterChain - Will secure any request with [org.springframework.security.web.session.DisableEncodeUrlFilter@4a04813e, org.springframework.security.web.context.request.async.WebAsyncManagerIntegrationFilter@4d18c8f7, org.springframework.security.web.context.SecurityContextHolderFilter@54a078d3, org.springframework.security.web.header.HeaderWriterFilter@52bb8e7c, org.springframework.web.filter.CorsFilter@505a8d6d, org.springframework.security.web.authentication.logout.LogoutFilter@2dc55bc2, com.crypto.exchange.web.security.JwtAuthenticationFilter@47d27721, org.springframework.security.web.savedrequest.RequestCacheAwareFilter@316268e8, org.springframework.security.web.servletapi.SecurityContextHolderAwareRequestFilter@3fa4d8d6, org.springframework.security.web.authentication.AnonymousAuthenticationFilter@c7851a2, org.springframework.security.web.session.SessionManagementFilter@6895a005, org.springframework.security.web.access.ExceptionTranslationFilter@384bad92, org.springframework.security.web.access.intercept.AuthorizationFilter@16b948ec]
2026-09-19 16:41:03.971 [main] DEBUG c.c.e.w.s.JwtAuthenticationFilter - Filter 'jwtAuthenticationFilter' configured for use
2026-09-19 16:41:03.971 [main] INFO  o.s.b.t.m.w.SpringBootMockServletContext - Initializing Spring TestDispatcherServlet ''
2026-09-19 16:41:03.971 [main] INFO  o.s.t.w.s.TestDispatcherServlet - Initializing Servlet ''
2026-09-19 16:41:03.971 [main] INFO  o.s.t.w.s.TestDispatcherServlet - Completed initialization in 0 ms
2026-09-19 16:41:03.979 [main] INFO  c.c.e.w.c.AdminUserControllerIntegrationTest - Started AdminUserControllerIntegrationTest in 0.276 seconds (process running for 22.215)
2026-09-19 16:41:04.040 [main] INFO  o.s.t.c.s.AnnotationConfigContextLoaderUtils - Could not detect default configuration classes for test class [com.crypto.exchange.web.controller.AuthControllerIntegrationTest]: AuthControllerIntegrationTest does not declare any static, non-private, non-final, nested classes annotated with @Configuration.
2026-09-19 16:41:04.044 [main] INFO  o.s.b.t.c.SpringBootTestContextBootstrapper - Found @SpringBootConfiguration com.crypto.exchange.ExchangeApplication for test class com.crypto.exchange.web.controller.AuthControllerIntegrationTest
2026-09-19 16:41:04.046 [main] INFO  o.s.b.d.r.RestartApplicationListener - Restart disabled due to context in which it is running
2026-09-19 16:41:04.072 [main] INFO  c.c.e.w.c.AuthControllerIntegrationTest - Starting AuthControllerIntegrationTest using Java 23.0.2 with PID 19684 (started by AxlLN in E:\exchange\CryptoExchange)
2026-09-19 16:41:04.073 [main] DEBUG c.c.e.w.c.AuthControllerIntegrationTest - Running with Spring Boot v3.2.5, Spring v6.1.6
2026-09-19 16:41:04.073 [main] INFO  c.c.e.w.c.AuthControllerIntegrationTest - No active profile set, falling back to 1 default profile: "default"
2026-09-19 16:41:04.324 [main] INFO  o.s.s.web.DefaultSecurityFilterChain - Will secure any request with [org.springframework.security.web.session.DisableEncodeUrlFilter@5500cb37, org.springframework.security.web.context.request.async.WebAsyncManagerIntegrationFilter@63f8a92d, org.springframework.security.web.context.SecurityContextHolderFilter@42689cc1, org.springframework.security.web.header.HeaderWriterFilter@79c5dc14, org.springframework.web.filter.CorsFilter@1022d61b, org.springframework.security.web.authentication.logout.LogoutFilter@607ac69c, com.crypto.exchange.web.security.JwtAuthenticationFilter@5781a4fb, org.springframework.security.web.savedrequest.RequestCacheAwareFilter@42f32b2, org.springframework.security.web.servletapi.SecurityContextHolderAwareRequestFilter@535d7b5f, org.springframework.security.web.authentication.AnonymousAuthenticationFilter@233c6ce2, org.springframework.security.web.session.SessionManagementFilter@246eb88, org.springframework.security.web.access.ExceptionTranslationFilter@9f9ef19, org.springframework.security.web.access.intercept.AuthorizationFilter@2582c5f8]
2026-09-19 16:41:04.385 [main] DEBUG c.c.e.w.s.JwtAuthenticationFilter - Filter 'jwtAuthenticationFilter' configured for use
2026-09-19 16:41:04.385 [main] INFO  o.s.b.t.m.w.SpringBootMockServletContext - Initializing Spring TestDispatcherServlet ''
2026-09-19 16:41:04.385 [main] INFO  o.s.t.w.s.TestDispatcherServlet - Initializing Servlet ''
2026-09-19 16:41:04.385 [main] INFO  o.s.t.w.s.TestDispatcherServlet - Completed initialization in 0 ms
2026-09-19 16:41:04.392 [main] INFO  c.c.e.w.c.AuthControllerIntegrationTest - Started AuthControllerIntegrationTest in 0.346 seconds (process running for 22.628)
2026-09-19 16:41:04.407 [main] WARN  c.c.e.c.e.GlobalExceptionHandler - Validation failed: password: Пароль не может быть пустым; 
2026-09-19 16:41:04.440 [main] WARN  c.c.e.c.e.GlobalExceptionHandler - Validation failed: email: Некорректный формат email; 
2026-09-19 16:41:04.654 [main] INFO  o.s.t.c.s.AnnotationConfigContextLoaderUtils - Could not detect default configuration classes for test class [com.crypto.exchange.web.security.JwtTokenProviderIntegrationTest]: JwtTokenProviderIntegrationTest does not declare any static, non-private, non-final, nested classes annotated with @Configuration.
2026-09-19 16:41:04.657 [main] INFO  o.s.b.t.c.SpringBootTestContextBootstrapper - Found @SpringBootConfiguration com.crypto.exchange.ExchangeApplication for test class com.crypto.exchange.web.security.JwtTokenProviderIntegrationTest
2026-09-19 16:41:04.927 [SpringApplicationShutdownHook] INFO  o.s.o.j.LocalContainerEntityManagerFactoryBean - Closing JPA EntityManagerFactory for persistence unit 'default'
2026-09-19 16:41:04.942 [SpringApplicationShutdownHook] INFO  com.zaxxer.hikari.HikariDataSource - HikariPool-1 - Shutdown initiated...
2026-09-19 16:41:04.943 [SpringApplicationShutdownHook] INFO  com.zaxxer.hikari.HikariDataSource - HikariPool-1 - Shutdown completed.
2026-09-19 16:41:04.951 [SpringApplicationShutdownHook] INFO  o.s.o.j.LocalContainerEntityManagerFactoryBean - Closing JPA EntityManagerFactory for persistence unit 'default'
2026-09-19 16:41:04.953 [SpringApplicationShutdownHook] INFO  com.zaxxer.hikari.HikariDataSource - HikariPool-2 - Shutdown initiated...
2026-09-19 16:41:04.954 [SpringApplicationShutdownHook] INFO  com.zaxxer.hikari.HikariDataSource - HikariPool-2 - Shutdown completed.
2026-09-19 16:41:20.603 [background-preinit] INFO  o.h.validator.internal.util.Version - HV000001: Hibernate Validator 8.0.1.Final
2026-09-19 16:41:20.651 [restartedMain] INFO  c.c.exchange.ExchangeApplication - Starting ExchangeApplication using Java 23.0.2 with PID 9404 (E:\exchange\CryptoExchange\target\classes started by AxlLN in E:\exchange\CryptoExchange)
2026-09-19 16:41:20.652 [restartedMain] DEBUG c.c.exchange.ExchangeApplication - Running with Spring Boot v3.2.5, Spring v6.1.6
2026-09-19 16:41:20.653 [restartedMain] INFO  c.c.exchange.ExchangeApplication - No active profile set, falling back to 1 default profile: "default"
2026-09-19 16:41:20.760 [restartedMain] INFO  o.s.b.d.e.DevToolsPropertyDefaultsPostProcessor - Devtools property defaults active! Set 'spring.devtools.add-properties' to 'false' to disable
2026-09-19 16:41:20.760 [restartedMain] INFO  o.s.b.d.e.DevToolsPropertyDefaultsPostProcessor - For additional web related logging consider setting the 'logging.level.web' property to 'DEBUG'
2026-09-19 16:41:21.736 [restartedMain] INFO  o.s.d.r.c.RepositoryConfigurationDelegate - Bootstrapping Spring Data JPA repositories in DEFAULT mode.
2026-09-19 16:41:21.818 [restartedMain] INFO  o.s.d.r.c.RepositoryConfigurationDelegate - Finished Spring Data repository scanning in 72 ms. Found 6 JPA repository interfaces.
2026-09-19 16:41:22.201 [restartedMain] WARN  o.s.c.s.PostProcessorRegistrationDelegate$BeanPostProcessorChecker - Bean 'org.springframework.ws.config.annotation.DelegatingWsConfiguration' of type [org.springframework.ws.config.annotation.DelegatingWsConfiguration$$SpringCGLIB$$0] is not eligible for getting processed by all BeanPostProcessors (for example: not eligible for auto-proxying). The currently created BeanPostProcessor [annotationActionEndpointMapping] is declared through a non-static factory method on that class; consider declaring it as static instead.
2026-09-19 16:41:22.220 [restartedMain] INFO  o.s.w.s.a.s.AnnotationActionEndpointMapping - Supporting [WS-Addressing August 2004, WS-Addressing 1.0]
2026-09-19 16:41:22.989 [restartedMain] INFO  o.s.b.w.e.tomcat.TomcatWebServer - Tomcat initialized with port 8080 (http)
2026-09-19 16:41:23.002 [restartedMain] INFO  o.a.coyote.http11.Http11NioProtocol - Initializing ProtocolHandler ["http-nio-8080"]
2026-09-19 16:41:23.006 [restartedMain] INFO  o.a.catalina.core.StandardService - Starting service [Tomcat]
2026-09-19 16:41:23.006 [restartedMain] INFO  o.a.catalina.core.StandardEngine - Starting Servlet engine: [Apache Tomcat/10.1.20]
2026-09-19 16:41:23.067 [restartedMain] INFO  o.a.c.c.C.[Tomcat].[localhost].[/] - Initializing Spring embedded WebApplicationContext
2026-09-19 16:41:23.069 [restartedMain] INFO  o.s.b.w.s.c.ServletWebServerApplicationContext - Root WebApplicationContext: initialization completed in 2306 ms
2026-09-19 16:41:23.192 [restartedMain] DEBUG c.c.e.w.s.JwtAuthenticationFilter - Filter 'jwtAuthenticationFilter' configured for use
2026-09-19 16:41:23.403 [restartedMain] INFO  o.h.jpa.internal.util.LogHelper - HHH000204: Processing PersistenceUnitInfo [name: default]
2026-09-19 16:41:23.492 [restartedMain] INFO  org.hibernate.Version - HHH000412: Hibernate ORM core version 6.4.4.Final
2026-09-19 16:41:23.589 [restartedMain] INFO  o.h.c.i.RegionFactoryInitiator - HHH000026: Second-level cache disabled
2026-09-19 16:41:23.846 [restartedMain] INFO  o.s.o.j.p.SpringPersistenceUnitInfo - No LoadTimeWeaver setup: ignoring JPA class transformer
2026-09-19 16:41:23.867 [restartedMain] INFO  com.zaxxer.hikari.HikariDataSource - HikariPool-1 - Starting...
2026-09-19 16:41:24.068 [restartedMain] INFO  com.zaxxer.hikari.pool.HikariPool - HikariPool-1 - Added connection org.postgresql.jdbc.PgConnection@ef3dbdf
2026-09-19 16:41:24.069 [restartedMain] INFO  com.zaxxer.hikari.HikariDataSource - HikariPool-1 - Start completed.
2026-09-19 16:41:25.339 [restartedMain] INFO  o.h.e.t.j.p.i.JtaPlatformInitiator - HHH000489: No JTA platform available (set 'hibernate.transaction.jta.platform' to enable JTA platform integration)
2026-09-19 16:41:25.869 [restartedMain] INFO  o.s.o.j.LocalContainerEntityManagerFactoryBean - Initialized JPA EntityManagerFactory for persistence unit 'default'
2026-09-19 16:41:26.482 [restartedMain] INFO  o.s.d.j.r.query.QueryEnhancerFactory - Hibernate is in classpath; If applicable, HQL parser will be used.
2026-09-19 16:41:27.553 [restartedMain] WARN  o.s.b.a.o.j.JpaBaseConfiguration$JpaWebConfiguration - spring.jpa.open-in-view is enabled by default. Therefore, database queries may be performed during view rendering. Explicitly configure spring.jpa.open-in-view to disable this warning
2026-09-19 16:41:27.925 [restartedMain] INFO  o.s.s.web.DefaultSecurityFilterChain - Will secure any request with [org.springframework.security.web.session.DisableEncodeUrlFilter@4873e7c1, org.springframework.security.web.context.request.async.WebAsyncManagerIntegrationFilter@30dec643, org.springframework.security.web.context.SecurityContextHolderFilter@5b5df80, org.springframework.security.web.header.HeaderWriterFilter@3ea4c743, org.springframework.web.filter.CorsFilter@476407c, org.springframework.security.web.authentication.logout.LogoutFilter@78850ee5, com.crypto.exchange.web.security.JwtAuthenticationFilter@52315c6c, org.springframework.security.web.savedrequest.RequestCacheAwareFilter@984886b, org.springframework.security.web.servletapi.SecurityContextHolderAwareRequestFilter@3f580484, org.springframework.security.web.authentication.AnonymousAuthenticationFilter@e8f7ead, org.springframework.security.web.session.SessionManagementFilter@73ac6842, org.springframework.security.web.access.ExceptionTranslationFilter@46806958, org.springframework.security.web.access.intercept.AuthorizationFilter@b7e7571]
2026-09-19 16:41:28.347 [restartedMain] INFO  o.s.b.d.a.OptionalLiveReloadServer - LiveReload server is running on port 35729
2026-09-19 16:41:28.365 [restartedMain] INFO  o.a.coyote.http11.Http11NioProtocol - Starting ProtocolHandler ["http-nio-8080"]
2026-09-19 16:41:28.380 [restartedMain] INFO  o.s.b.w.e.tomcat.TomcatWebServer - Tomcat started on port 8080 (http) with context path ''
2026-09-19 16:41:28.392 [restartedMain] INFO  c.c.exchange.ExchangeApplication - Started ExchangeApplication in 8.466 seconds (process running for 8.95)
2026-09-19 16:41:28.399 [scheduling-1] INFO  c.c.e.core.aspect.LoggingAspect - Enter: com.crypto.exchange.core.service.CryptoInitializerService.scheduledPriceUpdate() with argument(s) = []
2026-09-19 16:41:28.399 [scheduling-1] INFO  c.c.e.c.s.CryptoInitializerService - Starting crypto price synchronization...
2026-09-19 16:41:29.052 [scheduling-1] INFO  c.c.e.c.s.CryptoInitializerService - Success! Updated and mapped 8 cryptocurrencies with CoinLore IDs
2026-09-19 16:41:29.052 [scheduling-1] INFO  c.c.e.core.aspect.LoggingAspect - Exit: com.crypto.exchange.core.service.CryptoInitializerService.scheduledPriceUpdate() executed in 653 ms with result = null
2026-09-19 16:41:31.350 [SpringApplicationShutdownHook] INFO  o.s.o.j.LocalContainerEntityManagerFactoryBean - Closing JPA EntityManagerFactory for persistence unit 'default'
2026-09-19 16:41:31.353 [SpringApplicationShutdownHook] INFO  com.zaxxer.hikari.HikariDataSource - HikariPool-1 - Shutdown initiated...
2026-09-19 16:41:31.356 [SpringApplicationShutdownHook] INFO  com.zaxxer.hikari.HikariDataSource - HikariPool-1 - Shutdown completed.
2026-09-19 16:55:18.325 [background-preinit] INFO  o.h.validator.internal.util.Version - HV000001: Hibernate Validator 8.0.1.Final
2026-09-19 16:55:18.378 [restartedMain] INFO  c.c.exchange.ExchangeApplication - Starting ExchangeApplication using Java 23.0.2 with PID 12492 (E:\exchange\CryptoExchange\target\classes started by AxlLN in E:\exchange\CryptoExchange)
2026-09-19 16:55:18.378 [restartedMain] DEBUG c.c.exchange.ExchangeApplication - Running with Spring Boot v3.2.5, Spring v6.1.6
2026-09-19 16:55:18.379 [restartedMain] INFO  c.c.exchange.ExchangeApplication - No active profile set, falling back to 1 default profile: "default"
2026-09-19 16:55:18.456 [restartedMain] INFO  o.s.b.d.e.DevToolsPropertyDefaultsPostProcessor - Devtools property defaults active! Set 'spring.devtools.add-properties' to 'false' to disable
2026-09-19 16:55:18.456 [restartedMain] INFO  o.s.b.d.e.DevToolsPropertyDefaultsPostProcessor - For additional web related logging consider setting the 'logging.level.web' property to 'DEBUG'
2026-09-19 16:55:19.567 [restartedMain] INFO  o.s.d.r.c.RepositoryConfigurationDelegate - Bootstrapping Spring Data JPA repositories in DEFAULT mode.
2026-09-19 16:55:19.638 [restartedMain] INFO  o.s.d.r.c.RepositoryConfigurationDelegate - Finished Spring Data repository scanning in 63 ms. Found 6 JPA repository interfaces.
2026-09-19 16:55:19.997 [restartedMain] WARN  o.s.c.s.PostProcessorRegistrationDelegate$BeanPostProcessorChecker - Bean 'org.springframework.ws.config.annotation.DelegatingWsConfiguration' of type [org.springframework.ws.config.annotation.DelegatingWsConfiguration$$SpringCGLIB$$0] is not eligible for getting processed by all BeanPostProcessors (for example: not eligible for auto-proxying). The currently created BeanPostProcessor [annotationActionEndpointMapping] is declared through a non-static factory method on that class; consider declaring it as static instead.
2026-09-19 16:55:20.022 [restartedMain] INFO  o.s.w.s.a.s.AnnotationActionEndpointMapping - Supporting [WS-Addressing August 2004, WS-Addressing 1.0]
2026-09-19 16:55:20.545 [restartedMain] INFO  o.s.b.w.e.tomcat.TomcatWebServer - Tomcat initialized with port 8080 (http)
2026-09-19 16:55:20.557 [restartedMain] INFO  o.a.coyote.http11.Http11NioProtocol - Initializing ProtocolHandler ["http-nio-8080"]
2026-09-19 16:55:20.560 [restartedMain] INFO  o.a.catalina.core.StandardService - Starting service [Tomcat]
2026-09-19 16:55:20.561 [restartedMain] INFO  o.a.catalina.core.StandardEngine - Starting Servlet engine: [Apache Tomcat/10.1.20]
2026-09-19 16:55:20.616 [restartedMain] INFO  o.a.c.c.C.[Tomcat].[localhost].[/] - Initializing Spring embedded WebApplicationContext
2026-09-19 16:55:20.619 [restartedMain] INFO  o.s.b.w.s.c.ServletWebServerApplicationContext - Root WebApplicationContext: initialization completed in 2160 ms
2026-09-19 16:55:20.703 [restartedMain] DEBUG c.c.e.w.s.JwtAuthenticationFilter - Filter 'jwtAuthenticationFilter' configured for use
2026-09-19 16:55:20.847 [restartedMain] INFO  o.h.jpa.internal.util.LogHelper - HHH000204: Processing PersistenceUnitInfo [name: default]
2026-09-19 16:55:20.896 [restartedMain] INFO  org.hibernate.Version - HHH000412: Hibernate ORM core version 6.4.4.Final
2026-09-19 16:55:20.923 [restartedMain] INFO  o.h.c.i.RegionFactoryInitiator - HHH000026: Second-level cache disabled
2026-09-19 16:55:21.128 [restartedMain] INFO  o.s.o.j.p.SpringPersistenceUnitInfo - No LoadTimeWeaver setup: ignoring JPA class transformer
2026-09-19 16:55:21.161 [restartedMain] INFO  com.zaxxer.hikari.HikariDataSource - HikariPool-1 - Starting...
2026-09-19 16:55:21.308 [restartedMain] INFO  com.zaxxer.hikari.pool.HikariPool - HikariPool-1 - Added connection org.postgresql.jdbc.PgConnection@590091df
2026-09-19 16:55:21.310 [restartedMain] INFO  com.zaxxer.hikari.HikariDataSource - HikariPool-1 - Start completed.
2026-09-19 16:55:22.258 [restartedMain] INFO  o.h.e.t.j.p.i.JtaPlatformInitiator - HHH000489: No JTA platform available (set 'hibernate.transaction.jta.platform' to enable JTA platform integration)
2026-09-19 16:55:22.393 [restartedMain] INFO  o.s.o.j.LocalContainerEntityManagerFactoryBean - Initialized JPA EntityManagerFactory for persistence unit 'default'
2026-09-19 16:55:22.815 [restartedMain] INFO  o.s.d.j.r.query.QueryEnhancerFactory - Hibernate is in classpath; If applicable, HQL parser will be used.
2026-09-19 16:55:23.660 [restartedMain] WARN  o.s.b.a.o.j.JpaBaseConfiguration$JpaWebConfiguration - spring.jpa.open-in-view is enabled by default. Therefore, database queries may be performed during view rendering. Explicitly configure spring.jpa.open-in-view to disable this warning
2026-09-19 16:55:23.950 [restartedMain] INFO  o.s.s.web.DefaultSecurityFilterChain - Will secure any request with [org.springframework.security.web.session.DisableEncodeUrlFilter@47971024, org.springframework.security.web.context.request.async.WebAsyncManagerIntegrationFilter@9531996, org.springframework.security.web.context.SecurityContextHolderFilter@7a1e4232, org.springframework.security.web.header.HeaderWriterFilter@54106250, org.springframework.web.filter.CorsFilter@5c252aec, org.springframework.security.web.authentication.logout.LogoutFilter@5b03e501, com.crypto.exchange.web.security.JwtAuthenticationFilter@8ad1c4f, org.springframework.security.web.savedrequest.RequestCacheAwareFilter@58430f56, org.springframework.security.web.servletapi.SecurityContextHolderAwareRequestFilter@3ea4c743, org.springframework.security.web.authentication.AnonymousAuthenticationFilter@65996ab7, org.springframework.security.web.session.SessionManagementFilter@357feaf, org.springframework.security.web.access.ExceptionTranslationFilter@5bff5732, org.springframework.security.web.access.intercept.AuthorizationFilter@6c9443db]
2026-09-19 16:55:24.291 [restartedMain] INFO  o.s.b.d.a.OptionalLiveReloadServer - LiveReload server is running on port 35729
2026-09-19 16:55:24.306 [restartedMain] INFO  o.a.coyote.http11.Http11NioProtocol - Starting ProtocolHandler ["http-nio-8080"]
2026-09-19 16:55:24.321 [restartedMain] INFO  o.s.b.w.e.tomcat.TomcatWebServer - Tomcat started on port 8080 (http) with context path ''
2026-09-19 16:55:24.334 [restartedMain] INFO  c.c.exchange.ExchangeApplication - Started ExchangeApplication in 6.443 seconds (process running for 6.9)
2026-09-19 16:55:24.340 [scheduling-1] INFO  c.c.e.core.aspect.LoggingAspect - Enter: com.crypto.exchange.core.service.CryptoInitializerService.scheduledPriceUpdate() with argument(s) = []
2026-09-19 16:55:24.341 [scheduling-1] INFO  c.c.e.c.s.CryptoInitializerService - Starting crypto price synchronization...
2026-09-19 16:55:25.086 [scheduling-1] INFO  c.c.e.c.s.CryptoInitializerService - Success! Updated and mapped 8 cryptocurrencies with CoinLore IDs
2026-09-19 16:55:25.086 [scheduling-1] INFO  c.c.e.core.aspect.LoggingAspect - Exit: com.crypto.exchange.core.service.CryptoInitializerService.scheduledPriceUpdate() executed in 745 ms with result = null
2026-09-19 16:55:37.801 [SpringApplicationShutdownHook] INFO  o.s.o.j.LocalContainerEntityManagerFactoryBean - Closing JPA EntityManagerFactory for persistence unit 'default'
2026-09-19 16:55:37.805 [SpringApplicationShutdownHook] INFO  com.zaxxer.hikari.HikariDataSource - HikariPool-1 - Shutdown initiated...
2026-09-19 16:55:37.808 [SpringApplicationShutdownHook] INFO  com.zaxxer.hikari.HikariDataSource - HikariPool-1 - Shutdown completed.
2026-09-19 16:56:17.781 [main] INFO  c.c.e.w.c.TransactionControllerIntegrationTest - Starting TransactionControllerIntegrationTest using Java 23.0.2 with PID 22884 (started by AxlLN in E:\exchange\CryptoExchange)
2026-09-19 16:56:17.782 [main] DEBUG c.c.e.w.c.TransactionControllerIntegrationTest - Running with Spring Boot v3.2.5, Spring v6.1.6
2026-09-19 16:56:17.782 [main] INFO  c.c.e.w.c.TransactionControllerIntegrationTest - No active profile set, falling back to 1 default profile: "default"
2026-09-19 16:56:19.979 [main] INFO  o.s.s.web.DefaultSecurityFilterChain - Will secure any request with [org.springframework.security.web.session.DisableEncodeUrlFilter@57f83c82, org.springframework.security.web.context.request.async.WebAsyncManagerIntegrationFilter@7a600e21, org.springframework.security.web.context.SecurityContextHolderFilter@7b0dfa91, org.springframework.security.web.header.HeaderWriterFilter@131c5bd, org.springframework.web.filter.CorsFilter@69d1ad64, org.springframework.security.web.authentication.logout.LogoutFilter@af96ac9, com.crypto.exchange.web.security.JwtAuthenticationFilter@2e64ae1a, org.springframework.security.web.savedrequest.RequestCacheAwareFilter@3321fb65, org.springframework.security.web.servletapi.SecurityContextHolderAwareRequestFilter@7272914b, org.springframework.security.web.authentication.AnonymousAuthenticationFilter@458b4487, org.springframework.security.web.session.SessionManagementFilter@2627335c, org.springframework.security.web.access.ExceptionTranslationFilter@688efeb2, org.springframework.security.web.access.intercept.AuthorizationFilter@2696b687]
2026-09-19 16:56:20.198 [main] DEBUG c.c.e.w.s.JwtAuthenticationFilter - Filter 'jwtAuthenticationFilter' configured for use
2026-09-19 16:56:20.199 [main] INFO  o.s.b.t.m.w.SpringBootMockServletContext - Initializing Spring TestDispatcherServlet ''
2026-09-19 16:56:20.199 [main] INFO  o.s.t.w.s.TestDispatcherServlet - Initializing Servlet ''
2026-09-19 16:56:20.199 [main] INFO  o.s.t.w.s.TestDispatcherServlet - Completed initialization in 0 ms
2026-09-19 16:56:20.231 [main] INFO  c.c.e.w.c.TransactionControllerIntegrationTest - Started TransactionControllerIntegrationTest in 2.768 seconds (process running for 4.989)
2026-09-19 16:56:20.387 [main] INFO  o.s.t.c.s.AnnotationConfigContextLoaderUtils - Could not detect default configuration classes for test class [com.crypto.exchange.web.security.SecurityConfigIntegrationTest]: SecurityConfigIntegrationTest does not declare any static, non-private, non-final, nested classes annotated with @Configuration.
2026-09-19 16:56:20.408 [main] INFO  o.s.b.t.c.SpringBootTestContextBootstrapper - Found @SpringBootConfiguration com.crypto.exchange.ExchangeApplication for test class com.crypto.exchange.web.security.SecurityConfigIntegrationTest
2026-09-19 16:56:20.419 [main] INFO  o.s.b.d.r.RestartApplicationListener - Restart disabled due to context in which it is running
2026-09-19 16:56:20.485 [main] INFO  c.c.e.w.s.SecurityConfigIntegrationTest - Starting SecurityConfigIntegrationTest using Java 23.0.2 with PID 22884 (started by AxlLN in E:\exchange\CryptoExchange)
2026-09-19 16:56:20.485 [main] DEBUG c.c.e.w.s.SecurityConfigIntegrationTest - Running with Spring Boot v3.2.5, Spring v6.1.6
2026-09-19 16:56:20.485 [main] INFO  c.c.e.w.s.SecurityConfigIntegrationTest - The following 1 profile is active: "test"
2026-09-19 16:56:21.007 [main] INFO  o.s.d.r.c.RepositoryConfigurationDelegate - Bootstrapping Spring Data JPA repositories in DEFAULT mode.
2026-09-19 16:56:21.080 [main] INFO  o.s.d.r.c.RepositoryConfigurationDelegate - Finished Spring Data repository scanning in 62 ms. Found 6 JPA repository interfaces.
2026-09-19 16:56:21.325 [main] WARN  o.s.c.s.PostProcessorRegistrationDelegate$BeanPostProcessorChecker - Bean 'org.springframework.ws.config.annotation.DelegatingWsConfiguration' of type [org.springframework.ws.config.annotation.DelegatingWsConfiguration$$SpringCGLIB$$0] is not eligible for getting processed by all BeanPostProcessors (for example: not eligible for auto-proxying). The currently created BeanPostProcessor [annotationActionEndpointMapping] is declared through a non-static factory method on that class; consider declaring it as static instead.
2026-09-19 16:56:21.353 [main] INFO  o.s.w.s.a.s.AnnotationActionEndpointMapping - Supporting [WS-Addressing August 2004, WS-Addressing 1.0]
2026-09-19 16:56:21.616 [main] INFO  o.h.jpa.internal.util.LogHelper - HHH000204: Processing PersistenceUnitInfo [name: default]
2026-09-19 16:56:21.682 [main] INFO  org.hibernate.Version - HHH000412: Hibernate ORM core version 6.4.4.Final
2026-09-19 16:56:21.709 [main] INFO  o.h.c.i.RegionFactoryInitiator - HHH000026: Second-level cache disabled
2026-09-19 16:56:21.811 [main] INFO  o.s.o.j.p.SpringPersistenceUnitInfo - No LoadTimeWeaver setup: ignoring JPA class transformer
2026-09-19 16:56:21.841 [main] INFO  com.zaxxer.hikari.HikariDataSource - HikariPool-1 - Starting...
2026-09-19 16:56:22.052 [main] INFO  com.zaxxer.hikari.pool.HikariPool - HikariPool-1 - Added connection conn0: url=jdbc:h2:mem:testdb user=SA
2026-09-19 16:56:22.053 [main] INFO  com.zaxxer.hikari.HikariDataSource - HikariPool-1 - Start completed.
2026-09-19 16:56:22.077 [main] WARN  org.hibernate.orm.deprecation - HHH90000025: H2Dialect does not need to be specified explicitly using 'hibernate.dialect' (remove the property setting and it will be selected by default)
2026-09-19 16:56:22.956 [main] INFO  o.h.e.t.j.p.i.JtaPlatformInitiator - HHH000489: No JTA platform available (set 'hibernate.transaction.jta.platform' to enable JTA platform integration)
2026-09-19 16:56:23.027 [main] INFO  o.s.o.j.LocalContainerEntityManagerFactoryBean - Initialized JPA EntityManagerFactory for persistence unit 'default'
2026-09-19 16:56:23.387 [main] INFO  o.s.d.j.r.query.QueryEnhancerFactory - Hibernate is in classpath; If applicable, HQL parser will be used.
2026-09-19 16:56:24.277 [main] WARN  o.s.b.a.o.j.JpaBaseConfiguration$JpaWebConfiguration - spring.jpa.open-in-view is enabled by default. Therefore, database queries may be performed during view rendering. Explicitly configure spring.jpa.open-in-view to disable this warning
2026-09-19 16:56:24.404 [main] INFO  o.s.s.web.DefaultSecurityFilterChain - Will secure any request with [org.springframework.security.web.session.DisableEncodeUrlFilter@18690d13, org.springframework.security.web.context.request.async.WebAsyncManagerIntegrationFilter@79dd676f, org.springframework.security.web.context.SecurityContextHolderFilter@2cf97fb4, org.springframework.security.web.header.HeaderWriterFilter@236e2729, org.springframework.web.filter.CorsFilter@22395d00, org.springframework.security.web.authentication.logout.LogoutFilter@7bf344dd, com.crypto.exchange.web.security.JwtAuthenticationFilter@7f8d4ff4, org.springframework.security.web.savedrequest.RequestCacheAwareFilter@4f940c29, org.springframework.security.web.servletapi.SecurityContextHolderAwareRequestFilter@1d113d9d, org.springframework.security.web.authentication.AnonymousAuthenticationFilter@243f5144, org.springframework.security.web.session.SessionManagementFilter@e51fa39, org.springframework.security.web.access.ExceptionTranslationFilter@e4da87a, org.springframework.security.web.access.intercept.AuthorizationFilter@c01b]
2026-09-19 16:56:24.691 [main] DEBUG c.c.e.w.s.JwtAuthenticationFilter - Filter 'jwtAuthenticationFilter' configured for use
2026-09-19 16:56:24.692 [main] INFO  o.s.b.t.m.w.SpringBootMockServletContext - Initializing Spring TestDispatcherServlet ''
2026-09-19 16:56:24.692 [main] INFO  o.s.t.w.s.TestDispatcherServlet - Initializing Servlet ''
2026-09-19 16:56:24.693 [main] INFO  o.s.t.w.s.TestDispatcherServlet - Completed initialization in 1 ms
2026-09-19 16:56:24.709 [main] INFO  c.c.e.w.s.SecurityConfigIntegrationTest - Started SecurityConfigIntegrationTest in 4.289 seconds (process running for 9.467)
2026-09-19 16:56:24.718 [scheduling-1] INFO  c.c.e.core.aspect.LoggingAspect - Enter: com.crypto.exchange.core.service.CryptoInitializerService.scheduledPriceUpdate() with argument(s) = []
2026-09-19 16:56:24.718 [scheduling-1] INFO  c.c.e.c.s.CryptoInitializerService - Starting crypto price synchronization...
2026-09-19 16:56:25.000 [main] WARN  c.c.e.c.s.CryptoInitializerService - No matching cryptocurrency symbols found in API response.
2026-09-19 16:56:25.012 [main] INFO  c.c.e.c.s.CryptoInitializerService - Success! Updated and mapped 1 cryptocurrencies with CoinLore IDs
2026-09-19 16:56:25.023 [main] INFO  o.s.t.c.s.AnnotationConfigContextLoaderUtils - Could not detect default configuration classes for test class [com.crypto.exchange.web.controller.TransferControllerIntegrationTest]: TransferControllerIntegrationTest does not declare any static, non-private, non-final, nested classes annotated with @Configuration.
2026-09-19 16:56:25.029 [main] INFO  o.s.b.t.c.SpringBootTestContextBootstrapper - Found @SpringBootConfiguration com.crypto.exchange.ExchangeApplication for test class com.crypto.exchange.web.controller.TransferControllerIntegrationTest
2026-09-19 16:56:25.034 [main] INFO  o.s.b.d.r.RestartApplicationListener - Restart disabled due to context in which it is running
2026-09-19 16:56:25.064 [main] INFO  c.c.e.w.c.TransferControllerIntegrationTest - Starting TransferControllerIntegrationTest using Java 23.0.2 with PID 22884 (started by AxlLN in E:\exchange\CryptoExchange)
2026-09-19 16:56:25.064 [main] DEBUG c.c.e.w.c.TransferControllerIntegrationTest - Running with Spring Boot v3.2.5, Spring v6.1.6
2026-09-19 16:56:25.064 [main] INFO  c.c.e.w.c.TransferControllerIntegrationTest - No active profile set, falling back to 1 default profile: "default"
2026-09-19 16:56:25.393 [main] INFO  o.s.s.web.DefaultSecurityFilterChain - Will secure any request with [org.springframework.security.web.session.DisableEncodeUrlFilter@31d2de28, org.springframework.security.web.context.request.async.WebAsyncManagerIntegrationFilter@5f87417a, org.springframework.security.web.context.SecurityContextHolderFilter@528a828c, org.springframework.security.web.header.HeaderWriterFilter@7affa3fb, org.springframework.web.filter.CorsFilter@d55b14b, org.springframework.security.web.authentication.logout.LogoutFilter@21a9e25a, com.crypto.exchange.web.security.JwtAuthenticationFilter@779ca85f, org.springframework.security.web.savedrequest.RequestCacheAwareFilter@375527e2, org.springframework.security.web.servletapi.SecurityContextHolderAwareRequestFilter@3032aa88, org.springframework.security.web.authentication.AnonymousAuthenticationFilter@662107ea, org.springframework.security.web.session.SessionManagementFilter@903d2ee, org.springframework.security.web.access.ExceptionTranslationFilter@7b13d53a, org.springframework.security.web.access.intercept.AuthorizationFilter@1a1e3023]
2026-09-19 16:56:25.457 [main] DEBUG c.c.e.w.s.JwtAuthenticationFilter - Filter 'jwtAuthenticationFilter' configured for use
2026-09-19 16:56:25.457 [main] INFO  o.s.b.t.m.w.SpringBootMockServletContext - Initializing Spring TestDispatcherServlet ''
2026-09-19 16:56:25.457 [main] INFO  o.s.t.w.s.TestDispatcherServlet - Initializing Servlet ''
2026-09-19 16:56:25.458 [main] INFO  o.s.t.w.s.TestDispatcherServlet - Completed initialization in 1 ms
2026-09-19 16:56:25.465 [main] INFO  c.c.e.w.c.TransferControllerIntegrationTest - Started TransferControllerIntegrationTest in 0.433 seconds (process running for 10.223)
2026-09-19 16:56:25.552 [main] WARN  c.c.e.c.e.GlobalExceptionHandler - Validation failed: recipientAddress: Укажите адрес кошелька получателя; fromWalletId: Укажите ID кошелька списания; cryptoExternalId: Укажите external_id криптовалюты (например, bitcoin, ethereum); amount: Сумма должна быть больше 0; 
2026-09-19 16:56:25.965 [scheduling-1] INFO  c.c.e.c.s.CryptoInitializerService - Success! Updated and mapped 8 cryptocurrencies with CoinLore IDs
2026-09-19 16:56:25.965 [scheduling-1] INFO  c.c.e.core.aspect.LoggingAspect - Exit: com.crypto.exchange.core.service.CryptoInitializerService.scheduledPriceUpdate() executed in 1247 ms with result = null
2026-09-19 16:56:26.149 [main] WARN  c.c.e.c.n.EmailNotificationListener - Пропуск отправки письма: email не указан для транзакции #1
2026-09-19 16:56:26.149 [main] WARN  c.c.e.c.n.EmailNotificationListener - Пропуск отправки письма: email не указан для транзакции #1
2026-09-19 16:56:26.182 [main] INFO  c.c.e.c.n.EmailNotificationListener - Квитанция отправлена на test@example.com по транзакции #1
2026-09-19 16:56:26.197 [main] ERROR c.c.e.c.n.EmailNotificationListener - Ошибка при отправке письма для транзакции #1
java.lang.RuntimeException: SMTP server error
	at org.springframework.mail.javamail.JavaMailSender.send(JavaMailSender.java:101)
	at com.crypto.exchange.core.notification.EmailNotificationListener.handleTransactionCompleted(EmailNotificationListener.java:44)
	at com.crypto.exchange.core.notification.EmailNotificationListenerTest.handleTransactionCompleted_shouldCatchExceptionAndNotThrow(EmailNotificationListenerTest.java:110)
	at java.base/jdk.internal.reflect.DirectMethodHandleAccessor.invoke(DirectMethodHandleAccessor.java:103)
	at java.base/java.lang.reflect.Method.invoke(Method.java:580)
	at org.junit.platform.commons.util.ReflectionUtils.invokeMethod(ReflectionUtils.java:728)
	at org.junit.jupiter.engine.execution.MethodInvocation.proceed(MethodInvocation.java:60)
	at org.junit.jupiter.engine.execution.InvocationInterceptorChain$ValidatingInvocation.proceed(InvocationInterceptorChain.java:131)
	at org.junit.jupiter.engine.extension.TimeoutExtension.intercept(TimeoutExtension.java:156)
	at org.junit.jupiter.engine.extension.TimeoutExtension.interceptTestableMethod(TimeoutExtension.java:147)
	at org.junit.jupiter.engine.extension.TimeoutExtension.interceptTestMethod(TimeoutExtension.java:86)
	at org.junit.jupiter.engine.execution.InterceptingExecutableInvoker$ReflectiveInterceptorCall.lambda$ofVoidMethod$0(InterceptingExecutableInvoker.java:103)
	at org.junit.jupiter.engine.execution.InterceptingExecutableInvoker.lambda$invoke$0(InterceptingExecutableInvoker.java:93)
	at org.junit.jupiter.engine.execution.InvocationInterceptorChain$InterceptedInvocation.proceed(InvocationInterceptorChain.java:106)
	at org.junit.jupiter.engine.execution.InvocationInterceptorChain.proceed(InvocationInterceptorChain.java:64)
	at org.junit.jupiter.engine.execution.InvocationInterceptorChain.chainAndInvoke(InvocationInterceptorChain.java:45)
	at org.junit.jupiter.engine.execution.InvocationInterceptorChain.invoke(InvocationInterceptorChain.java:37)
	at org.junit.jupiter.engine.execution.InterceptingExecutableInvoker.invoke(InterceptingExecutableInvoker.java:92)
	at org.junit.jupiter.engine.execution.InterceptingExecutableInvoker.invoke(InterceptingExecutableInvoker.java:86)
	at org.junit.jupiter.engine.descriptor.TestMethodTestDescriptor.lambda$invokeTestMethod$7(TestMethodTestDescriptor.java:218)
	at org.junit.platform.engine.support.hierarchical.ThrowableCollector.execute(ThrowableCollector.java:73)
	at org.junit.jupiter.engine.descriptor.TestMethodTestDescriptor.invokeTestMethod(TestMethodTestDescriptor.java:214)
	at org.junit.jupiter.engine.descriptor.TestMethodTestDescriptor.execute(TestMethodTestDescriptor.java:139)
	at org.junit.jupiter.engine.descriptor.TestMethodTestDescriptor.execute(TestMethodTestDescriptor.java:69)
	at org.junit.platform.engine.support.hierarchical.NodeTestTask.lambda$executeRecursively$6(NodeTestTask.java:151)
	at org.junit.platform.engine.support.hierarchical.ThrowableCollector.execute(ThrowableCollector.java:73)
	at org.junit.platform.engine.support.hierarchical.NodeTestTask.lambda$executeRecursively$8(NodeTestTask.java:141)
	at org.junit.platform.engine.support.hierarchical.Node.around(Node.java:137)
	at org.junit.platform.engine.support.hierarchical.NodeTestTask.lambda$executeRecursively$9(NodeTestTask.java:139)
	at org.junit.platform.engine.support.hierarchical.ThrowableCollector.execute(ThrowableCollector.java:73)
	at org.junit.platform.engine.support.hierarchical.NodeTestTask.executeRecursively(NodeTestTask.java:138)
	at org.junit.platform.engine.support.hierarchical.NodeTestTask.execute(NodeTestTask.java:95)
	at java.base/java.util.ArrayList.forEach(ArrayList.java:1597)
	at org.junit.platform.engine.support.hierarchical.SameThreadHierarchicalTestExecutorService.invokeAll(SameThreadHierarchicalTestExecutorService.java:41)
	at org.junit.platform.engine.support.hierarchical.NodeTestTask.lambda$executeRecursively$6(NodeTestTask.java:155)
	at org.junit.platform.engine.support.hierarchical.ThrowableCollector.execute(ThrowableCollector.java:73)
	at org.junit.platform.engine.support.hierarchical.NodeTestTask.lambda$executeRecursively$8(NodeTestTask.java:141)
	at org.junit.platform.engine.support.hierarchical.Node.around(Node.java:137)
	at org.junit.platform.engine.support.hierarchical.NodeTestTask.lambda$executeRecursively$9(NodeTestTask.java:139)
	at org.junit.platform.engine.support.hierarchical.ThrowableCollector.execute(ThrowableCollector.java:73)
	at org.junit.platform.engine.support.hierarchical.NodeTestTask.executeRecursively(NodeTestTask.java:138)
	at org.junit.platform.engine.support.hierarchical.NodeTestTask.execute(NodeTestTask.java:95)
	at java.base/java.util.ArrayList.forEach(ArrayList.java:1597)
	at org.junit.platform.engine.support.hierarchical.SameThreadHierarchicalTestExecutorService.invokeAll(SameThreadHierarchicalTestExecutorService.java:41)
	at org.junit.platform.engine.support.hierarchical.NodeTestTask.lambda$executeRecursively$6(NodeTestTask.java:155)
	at org.junit.platform.engine.support.hierarchical.ThrowableCollector.execute(ThrowableCollector.java:73)
	at org.junit.platform.engine.support.hierarchical.NodeTestTask.lambda$executeRecursively$8(NodeTestTask.java:141)
	at org.junit.platform.engine.support.hierarchical.Node.around(Node.java:137)
	at org.junit.platform.engine.support.hierarchical.NodeTestTask.lambda$executeRecursively$9(NodeTestTask.java:139)
	at org.junit.platform.engine.support.hierarchical.ThrowableCollector.execute(ThrowableCollector.java:73)
	at org.junit.platform.engine.support.hierarchical.NodeTestTask.executeRecursively(NodeTestTask.java:138)
	at org.junit.platform.engine.support.hierarchical.NodeTestTask.execute(NodeTestTask.java:95)
	at org.junit.platform.engine.support.hierarchical.SameThreadHierarchicalTestExecutorService.submit(SameThreadHierarchicalTestExecutorService.java:35)
	at org.junit.platform.engine.support.hierarchical.HierarchicalTestExecutor.execute(HierarchicalTestExecutor.java:57)
	at org.junit.platform.engine.support.hierarchical.HierarchicalTestEngine.execute(HierarchicalTestEngine.java:54)
	at org.junit.platform.launcher.core.EngineExecutionOrchestrator.execute(EngineExecutionOrchestrator.java:198)
	at org.junit.platform.launcher.core.EngineExecutionOrchestrator.execute(EngineExecutionOrchestrator.java:169)
	at org.junit.platform.launcher.core.EngineExecutionOrchestrator.execute(EngineExecutionOrchestrator.java:93)
	at org.junit.platform.launcher.core.EngineExecutionOrchestrator.lambda$execute$0(EngineExecutionOrchestrator.java:58)
	at org.junit.platform.launcher.core.EngineExecutionOrchestrator.withInterceptedStreams(EngineExecutionOrchestrator.java:141)
	at org.junit.platform.launcher.core.EngineExecutionOrchestrator.execute(EngineExecutionOrchestrator.java:57)
	at org.junit.platform.launcher.core.DefaultLauncher.execute(DefaultLauncher.java:103)
	at org.junit.platform.launcher.core.DefaultLauncher.execute(DefaultLauncher.java:85)
	at org.junit.platform.launcher.core.DelegatingLauncher.execute(DelegatingLauncher.java:47)
	at org.junit.platform.launcher.core.SessionPerRequestLauncher.execute(SessionPerRequestLauncher.java:63)
	at com.intellij.junit5.JUnit5IdeaTestRunner.startRunnerWithArgs(JUnit5IdeaTestRunner.java:66)
	at com.intellij.rt.junit.IdeaTestRunner$Repeater$1.execute(IdeaTestRunner.java:38)
	at com.intellij.rt.execution.junit.TestsRepeater.repeat(TestsRepeater.java:11)
	at com.intellij.rt.junit.IdeaTestRunner$Repeater.startRunnerWithArgs(IdeaTestRunner.java:35)
	at com.intellij.rt.junit.JUnitStarter.prepareStreamsAndStart(JUnitStarter.java:237)
	at com.intellij.rt.junit.JUnitStarter.main(JUnitStarter.java:58)
2026-09-19 16:56:26.259 [main] INFO  o.s.t.c.s.AnnotationConfigContextLoaderUtils - Could not detect default configuration classes for test class [com.crypto.exchange.web.controller.CryptoCurrencyControllerIntegrationTest]: CryptoCurrencyControllerIntegrationTest does not declare any static, non-private, non-final, nested classes annotated with @Configuration.
2026-09-19 16:56:26.266 [main] INFO  o.s.b.t.c.SpringBootTestContextBootstrapper - Found @SpringBootConfiguration com.crypto.exchange.ExchangeApplication for test class com.crypto.exchange.web.controller.CryptoCurrencyControllerIntegrationTest
2026-09-19 16:56:26.270 [main] INFO  o.s.b.d.r.RestartApplicationListener - Restart disabled due to context in which it is running
2026-09-19 16:56:26.288 [main] INFO  c.c.e.w.c.CryptoCurrencyControllerIntegrationTest - Starting CryptoCurrencyControllerIntegrationTest using Java 23.0.2 with PID 22884 (started by AxlLN in E:\exchange\CryptoExchange)
2026-09-19 16:56:26.288 [main] DEBUG c.c.e.w.c.CryptoCurrencyControllerIntegrationTest - Running with Spring Boot v3.2.5, Spring v6.1.6
2026-09-19 16:56:26.288 [main] INFO  c.c.e.w.c.CryptoCurrencyControllerIntegrationTest - No active profile set, falling back to 1 default profile: "default"
2026-09-19 16:56:26.626 [main] INFO  o.s.s.web.DefaultSecurityFilterChain - Will secure any request with [org.springframework.security.web.session.DisableEncodeUrlFilter@445df038, org.springframework.security.web.context.request.async.WebAsyncManagerIntegrationFilter@6612d9aa, org.springframework.security.web.context.SecurityContextHolderFilter@3d9e6e12, org.springframework.security.web.header.HeaderWriterFilter@104f120c, org.springframework.web.filter.CorsFilter@4a689c76, org.springframework.security.web.authentication.logout.LogoutFilter@7d4bf4c5, com.crypto.exchange.web.security.JwtAuthenticationFilter@1aebab12, org.springframework.security.web.savedrequest.RequestCacheAwareFilter@aa1f0b5, org.springframework.security.web.servletapi.SecurityContextHolderAwareRequestFilter@62965c9f, org.springframework.security.web.authentication.AnonymousAuthenticationFilter@203fde6a, org.springframework.security.web.session.SessionManagementFilter@349cb607, org.springframework.security.web.access.ExceptionTranslationFilter@12c4b985, org.springframework.security.web.access.intercept.AuthorizationFilter@28485eb7]
2026-09-19 16:56:26.680 [main] DEBUG c.c.e.w.s.JwtAuthenticationFilter - Filter 'jwtAuthenticationFilter' configured for use
2026-09-19 16:56:26.680 [main] INFO  o.s.b.t.m.w.SpringBootMockServletContext - Initializing Spring TestDispatcherServlet ''
2026-09-19 16:56:26.680 [main] INFO  o.s.t.w.s.TestDispatcherServlet - Initializing Servlet ''
2026-09-19 16:56:26.681 [main] INFO  o.s.t.w.s.TestDispatcherServlet - Completed initialization in 1 ms
2026-09-19 16:56:26.687 [main] INFO  c.c.e.w.c.CryptoCurrencyControllerIntegrationTest - Started CryptoCurrencyControllerIntegrationTest in 0.417 seconds (process running for 11.444)
2026-09-19 16:56:26.964 [main] INFO  o.s.t.c.s.AnnotationConfigContextLoaderUtils - Could not detect default configuration classes for test class [com.crypto.exchange.web.controller.WalletControllerIntegrationTest]: WalletControllerIntegrationTest does not declare any static, non-private, non-final, nested classes annotated with @Configuration.
2026-09-19 16:56:26.969 [main] INFO  o.s.b.t.c.SpringBootTestContextBootstrapper - Found @SpringBootConfiguration com.crypto.exchange.ExchangeApplication for test class com.crypto.exchange.web.controller.WalletControllerIntegrationTest
2026-09-19 16:56:26.971 [main] INFO  o.s.b.d.r.RestartApplicationListener - Restart disabled due to context in which it is running
2026-09-19 16:56:26.987 [main] INFO  c.c.e.w.c.WalletControllerIntegrationTest - Starting WalletControllerIntegrationTest using Java 23.0.2 with PID 22884 (started by AxlLN in E:\exchange\CryptoExchange)
2026-09-19 16:56:26.988 [main] DEBUG c.c.e.w.c.WalletControllerIntegrationTest - Running with Spring Boot v3.2.5, Spring v6.1.6
2026-09-19 16:56:26.988 [main] INFO  c.c.e.w.c.WalletControllerIntegrationTest - No active profile set, falling back to 1 default profile: "default"
2026-09-19 16:56:27.238 [main] INFO  o.s.s.web.DefaultSecurityFilterChain - Will secure any request with [org.springframework.security.web.session.DisableEncodeUrlFilter@167046f2, org.springframework.security.web.context.request.async.WebAsyncManagerIntegrationFilter@2ef2a62a, org.springframework.security.web.context.SecurityContextHolderFilter@6047fd63, org.springframework.security.web.header.HeaderWriterFilter@45c1455, org.springframework.web.filter.CorsFilter@2f506649, org.springframework.security.web.authentication.logout.LogoutFilter@5d7ca8ce, com.crypto.exchange.web.security.JwtAuthenticationFilter@356824fb, org.springframework.security.web.savedrequest.RequestCacheAwareFilter@4d17097b, org.springframework.security.web.servletapi.SecurityContextHolderAwareRequestFilter@298d4230, org.springframework.security.web.authentication.AnonymousAuthenticationFilter@17cb2dfd, org.springframework.security.web.session.SessionManagementFilter@2152797, org.springframework.security.web.access.ExceptionTranslationFilter@4153d05, org.springframework.security.web.access.intercept.AuthorizationFilter@6b0a6523]
2026-09-19 16:56:27.283 [main] DEBUG c.c.e.w.s.JwtAuthenticationFilter - Filter 'jwtAuthenticationFilter' configured for use
2026-09-19 16:56:27.283 [main] INFO  o.s.b.t.m.w.SpringBootMockServletContext - Initializing Spring TestDispatcherServlet ''
2026-09-19 16:56:27.283 [main] INFO  o.s.t.w.s.TestDispatcherServlet - Initializing Servlet ''
2026-09-19 16:56:27.283 [main] INFO  o.s.t.w.s.TestDispatcherServlet - Completed initialization in 0 ms
2026-09-19 16:56:27.288 [main] INFO  c.c.e.w.c.WalletControllerIntegrationTest - Started WalletControllerIntegrationTest in 0.317 seconds (process running for 12.046)
2026-09-19 16:56:27.379 [main] INFO  o.s.t.c.s.AnnotationConfigContextLoaderUtils - Could not detect default configuration classes for test class [com.crypto.exchange.web.controller.UserControllerIntegrationTest]: UserControllerIntegrationTest does not declare any static, non-private, non-final, nested classes annotated with @Configuration.
2026-09-19 16:56:27.382 [main] INFO  o.s.b.t.c.SpringBootTestContextBootstrapper - Found @SpringBootConfiguration com.crypto.exchange.ExchangeApplication for test class com.crypto.exchange.web.controller.UserControllerIntegrationTest
2026-09-19 16:56:27.385 [main] INFO  o.s.b.d.r.RestartApplicationListener - Restart disabled due to context in which it is running
2026-09-19 16:56:27.397 [main] INFO  c.c.e.w.c.UserControllerIntegrationTest - Starting UserControllerIntegrationTest using Java 23.0.2 with PID 22884 (started by AxlLN in E:\exchange\CryptoExchange)
2026-09-19 16:56:27.397 [main] DEBUG c.c.e.w.c.UserControllerIntegrationTest - Running with Spring Boot v3.2.5, Spring v6.1.6
2026-09-19 16:56:27.398 [main] INFO  c.c.e.w.c.UserControllerIntegrationTest - No active profile set, falling back to 1 default profile: "default"
2026-09-19 16:56:27.663 [main] INFO  o.s.s.web.DefaultSecurityFilterChain - Will secure any request with [org.springframework.security.web.session.DisableEncodeUrlFilter@608e7e46, org.springframework.security.web.context.request.async.WebAsyncManagerIntegrationFilter@487ce7c7, org.springframework.security.web.context.SecurityContextHolderFilter@7385c2f0, org.springframework.security.web.header.HeaderWriterFilter@313d8bf, org.springframework.web.filter.CorsFilter@6f8922c0, org.springframework.security.web.authentication.logout.LogoutFilter@29e0375f, com.crypto.exchange.web.security.JwtAuthenticationFilter@6335a939, org.springframework.security.web.savedrequest.RequestCacheAwareFilter@3c546124, org.springframework.security.web.servletapi.SecurityContextHolderAwareRequestFilter@219f9031, org.springframework.security.web.authentication.AnonymousAuthenticationFilter@d7d4fbc, org.springframework.security.web.session.SessionManagementFilter@65a61862, org.springframework.security.web.access.ExceptionTranslationFilter@5bc28b97, org.springframework.security.web.access.intercept.AuthorizationFilter@6be13eeb]
2026-09-19 16:56:27.717 [main] DEBUG c.c.e.w.s.JwtAuthenticationFilter - Filter 'jwtAuthenticationFilter' configured for use
2026-09-19 16:56:27.717 [main] INFO  o.s.b.t.m.w.SpringBootMockServletContext - Initializing Spring TestDispatcherServlet ''
2026-09-19 16:56:27.717 [main] INFO  o.s.t.w.s.TestDispatcherServlet - Initializing Servlet ''
2026-09-19 16:56:27.717 [main] INFO  o.s.t.w.s.TestDispatcherServlet - Completed initialization in 0 ms
2026-09-19 16:56:27.728 [main] INFO  c.c.e.w.c.UserControllerIntegrationTest - Started UserControllerIntegrationTest in 0.342 seconds (process running for 12.485)
2026-09-19 16:56:27.762 [main] INFO  o.s.t.c.s.AnnotationConfigContextLoaderUtils - Could not detect default configuration classes for test class [com.crypto.exchange.ExchangeApplicationTests]: ExchangeApplicationTests does not declare any static, non-private, non-final, nested classes annotated with @Configuration.
2026-09-19 16:56:27.770 [main] INFO  o.s.b.t.c.SpringBootTestContextBootstrapper - Found @SpringBootConfiguration com.crypto.exchange.ExchangeApplication for test class com.crypto.exchange.ExchangeApplicationTests
2026-09-19 16:56:27.772 [main] INFO  o.s.b.d.r.RestartApplicationListener - Restart disabled due to context in which it is running
2026-09-19 16:56:27.789 [main] INFO  c.c.e.ExchangeApplicationTests - Starting ExchangeApplicationTests using Java 23.0.2 with PID 22884 (started by AxlLN in E:\exchange\CryptoExchange)
2026-09-19 16:56:27.789 [main] DEBUG c.c.e.ExchangeApplicationTests - Running with Spring Boot v3.2.5, Spring v6.1.6
2026-09-19 16:56:27.789 [main] INFO  c.c.e.ExchangeApplicationTests - The following 1 profile is active: "test"
2026-09-19 16:56:27.939 [main] INFO  o.s.d.r.c.RepositoryConfigurationDelegate - Bootstrapping Spring Data JPA repositories in DEFAULT mode.
2026-09-19 16:56:27.957 [main] INFO  o.s.d.r.c.RepositoryConfigurationDelegate - Finished Spring Data repository scanning in 18 ms. Found 6 JPA repository interfaces.
2026-09-19 16:56:28.004 [main] WARN  o.s.c.s.PostProcessorRegistrationDelegate$BeanPostProcessorChecker - Bean 'org.springframework.ws.config.annotation.DelegatingWsConfiguration' of type [org.springframework.ws.config.annotation.DelegatingWsConfiguration$$SpringCGLIB$$0] is not eligible for getting processed by all BeanPostProcessors (for example: not eligible for auto-proxying). The currently created BeanPostProcessor [annotationActionEndpointMapping] is declared through a non-static factory method on that class; consider declaring it as static instead.
2026-09-19 16:56:28.006 [main] INFO  o.s.w.s.a.s.AnnotationActionEndpointMapping - Supporting [WS-Addressing August 2004, WS-Addressing 1.0]
2026-09-19 16:56:28.064 [main] INFO  o.h.jpa.internal.util.LogHelper - HHH000204: Processing PersistenceUnitInfo [name: default]
2026-09-19 16:56:28.066 [main] INFO  o.h.c.i.RegionFactoryInitiator - HHH000026: Second-level cache disabled
2026-09-19 16:56:28.072 [main] INFO  o.s.o.j.p.SpringPersistenceUnitInfo - No LoadTimeWeaver setup: ignoring JPA class transformer
2026-09-19 16:56:28.073 [main] INFO  com.zaxxer.hikari.HikariDataSource - HikariPool-2 - Starting...
2026-09-19 16:56:28.074 [main] INFO  com.zaxxer.hikari.pool.HikariPool - HikariPool-2 - Added connection conn10: url=jdbc:h2:mem:testdb user=SA
2026-09-19 16:56:28.074 [main] INFO  com.zaxxer.hikari.HikariDataSource - HikariPool-2 - Start completed.
2026-09-19 16:56:28.075 [main] WARN  org.hibernate.orm.deprecation - HHH90000025: H2Dialect does not need to be specified explicitly using 'hibernate.dialect' (remove the property setting and it will be selected by default)
2026-09-19 16:56:28.199 [main] INFO  o.h.e.t.j.p.i.JtaPlatformInitiator - HHH000489: No JTA platform available (set 'hibernate.transaction.jta.platform' to enable JTA platform integration)
2026-09-19 16:56:28.227 [main] INFO  o.s.o.j.LocalContainerEntityManagerFactoryBean - Initialized JPA EntityManagerFactory for persistence unit 'default'
2026-09-19 16:56:28.409 [main] WARN  o.s.b.a.o.j.JpaBaseConfiguration$JpaWebConfiguration - spring.jpa.open-in-view is enabled by default. Therefore, database queries may be performed during view rendering. Explicitly configure spring.jpa.open-in-view to disable this warning
2026-09-19 16:56:28.491 [main] INFO  o.s.s.web.DefaultSecurityFilterChain - Will secure any request with [org.springframework.security.web.session.DisableEncodeUrlFilter@19dd4e94, org.springframework.security.web.context.request.async.WebAsyncManagerIntegrationFilter@4f45c955, org.springframework.security.web.context.SecurityContextHolderFilter@2ab8455, org.springframework.security.web.header.HeaderWriterFilter@10adc98e, org.springframework.web.filter.CorsFilter@6a7cd14c, org.springframework.security.web.authentication.logout.LogoutFilter@289fda20, com.crypto.exchange.web.security.JwtAuthenticationFilter@73aed147, org.springframework.security.web.savedrequest.RequestCacheAwareFilter@69fbf4a3, org.springframework.security.web.servletapi.SecurityContextHolderAwareRequestFilter@17e4b1ab, org.springframework.security.web.authentication.AnonymousAuthenticationFilter@21ecf90d, org.springframework.security.web.session.SessionManagementFilter@7b335fc8, org.springframework.security.web.access.ExceptionTranslationFilter@4fe49bf8, org.springframework.security.web.access.intercept.AuthorizationFilter@2caceee0]
2026-09-19 16:56:28.625 [main] INFO  c.c.e.ExchangeApplicationTests - Started ExchangeApplicationTests in 0.853 seconds (process running for 13.383)
2026-09-19 16:56:28.626 [scheduling-1] INFO  c.c.e.core.aspect.LoggingAspect - Enter: com.crypto.exchange.core.service.CryptoInitializerService.scheduledPriceUpdate() with argument(s) = []
2026-09-19 16:56:28.626 [scheduling-1] INFO  c.c.e.c.s.CryptoInitializerService - Starting crypto price synchronization...
2026-09-19 16:56:28.636 [main] DEBUG c.c.e.c.s.CryptoPriceHistoryService - Fetching price history for crypto ID: 999 with pageable: Page request [number: 0, size 10, sort: UNSORTED]
2026-09-19 16:56:28.641 [main] DEBUG c.c.e.c.s.CryptoPriceHistoryService - Fetching price history for crypto ID: 1 with pageable: Page request [number: 0, size 10, sort: UNSORTED]
2026-09-19 16:56:28.648 [main] INFO  o.s.t.c.s.AnnotationConfigContextLoaderUtils - Could not detect default configuration classes for test class [com.crypto.exchange.web.controller.AdminUserControllerIntegrationTest]: AdminUserControllerIntegrationTest does not declare any static, non-private, non-final, nested classes annotated with @Configuration.
2026-09-19 16:56:28.654 [main] INFO  o.s.b.t.c.SpringBootTestContextBootstrapper - Found @SpringBootConfiguration com.crypto.exchange.ExchangeApplication for test class com.crypto.exchange.web.controller.AdminUserControllerIntegrationTest
2026-09-19 16:56:28.657 [main] INFO  o.s.b.d.r.RestartApplicationListener - Restart disabled due to context in which it is running
2026-09-19 16:56:28.671 [main] INFO  c.c.e.w.c.AdminUserControllerIntegrationTest - Starting AdminUserControllerIntegrationTest using Java 23.0.2 with PID 22884 (started by AxlLN in E:\exchange\CryptoExchange)
2026-09-19 16:56:28.673 [main] DEBUG c.c.e.w.c.AdminUserControllerIntegrationTest - Running with Spring Boot v3.2.5, Spring v6.1.6
2026-09-19 16:56:28.673 [main] INFO  c.c.e.w.c.AdminUserControllerIntegrationTest - No active profile set, falling back to 1 default profile: "default"
2026-09-19 16:56:28.726 [scheduling-1] INFO  c.c.e.c.s.CryptoInitializerService - Success! Updated and mapped 8 cryptocurrencies with CoinLore IDs
2026-09-19 16:56:28.727 [scheduling-1] INFO  c.c.e.core.aspect.LoggingAspect - Exit: com.crypto.exchange.core.service.CryptoInitializerService.scheduledPriceUpdate() executed in 101 ms with result = null
2026-09-19 16:56:28.915 [main] INFO  o.s.s.web.DefaultSecurityFilterChain - Will secure any request with [org.springframework.security.web.session.DisableEncodeUrlFilter@457eb000, org.springframework.security.web.context.request.async.WebAsyncManagerIntegrationFilter@4440a153, org.springframework.security.web.context.SecurityContextHolderFilter@4643b082, org.springframework.security.web.header.HeaderWriterFilter@1e77807c, org.springframework.web.filter.CorsFilter@6b9b4c19, org.springframework.security.web.authentication.logout.LogoutFilter@6e8de64a, com.crypto.exchange.web.security.JwtAuthenticationFilter@7376bc08, org.springframework.security.web.savedrequest.RequestCacheAwareFilter@1a29018, org.springframework.security.web.servletapi.SecurityContextHolderAwareRequestFilter@23748430, org.springframework.security.web.authentication.AnonymousAuthenticationFilter@51f5d2bd, org.springframework.security.web.session.SessionManagementFilter@35d474e0, org.springframework.security.web.access.ExceptionTranslationFilter@44d06edc, org.springframework.security.web.access.intercept.AuthorizationFilter@7ce8c790]
2026-09-19 16:56:28.976 [main] DEBUG c.c.e.w.s.JwtAuthenticationFilter - Filter 'jwtAuthenticationFilter' configured for use
2026-09-19 16:56:28.976 [main] INFO  o.s.b.t.m.w.SpringBootMockServletContext - Initializing Spring TestDispatcherServlet ''
2026-09-19 16:56:28.976 [main] INFO  o.s.t.w.s.TestDispatcherServlet - Initializing Servlet ''
2026-09-19 16:56:28.977 [main] INFO  o.s.t.w.s.TestDispatcherServlet - Completed initialization in 0 ms
2026-09-19 16:56:28.982 [main] INFO  c.c.e.w.c.AdminUserControllerIntegrationTest - Started AdminUserControllerIntegrationTest in 0.325 seconds (process running for 13.74)
2026-09-19 16:56:29.037 [main] INFO  o.s.t.c.s.AnnotationConfigContextLoaderUtils - Could not detect default configuration classes for test class [com.crypto.exchange.web.controller.AuthControllerIntegrationTest]: AuthControllerIntegrationTest does not declare any static, non-private, non-final, nested classes annotated with @Configuration.
2026-09-19 16:56:29.040 [main] INFO  o.s.b.t.c.SpringBootTestContextBootstrapper - Found @SpringBootConfiguration com.crypto.exchange.ExchangeApplication for test class com.crypto.exchange.web.controller.AuthControllerIntegrationTest
2026-09-19 16:56:29.042 [main] INFO  o.s.b.d.r.RestartApplicationListener - Restart disabled due to context in which it is running
2026-09-19 16:56:29.053 [main] INFO  c.c.e.w.c.AuthControllerIntegrationTest - Starting AuthControllerIntegrationTest using Java 23.0.2 with PID 22884 (started by AxlLN in E:\exchange\CryptoExchange)
2026-09-19 16:56:29.053 [main] DEBUG c.c.e.w.c.AuthControllerIntegrationTest - Running with Spring Boot v3.2.5, Spring v6.1.6
2026-09-19 16:56:29.053 [main] INFO  c.c.e.w.c.AuthControllerIntegrationTest - No active profile set, falling back to 1 default profile: "default"
2026-09-19 16:56:29.258 [main] INFO  o.s.s.web.DefaultSecurityFilterChain - Will secure any request with [org.springframework.security.web.session.DisableEncodeUrlFilter@27f6d10a, org.springframework.security.web.context.request.async.WebAsyncManagerIntegrationFilter@527e2e3e, org.springframework.security.web.context.SecurityContextHolderFilter@4f39a53, org.springframework.security.web.header.HeaderWriterFilter@d52ab92, org.springframework.web.filter.CorsFilter@38372782, org.springframework.security.web.authentication.logout.LogoutFilter@2a4bf6dc, com.crypto.exchange.web.security.JwtAuthenticationFilter@53dba802, org.springframework.security.web.savedrequest.RequestCacheAwareFilter@6721ccca, org.springframework.security.web.servletapi.SecurityContextHolderAwareRequestFilter@7f37f587, org.springframework.security.web.authentication.AnonymousAuthenticationFilter@48cee73f, org.springframework.security.web.session.SessionManagementFilter@6c442983, org.springframework.security.web.access.ExceptionTranslationFilter@148ee7e0, org.springframework.security.web.access.intercept.AuthorizationFilter@33e76e5]
2026-09-19 16:56:29.316 [main] DEBUG c.c.e.w.s.JwtAuthenticationFilter - Filter 'jwtAuthenticationFilter' configured for use
2026-09-19 16:56:29.316 [main] INFO  o.s.b.t.m.w.SpringBootMockServletContext - Initializing Spring TestDispatcherServlet ''
2026-09-19 16:56:29.316 [main] INFO  o.s.t.w.s.TestDispatcherServlet - Initializing Servlet ''
2026-09-19 16:56:29.316 [main] INFO  o.s.t.w.s.TestDispatcherServlet - Completed initialization in 0 ms
2026-09-19 16:56:29.320 [main] INFO  c.c.e.w.c.AuthControllerIntegrationTest - Started AuthControllerIntegrationTest in 0.278 seconds (process running for 14.079)
2026-09-19 16:56:29.330 [main] WARN  c.c.e.c.e.GlobalExceptionHandler - Validation failed: password: Пароль не может быть пустым; 
2026-09-19 16:56:29.353 [main] WARN  c.c.e.c.e.GlobalExceptionHandler - Validation failed: email: Некорректный формат email; 
2026-09-19 16:56:29.523 [main] INFO  o.s.t.c.s.AnnotationConfigContextLoaderUtils - Could not detect default configuration classes for test class [com.crypto.exchange.web.security.JwtTokenProviderIntegrationTest]: JwtTokenProviderIntegrationTest does not declare any static, non-private, non-final, nested classes annotated with @Configuration.
2026-09-19 16:56:29.525 [main] INFO  o.s.b.t.c.SpringBootTestContextBootstrapper - Found @SpringBootConfiguration com.crypto.exchange.ExchangeApplication for test class com.crypto.exchange.web.security.JwtTokenProviderIntegrationTest
2026-09-19 16:56:29.733 [SpringApplicationShutdownHook] INFO  o.s.o.j.LocalContainerEntityManagerFactoryBean - Closing JPA EntityManagerFactory for persistence unit 'default'
2026-09-19 16:56:29.740 [SpringApplicationShutdownHook] INFO  com.zaxxer.hikari.HikariDataSource - HikariPool-1 - Shutdown initiated...
2026-09-19 16:56:29.742 [SpringApplicationShutdownHook] INFO  com.zaxxer.hikari.HikariDataSource - HikariPool-1 - Shutdown completed.
2026-09-19 16:56:29.747 [SpringApplicationShutdownHook] INFO  o.s.o.j.LocalContainerEntityManagerFactoryBean - Closing JPA EntityManagerFactory for persistence unit 'default'
2026-09-19 16:56:29.749 [SpringApplicationShutdownHook] INFO  com.zaxxer.hikari.HikariDataSource - HikariPool-2 - Shutdown initiated...
2026-09-19 16:56:29.749 [SpringApplicationShutdownHook] INFO  com.zaxxer.hikari.HikariDataSource - HikariPool-2 - Shutdown completed.
2026-09-19 17:13:12.440 [main] INFO  c.c.e.w.c.TransactionControllerIntegrationTest - Starting TransactionControllerIntegrationTest using Java 23.0.2 with PID 22864 (started by AxlLN in E:\exchange\CryptoExchange)
2026-09-19 17:13:12.441 [main] DEBUG c.c.e.w.c.TransactionControllerIntegrationTest - Running with Spring Boot v3.2.5, Spring v6.1.6
2026-09-19 17:13:12.442 [main] INFO  c.c.e.w.c.TransactionControllerIntegrationTest - No active profile set, falling back to 1 default profile: "default"
2026-09-19 17:13:14.794 [main] INFO  o.s.s.web.DefaultSecurityFilterChain - Will secure any request with [org.springframework.security.web.session.DisableEncodeUrlFilter@4b86a656, org.springframework.security.web.context.request.async.WebAsyncManagerIntegrationFilter@1117cc7c, org.springframework.security.web.context.SecurityContextHolderFilter@350be5ec, org.springframework.security.web.header.HeaderWriterFilter@361483eb, org.springframework.web.filter.CorsFilter@4797023d, org.springframework.security.web.authentication.logout.LogoutFilter@5b634e24, com.crypto.exchange.web.security.JwtAuthenticationFilter@1ab502f6, org.springframework.security.web.savedrequest.RequestCacheAwareFilter@5464aeec, org.springframework.security.web.servletapi.SecurityContextHolderAwareRequestFilter@1b3a95d9, org.springframework.security.web.authentication.AnonymousAuthenticationFilter@55cc4c61, org.springframework.security.web.session.SessionManagementFilter@35e357b, org.springframework.security.web.access.ExceptionTranslationFilter@bb38c49, org.springframework.security.web.access.intercept.AuthorizationFilter@3b0c38f2]
2026-09-19 17:13:15.025 [main] DEBUG c.c.e.w.s.JwtAuthenticationFilter - Filter 'jwtAuthenticationFilter' configured for use
2026-09-19 17:13:15.027 [main] INFO  o.s.b.t.m.w.SpringBootMockServletContext - Initializing Spring TestDispatcherServlet ''
2026-09-19 17:13:15.027 [main] INFO  o.s.t.w.s.TestDispatcherServlet - Initializing Servlet ''
2026-09-19 17:13:15.027 [main] INFO  o.s.t.w.s.TestDispatcherServlet - Completed initialization in 0 ms
2026-09-19 17:13:15.061 [main] INFO  c.c.e.w.c.TransactionControllerIntegrationTest - Started TransactionControllerIntegrationTest in 3.032 seconds (process running for 5.51)
2026-09-19 17:13:15.220 [main] INFO  o.s.t.c.s.AnnotationConfigContextLoaderUtils - Could not detect default configuration classes for test class [com.crypto.exchange.web.security.SecurityConfigIntegrationTest]: SecurityConfigIntegrationTest does not declare any static, non-private, non-final, nested classes annotated with @Configuration.
2026-09-19 17:13:15.237 [main] INFO  o.s.b.t.c.SpringBootTestContextBootstrapper - Found @SpringBootConfiguration com.crypto.exchange.ExchangeApplication for test class com.crypto.exchange.web.security.SecurityConfigIntegrationTest
2026-09-19 17:13:15.246 [main] INFO  o.s.b.d.r.RestartApplicationListener - Restart disabled due to context in which it is running
2026-09-19 17:13:15.278 [main] INFO  c.c.e.w.s.SecurityConfigIntegrationTest - Starting SecurityConfigIntegrationTest using Java 23.0.2 with PID 22864 (started by AxlLN in E:\exchange\CryptoExchange)
2026-09-19 17:13:15.279 [main] DEBUG c.c.e.w.s.SecurityConfigIntegrationTest - Running with Spring Boot v3.2.5, Spring v6.1.6
2026-09-19 17:13:15.279 [main] INFO  c.c.e.w.s.SecurityConfigIntegrationTest - The following 1 profile is active: "test"
2026-09-19 17:13:15.748 [main] INFO  o.s.d.r.c.RepositoryConfigurationDelegate - Bootstrapping Spring Data JPA repositories in DEFAULT mode.
2026-09-19 17:13:15.805 [main] INFO  o.s.d.r.c.RepositoryConfigurationDelegate - Finished Spring Data repository scanning in 50 ms. Found 6 JPA repository interfaces.
2026-09-19 17:13:16.030 [main] WARN  o.s.c.s.PostProcessorRegistrationDelegate$BeanPostProcessorChecker - Bean 'org.springframework.ws.config.annotation.DelegatingWsConfiguration' of type [org.springframework.ws.config.annotation.DelegatingWsConfiguration$$SpringCGLIB$$0] is not eligible for getting processed by all BeanPostProcessors (for example: not eligible for auto-proxying). The currently created BeanPostProcessor [annotationActionEndpointMapping] is declared through a non-static factory method on that class; consider declaring it as static instead.
2026-09-19 17:13:16.066 [main] INFO  o.s.w.s.a.s.AnnotationActionEndpointMapping - Supporting [WS-Addressing August 2004, WS-Addressing 1.0]
2026-09-19 17:13:16.342 [main] INFO  o.h.jpa.internal.util.LogHelper - HHH000204: Processing PersistenceUnitInfo [name: default]
2026-09-19 17:13:16.402 [main] INFO  org.hibernate.Version - HHH000412: Hibernate ORM core version 6.4.4.Final
2026-09-19 17:13:16.439 [main] INFO  o.h.c.i.RegionFactoryInitiator - HHH000026: Second-level cache disabled
2026-09-19 17:13:16.546 [main] INFO  o.s.o.j.p.SpringPersistenceUnitInfo - No LoadTimeWeaver setup: ignoring JPA class transformer
2026-09-19 17:13:16.575 [main] INFO  com.zaxxer.hikari.HikariDataSource - HikariPool-1 - Starting...
2026-09-19 17:13:16.788 [main] INFO  com.zaxxer.hikari.pool.HikariPool - HikariPool-1 - Added connection conn0: url=jdbc:h2:mem:testdb user=SA
2026-09-19 17:13:16.804 [main] INFO  com.zaxxer.hikari.HikariDataSource - HikariPool-1 - Start completed.
2026-09-19 17:13:16.834 [main] WARN  org.hibernate.orm.deprecation - HHH90000025: H2Dialect does not need to be specified explicitly using 'hibernate.dialect' (remove the property setting and it will be selected by default)
2026-09-19 17:13:17.781 [main] INFO  o.h.e.t.j.p.i.JtaPlatformInitiator - HHH000489: No JTA platform available (set 'hibernate.transaction.jta.platform' to enable JTA platform integration)
2026-09-19 17:13:17.857 [main] INFO  o.s.o.j.LocalContainerEntityManagerFactoryBean - Initialized JPA EntityManagerFactory for persistence unit 'default'
2026-09-19 17:13:18.204 [main] INFO  o.s.d.j.r.query.QueryEnhancerFactory - Hibernate is in classpath; If applicable, HQL parser will be used.
2026-09-19 17:13:19.126 [main] WARN  o.s.b.a.o.j.JpaBaseConfiguration$JpaWebConfiguration - spring.jpa.open-in-view is enabled by default. Therefore, database queries may be performed during view rendering. Explicitly configure spring.jpa.open-in-view to disable this warning
2026-09-19 17:13:19.270 [main] INFO  o.s.s.web.DefaultSecurityFilterChain - Will secure any request with [org.springframework.security.web.session.DisableEncodeUrlFilter@1460c688, org.springframework.security.web.context.request.async.WebAsyncManagerIntegrationFilter@6e8123dd, org.springframework.security.web.context.SecurityContextHolderFilter@263f26b3, org.springframework.security.web.header.HeaderWriterFilter@1eec2dcb, org.springframework.web.filter.CorsFilter@3468198d, org.springframework.security.web.authentication.logout.LogoutFilter@cbec4b5, com.crypto.exchange.web.security.JwtAuthenticationFilter@434ad1f8, org.springframework.security.web.savedrequest.RequestCacheAwareFilter@3b9a0b15, org.springframework.security.web.servletapi.SecurityContextHolderAwareRequestFilter@4467fbd8, org.springframework.security.web.authentication.AnonymousAuthenticationFilter@15c8c97, org.springframework.security.web.session.SessionManagementFilter@4fcb1a13, org.springframework.security.web.access.ExceptionTranslationFilter@5330160, org.springframework.security.web.access.intercept.AuthorizationFilter@1c553a85]
2026-09-19 17:13:19.577 [main] DEBUG c.c.e.w.s.JwtAuthenticationFilter - Filter 'jwtAuthenticationFilter' configured for use
2026-09-19 17:13:19.577 [main] INFO  o.s.b.t.m.w.SpringBootMockServletContext - Initializing Spring TestDispatcherServlet ''
2026-09-19 17:13:19.577 [main] INFO  o.s.t.w.s.TestDispatcherServlet - Initializing Servlet ''
2026-09-19 17:13:19.578 [main] INFO  o.s.t.w.s.TestDispatcherServlet - Completed initialization in 1 ms
2026-09-19 17:13:19.593 [main] INFO  c.c.e.w.s.SecurityConfigIntegrationTest - Started SecurityConfigIntegrationTest in 4.348 seconds (process running for 10.043)
2026-09-19 17:13:19.601 [scheduling-1] INFO  c.c.e.core.aspect.LoggingAspect - Enter: com.crypto.exchange.core.service.CryptoInitializerService.scheduledPriceUpdate() with argument(s) = []
2026-09-19 17:13:19.601 [scheduling-1] INFO  c.c.e.c.s.CryptoInitializerService - Starting crypto price synchronization...
2026-09-19 17:13:19.857 [main] WARN  c.c.e.c.s.CryptoInitializerService - No matching cryptocurrency symbols found in API response.
2026-09-19 17:13:19.880 [main] INFO  c.c.e.c.s.CryptoInitializerService - Success! Updated and mapped 1 cryptocurrencies with CoinLore IDs
2026-09-19 17:13:19.906 [main] INFO  o.s.t.c.s.AnnotationConfigContextLoaderUtils - Could not detect default configuration classes for test class [com.crypto.exchange.web.controller.TransferControllerIntegrationTest]: TransferControllerIntegrationTest does not declare any static, non-private, non-final, nested classes annotated with @Configuration.
2026-09-19 17:13:19.915 [main] INFO  o.s.b.t.c.SpringBootTestContextBootstrapper - Found @SpringBootConfiguration com.crypto.exchange.ExchangeApplication for test class com.crypto.exchange.web.controller.TransferControllerIntegrationTest
2026-09-19 17:13:19.919 [main] INFO  o.s.b.d.r.RestartApplicationListener - Restart disabled due to context in which it is running
2026-09-19 17:13:19.937 [main] INFO  c.c.e.w.c.TransferControllerIntegrationTest - Starting TransferControllerIntegrationTest using Java 23.0.2 with PID 22864 (started by AxlLN in E:\exchange\CryptoExchange)
2026-09-19 17:13:19.937 [main] DEBUG c.c.e.w.c.TransferControllerIntegrationTest - Running with Spring Boot v3.2.5, Spring v6.1.6
2026-09-19 17:13:19.937 [main] INFO  c.c.e.w.c.TransferControllerIntegrationTest - No active profile set, falling back to 1 default profile: "default"
2026-09-19 17:13:20.231 [main] INFO  o.s.s.web.DefaultSecurityFilterChain - Will secure any request with [org.springframework.security.web.session.DisableEncodeUrlFilter@6cfec66d, org.springframework.security.web.context.request.async.WebAsyncManagerIntegrationFilter@77ad3a2d, org.springframework.security.web.context.SecurityContextHolderFilter@573fc0cc, org.springframework.security.web.header.HeaderWriterFilter@76d3e702, org.springframework.web.filter.CorsFilter@21f104b8, org.springframework.security.web.authentication.logout.LogoutFilter@238709e6, com.crypto.exchange.web.security.JwtAuthenticationFilter@79c8e98, org.springframework.security.web.savedrequest.RequestCacheAwareFilter@4a9f9ed2, org.springframework.security.web.servletapi.SecurityContextHolderAwareRequestFilter@239d9b74, org.springframework.security.web.authentication.AnonymousAuthenticationFilter@73df09dd, org.springframework.security.web.session.SessionManagementFilter@6cc8ad62, org.springframework.security.web.access.ExceptionTranslationFilter@3275f900, org.springframework.security.web.access.intercept.AuthorizationFilter@5a5115be]
2026-09-19 17:13:20.310 [main] DEBUG c.c.e.w.s.JwtAuthenticationFilter - Filter 'jwtAuthenticationFilter' configured for use
2026-09-19 17:13:20.310 [main] INFO  o.s.b.t.m.w.SpringBootMockServletContext - Initializing Spring TestDispatcherServlet ''
2026-09-19 17:13:20.310 [main] INFO  o.s.t.w.s.TestDispatcherServlet - Initializing Servlet ''
2026-09-19 17:13:20.311 [main] INFO  o.s.t.w.s.TestDispatcherServlet - Completed initialization in 1 ms
2026-09-19 17:13:20.321 [main] INFO  c.c.e.w.c.TransferControllerIntegrationTest - Started TransferControllerIntegrationTest in 0.402 seconds (process running for 10.771)
2026-09-19 17:13:20.436 [main] WARN  c.c.e.c.e.GlobalExceptionHandler - Validation failed: amount: Сумма должна быть больше 0; recipientAddress: Укажите адрес кошелька получателя; fromWalletId: Укажите ID кошелька списания; cryptoExternalId: Укажите external_id криптовалюты (например, bitcoin, ethereum); 
2026-09-19 17:13:21.015 [main] WARN  c.c.e.c.n.EmailNotificationListener - Пропуск отправки письма: email не указан для транзакции #1
2026-09-19 17:13:21.015 [main] WARN  c.c.e.c.n.EmailNotificationListener - Пропуск отправки письма: email не указан для транзакции #1
2026-09-19 17:13:21.076 [scheduling-1] INFO  c.c.e.c.s.CryptoInitializerService - Success! Updated and mapped 8 cryptocurrencies with CoinLore IDs
2026-09-19 17:13:21.076 [scheduling-1] INFO  c.c.e.core.aspect.LoggingAspect - Exit: com.crypto.exchange.core.service.CryptoInitializerService.scheduledPriceUpdate() executed in 1475 ms with result = null
2026-09-19 17:13:21.079 [main] INFO  c.c.e.c.n.EmailNotificationListener - Квитанция отправлена на test@example.com по транзакции #1
2026-09-19 17:13:21.097 [main] ERROR c.c.e.c.n.EmailNotificationListener - Ошибка при отправке письма для транзакции #1
java.lang.RuntimeException: SMTP server error
	at org.springframework.mail.javamail.JavaMailSender.send(JavaMailSender.java:101)
	at com.crypto.exchange.core.notification.EmailNotificationListener.handleTransactionCompleted(EmailNotificationListener.java:44)
	at com.crypto.exchange.core.notification.EmailNotificationListenerTest.handleTransactionCompleted_shouldCatchExceptionAndNotThrow(EmailNotificationListenerTest.java:110)
	at java.base/jdk.internal.reflect.DirectMethodHandleAccessor.invoke(DirectMethodHandleAccessor.java:103)
	at java.base/java.lang.reflect.Method.invoke(Method.java:580)
	at org.junit.platform.commons.util.ReflectionUtils.invokeMethod(ReflectionUtils.java:728)
	at org.junit.jupiter.engine.execution.MethodInvocation.proceed(MethodInvocation.java:60)
	at org.junit.jupiter.engine.execution.InvocationInterceptorChain$ValidatingInvocation.proceed(InvocationInterceptorChain.java:131)
	at org.junit.jupiter.engine.extension.TimeoutExtension.intercept(TimeoutExtension.java:156)
	at org.junit.jupiter.engine.extension.TimeoutExtension.interceptTestableMethod(TimeoutExtension.java:147)
	at org.junit.jupiter.engine.extension.TimeoutExtension.interceptTestMethod(TimeoutExtension.java:86)
	at org.junit.jupiter.engine.execution.InterceptingExecutableInvoker$ReflectiveInterceptorCall.lambda$ofVoidMethod$0(InterceptingExecutableInvoker.java:103)
	at org.junit.jupiter.engine.execution.InterceptingExecutableInvoker.lambda$invoke$0(InterceptingExecutableInvoker.java:93)
	at org.junit.jupiter.engine.execution.InvocationInterceptorChain$InterceptedInvocation.proceed(InvocationInterceptorChain.java:106)
	at org.junit.jupiter.engine.execution.InvocationInterceptorChain.proceed(InvocationInterceptorChain.java:64)
	at org.junit.jupiter.engine.execution.InvocationInterceptorChain.chainAndInvoke(InvocationInterceptorChain.java:45)
	at org.junit.jupiter.engine.execution.InvocationInterceptorChain.invoke(InvocationInterceptorChain.java:37)
	at org.junit.jupiter.engine.execution.InterceptingExecutableInvoker.invoke(InterceptingExecutableInvoker.java:92)
	at org.junit.jupiter.engine.execution.InterceptingExecutableInvoker.invoke(InterceptingExecutableInvoker.java:86)
	at org.junit.jupiter.engine.descriptor.TestMethodTestDescriptor.lambda$invokeTestMethod$7(TestMethodTestDescriptor.java:218)
	at org.junit.platform.engine.support.hierarchical.ThrowableCollector.execute(ThrowableCollector.java:73)
	at org.junit.jupiter.engine.descriptor.TestMethodTestDescriptor.invokeTestMethod(TestMethodTestDescriptor.java:214)
	at org.junit.jupiter.engine.descriptor.TestMethodTestDescriptor.execute(TestMethodTestDescriptor.java:139)
	at org.junit.jupiter.engine.descriptor.TestMethodTestDescriptor.execute(TestMethodTestDescriptor.java:69)
	at org.junit.platform.engine.support.hierarchical.NodeTestTask.lambda$executeRecursively$6(NodeTestTask.java:151)
	at org.junit.platform.engine.support.hierarchical.ThrowableCollector.execute(ThrowableCollector.java:73)
	at org.junit.platform.engine.support.hierarchical.NodeTestTask.lambda$executeRecursively$8(NodeTestTask.java:141)
	at org.junit.platform.engine.support.hierarchical.Node.around(Node.java:137)
	at org.junit.platform.engine.support.hierarchical.NodeTestTask.lambda$executeRecursively$9(NodeTestTask.java:139)
	at org.junit.platform.engine.support.hierarchical.ThrowableCollector.execute(ThrowableCollector.java:73)
	at org.junit.platform.engine.support.hierarchical.NodeTestTask.executeRecursively(NodeTestTask.java:138)
	at org.junit.platform.engine.support.hierarchical.NodeTestTask.execute(NodeTestTask.java:95)
	at java.base/java.util.ArrayList.forEach(ArrayList.java:1597)
	at org.junit.platform.engine.support.hierarchical.SameThreadHierarchicalTestExecutorService.invokeAll(SameThreadHierarchicalTestExecutorService.java:41)
	at org.junit.platform.engine.support.hierarchical.NodeTestTask.lambda$executeRecursively$6(NodeTestTask.java:155)
	at org.junit.platform.engine.support.hierarchical.ThrowableCollector.execute(ThrowableCollector.java:73)
	at org.junit.platform.engine.support.hierarchical.NodeTestTask.lambda$executeRecursively$8(NodeTestTask.java:141)
	at org.junit.platform.engine.support.hierarchical.Node.around(Node.java:137)
	at org.junit.platform.engine.support.hierarchical.NodeTestTask.lambda$executeRecursively$9(NodeTestTask.java:139)
	at org.junit.platform.engine.support.hierarchical.ThrowableCollector.execute(ThrowableCollector.java:73)
	at org.junit.platform.engine.support.hierarchical.NodeTestTask.executeRecursively(NodeTestTask.java:138)
	at org.junit.platform.engine.support.hierarchical.NodeTestTask.execute(NodeTestTask.java:95)
	at java.base/java.util.ArrayList.forEach(ArrayList.java:1597)
	at org.junit.platform.engine.support.hierarchical.SameThreadHierarchicalTestExecutorService.invokeAll(SameThreadHierarchicalTestExecutorService.java:41)
	at org.junit.platform.engine.support.hierarchical.NodeTestTask.lambda$executeRecursively$6(NodeTestTask.java:155)
	at org.junit.platform.engine.support.hierarchical.ThrowableCollector.execute(ThrowableCollector.java:73)
	at org.junit.platform.engine.support.hierarchical.NodeTestTask.lambda$executeRecursively$8(NodeTestTask.java:141)
	at org.junit.platform.engine.support.hierarchical.Node.around(Node.java:137)
	at org.junit.platform.engine.support.hierarchical.NodeTestTask.lambda$executeRecursively$9(NodeTestTask.java:139)
	at org.junit.platform.engine.support.hierarchical.ThrowableCollector.execute(ThrowableCollector.java:73)
	at org.junit.platform.engine.support.hierarchical.NodeTestTask.executeRecursively(NodeTestTask.java:138)
	at org.junit.platform.engine.support.hierarchical.NodeTestTask.execute(NodeTestTask.java:95)
	at org.junit.platform.engine.support.hierarchical.SameThreadHierarchicalTestExecutorService.submit(SameThreadHierarchicalTestExecutorService.java:35)
	at org.junit.platform.engine.support.hierarchical.HierarchicalTestExecutor.execute(HierarchicalTestExecutor.java:57)
	at org.junit.platform.engine.support.hierarchical.HierarchicalTestEngine.execute(HierarchicalTestEngine.java:54)
	at org.junit.platform.launcher.core.EngineExecutionOrchestrator.execute(EngineExecutionOrchestrator.java:198)
	at org.junit.platform.launcher.core.EngineExecutionOrchestrator.execute(EngineExecutionOrchestrator.java:169)
	at org.junit.platform.launcher.core.EngineExecutionOrchestrator.execute(EngineExecutionOrchestrator.java:93)
	at org.junit.platform.launcher.core.EngineExecutionOrchestrator.lambda$execute$0(EngineExecutionOrchestrator.java:58)
	at org.junit.platform.launcher.core.EngineExecutionOrchestrator.withInterceptedStreams(EngineExecutionOrchestrator.java:141)
	at org.junit.platform.launcher.core.EngineExecutionOrchestrator.execute(EngineExecutionOrchestrator.java:57)
	at org.junit.platform.launcher.core.DefaultLauncher.execute(DefaultLauncher.java:103)
	at org.junit.platform.launcher.core.DefaultLauncher.execute(DefaultLauncher.java:85)
	at org.junit.platform.launcher.core.DelegatingLauncher.execute(DelegatingLauncher.java:47)
	at org.junit.platform.launcher.core.SessionPerRequestLauncher.execute(SessionPerRequestLauncher.java:63)
	at com.intellij.junit5.JUnit5IdeaTestRunner.startRunnerWithArgs(JUnit5IdeaTestRunner.java:66)
	at com.intellij.rt.junit.IdeaTestRunner$Repeater$1.execute(IdeaTestRunner.java:38)
	at com.intellij.rt.execution.junit.TestsRepeater.repeat(TestsRepeater.java:11)
	at com.intellij.rt.junit.IdeaTestRunner$Repeater.startRunnerWithArgs(IdeaTestRunner.java:35)
	at com.intellij.rt.junit.JUnitStarter.prepareStreamsAndStart(JUnitStarter.java:237)
	at com.intellij.rt.junit.JUnitStarter.main(JUnitStarter.java:58)
2026-09-19 17:13:21.177 [main] INFO  o.s.t.c.s.AnnotationConfigContextLoaderUtils - Could not detect default configuration classes for test class [com.crypto.exchange.web.controller.CryptoCurrencyControllerIntegrationTest]: CryptoCurrencyControllerIntegrationTest does not declare any static, non-private, non-final, nested classes annotated with @Configuration.
2026-09-19 17:13:21.181 [main] INFO  o.s.b.t.c.SpringBootTestContextBootstrapper - Found @SpringBootConfiguration com.crypto.exchange.ExchangeApplication for test class com.crypto.exchange.web.controller.CryptoCurrencyControllerIntegrationTest
2026-09-19 17:13:21.183 [main] INFO  o.s.b.d.r.RestartApplicationListener - Restart disabled due to context in which it is running
2026-09-19 17:13:21.200 [main] INFO  c.c.e.w.c.CryptoCurrencyControllerIntegrationTest - Starting CryptoCurrencyControllerIntegrationTest using Java 23.0.2 with PID 22864 (started by AxlLN in E:\exchange\CryptoExchange)
2026-09-19 17:13:21.200 [main] DEBUG c.c.e.w.c.CryptoCurrencyControllerIntegrationTest - Running with Spring Boot v3.2.5, Spring v6.1.6
2026-09-19 17:13:21.200 [main] INFO  c.c.e.w.c.CryptoCurrencyControllerIntegrationTest - No active profile set, falling back to 1 default profile: "default"
2026-09-19 17:13:21.556 [main] INFO  o.s.s.web.DefaultSecurityFilterChain - Will secure any request with [org.springframework.security.web.session.DisableEncodeUrlFilter@3b9f400c, org.springframework.security.web.context.request.async.WebAsyncManagerIntegrationFilter@4bf6ce64, org.springframework.security.web.context.SecurityContextHolderFilter@7e3707ae, org.springframework.security.web.header.HeaderWriterFilter@3031e33, org.springframework.web.filter.CorsFilter@6bf1f6a9, org.springframework.security.web.authentication.logout.LogoutFilter@3e59d81b, com.crypto.exchange.web.security.JwtAuthenticationFilter@6630e32d, org.springframework.security.web.savedrequest.RequestCacheAwareFilter@4c286590, org.springframework.security.web.servletapi.SecurityContextHolderAwareRequestFilter@574108a0, org.springframework.security.web.authentication.AnonymousAuthenticationFilter@4cfecf7c, org.springframework.security.web.session.SessionManagementFilter@27a11b5b, org.springframework.security.web.access.ExceptionTranslationFilter@52ac0038, org.springframework.security.web.access.intercept.AuthorizationFilter@6e892437]
2026-09-19 17:13:21.631 [main] DEBUG c.c.e.w.s.JwtAuthenticationFilter - Filter 'jwtAuthenticationFilter' configured for use
2026-09-19 17:13:21.631 [main] INFO  o.s.b.t.m.w.SpringBootMockServletContext - Initializing Spring TestDispatcherServlet ''
2026-09-19 17:13:21.631 [main] INFO  o.s.t.w.s.TestDispatcherServlet - Initializing Servlet ''
2026-09-19 17:13:21.632 [main] INFO  o.s.t.w.s.TestDispatcherServlet - Completed initialization in 1 ms
2026-09-19 17:13:21.640 [main] INFO  c.c.e.w.c.CryptoCurrencyControllerIntegrationTest - Started CryptoCurrencyControllerIntegrationTest in 0.457 seconds (process running for 12.09)
2026-09-19 17:13:21.932 [main] INFO  o.s.t.c.s.AnnotationConfigContextLoaderUtils - Could not detect default configuration classes for test class [com.crypto.exchange.web.controller.WalletControllerIntegrationTest]: WalletControllerIntegrationTest does not declare any static, non-private, non-final, nested classes annotated with @Configuration.
2026-09-19 17:13:21.937 [main] INFO  o.s.b.t.c.SpringBootTestContextBootstrapper - Found @SpringBootConfiguration com.crypto.exchange.ExchangeApplication for test class com.crypto.exchange.web.controller.WalletControllerIntegrationTest
2026-09-19 17:13:21.941 [main] INFO  o.s.b.d.r.RestartApplicationListener - Restart disabled due to context in which it is running
2026-09-19 17:13:21.959 [main] INFO  c.c.e.w.c.WalletControllerIntegrationTest - Starting WalletControllerIntegrationTest using Java 23.0.2 with PID 22864 (started by AxlLN in E:\exchange\CryptoExchange)
2026-09-19 17:13:21.959 [main] DEBUG c.c.e.w.c.WalletControllerIntegrationTest - Running with Spring Boot v3.2.5, Spring v6.1.6
2026-09-19 17:13:21.959 [main] INFO  c.c.e.w.c.WalletControllerIntegrationTest - No active profile set, falling back to 1 default profile: "default"
2026-09-19 17:13:22.240 [main] INFO  o.s.s.web.DefaultSecurityFilterChain - Will secure any request with [org.springframework.security.web.session.DisableEncodeUrlFilter@3b5110ff, org.springframework.security.web.context.request.async.WebAsyncManagerIntegrationFilter@4bc261a7, org.springframework.security.web.context.SecurityContextHolderFilter@39005f95, org.springframework.security.web.header.HeaderWriterFilter@3ad7f7f1, org.springframework.web.filter.CorsFilter@41b5ad5f, org.springframework.security.web.authentication.logout.LogoutFilter@258abd37, com.crypto.exchange.web.security.JwtAuthenticationFilter@62b7a99a, org.springframework.security.web.savedrequest.RequestCacheAwareFilter@7543a335, org.springframework.security.web.servletapi.SecurityContextHolderAwareRequestFilter@70aeaa13, org.springframework.security.web.authentication.AnonymousAuthenticationFilter@10ce529a, org.springframework.security.web.session.SessionManagementFilter@23e9bc96, org.springframework.security.web.access.ExceptionTranslationFilter@a28d4f4, org.springframework.security.web.access.intercept.AuthorizationFilter@48c33d3e]
2026-09-19 17:13:22.299 [main] DEBUG c.c.e.w.s.JwtAuthenticationFilter - Filter 'jwtAuthenticationFilter' configured for use
2026-09-19 17:13:22.299 [main] INFO  o.s.b.t.m.w.SpringBootMockServletContext - Initializing Spring TestDispatcherServlet ''
2026-09-19 17:13:22.299 [main] INFO  o.s.t.w.s.TestDispatcherServlet - Initializing Servlet ''
2026-09-19 17:13:22.300 [main] INFO  o.s.t.w.s.TestDispatcherServlet - Completed initialization in 1 ms
2026-09-19 17:13:22.305 [main] INFO  c.c.e.w.c.WalletControllerIntegrationTest - Started WalletControllerIntegrationTest in 0.365 seconds (process running for 12.755)
2026-09-19 17:13:22.390 [main] INFO  o.s.t.c.s.AnnotationConfigContextLoaderUtils - Could not detect default configuration classes for test class [com.crypto.exchange.web.controller.UserControllerIntegrationTest]: UserControllerIntegrationTest does not declare any static, non-private, non-final, nested classes annotated with @Configuration.
2026-09-19 17:13:22.395 [main] INFO  o.s.b.t.c.SpringBootTestContextBootstrapper - Found @SpringBootConfiguration com.crypto.exchange.ExchangeApplication for test class com.crypto.exchange.web.controller.UserControllerIntegrationTest
2026-09-19 17:13:22.397 [main] INFO  o.s.b.d.r.RestartApplicationListener - Restart disabled due to context in which it is running
2026-09-19 17:13:22.411 [main] INFO  c.c.e.w.c.UserControllerIntegrationTest - Starting UserControllerIntegrationTest using Java 23.0.2 with PID 22864 (started by AxlLN in E:\exchange\CryptoExchange)
2026-09-19 17:13:22.411 [main] DEBUG c.c.e.w.c.UserControllerIntegrationTest - Running with Spring Boot v3.2.5, Spring v6.1.6
2026-09-19 17:13:22.411 [main] INFO  c.c.e.w.c.UserControllerIntegrationTest - No active profile set, falling back to 1 default profile: "default"
2026-09-19 17:13:22.749 [main] INFO  o.s.s.web.DefaultSecurityFilterChain - Will secure any request with [org.springframework.security.web.session.DisableEncodeUrlFilter@27d40d38, org.springframework.security.web.context.request.async.WebAsyncManagerIntegrationFilter@318d441f, org.springframework.security.web.context.SecurityContextHolderFilter@38f563e4, org.springframework.security.web.header.HeaderWriterFilter@74b4931d, org.springframework.web.filter.CorsFilter@1460458c, org.springframework.security.web.authentication.logout.LogoutFilter@5d196acf, com.crypto.exchange.web.security.JwtAuthenticationFilter@18f7f928, org.springframework.security.web.savedrequest.RequestCacheAwareFilter@45400d7c, org.springframework.security.web.servletapi.SecurityContextHolderAwareRequestFilter@15bc42b2, org.springframework.security.web.authentication.AnonymousAuthenticationFilter@35144554, org.springframework.security.web.session.SessionManagementFilter@8ea6dac, org.springframework.security.web.access.ExceptionTranslationFilter@558519a7, org.springframework.security.web.access.intercept.AuthorizationFilter@6fa9cf83]
2026-09-19 17:13:22.812 [main] DEBUG c.c.e.w.s.JwtAuthenticationFilter - Filter 'jwtAuthenticationFilter' configured for use
2026-09-19 17:13:22.812 [main] INFO  o.s.b.t.m.w.SpringBootMockServletContext - Initializing Spring TestDispatcherServlet ''
2026-09-19 17:13:22.812 [main] INFO  o.s.t.w.s.TestDispatcherServlet - Initializing Servlet ''
2026-09-19 17:13:22.813 [main] INFO  o.s.t.w.s.TestDispatcherServlet - Completed initialization in 1 ms
2026-09-19 17:13:22.818 [main] INFO  c.c.e.w.c.UserControllerIntegrationTest - Started UserControllerIntegrationTest in 0.421 seconds (process running for 13.268)
2026-09-19 17:13:22.844 [main] INFO  o.s.t.c.s.AnnotationConfigContextLoaderUtils - Could not detect default configuration classes for test class [com.crypto.exchange.ExchangeApplicationTests]: ExchangeApplicationTests does not declare any static, non-private, non-final, nested classes annotated with @Configuration.
2026-09-19 17:13:22.849 [main] INFO  o.s.b.t.c.SpringBootTestContextBootstrapper - Found @SpringBootConfiguration com.crypto.exchange.ExchangeApplication for test class com.crypto.exchange.ExchangeApplicationTests
2026-09-19 17:13:22.852 [main] INFO  o.s.b.d.r.RestartApplicationListener - Restart disabled due to context in which it is running
2026-09-19 17:13:22.867 [main] INFO  c.c.e.ExchangeApplicationTests - Starting ExchangeApplicationTests using Java 23.0.2 with PID 22864 (started by AxlLN in E:\exchange\CryptoExchange)
2026-09-19 17:13:22.867 [main] DEBUG c.c.e.ExchangeApplicationTests - Running with Spring Boot v3.2.5, Spring v6.1.6
2026-09-19 17:13:22.867 [main] INFO  c.c.e.ExchangeApplicationTests - The following 1 profile is active: "test"
2026-09-19 17:13:23.027 [main] INFO  o.s.d.r.c.RepositoryConfigurationDelegate - Bootstrapping Spring Data JPA repositories in DEFAULT mode.
2026-09-19 17:13:23.042 [main] INFO  o.s.d.r.c.RepositoryConfigurationDelegate - Finished Spring Data repository scanning in 14 ms. Found 6 JPA repository interfaces.
2026-09-19 17:13:23.081 [main] WARN  o.s.c.s.PostProcessorRegistrationDelegate$BeanPostProcessorChecker - Bean 'org.springframework.ws.config.annotation.DelegatingWsConfiguration' of type [org.springframework.ws.config.annotation.DelegatingWsConfiguration$$SpringCGLIB$$0] is not eligible for getting processed by all BeanPostProcessors (for example: not eligible for auto-proxying). The currently created BeanPostProcessor [annotationActionEndpointMapping] is declared through a non-static factory method on that class; consider declaring it as static instead.
2026-09-19 17:13:23.083 [main] INFO  o.s.w.s.a.s.AnnotationActionEndpointMapping - Supporting [WS-Addressing August 2004, WS-Addressing 1.0]
2026-09-19 17:13:23.157 [main] INFO  o.h.jpa.internal.util.LogHelper - HHH000204: Processing PersistenceUnitInfo [name: default]
2026-09-19 17:13:23.160 [main] INFO  o.h.c.i.RegionFactoryInitiator - HHH000026: Second-level cache disabled
2026-09-19 17:13:23.166 [main] INFO  o.s.o.j.p.SpringPersistenceUnitInfo - No LoadTimeWeaver setup: ignoring JPA class transformer
2026-09-19 17:13:23.167 [main] INFO  com.zaxxer.hikari.HikariDataSource - HikariPool-2 - Starting...
2026-09-19 17:13:23.168 [main] INFO  com.zaxxer.hikari.pool.HikariPool - HikariPool-2 - Added connection conn10: url=jdbc:h2:mem:testdb user=SA
2026-09-19 17:13:23.169 [main] INFO  com.zaxxer.hikari.HikariDataSource - HikariPool-2 - Start completed.
2026-09-19 17:13:23.169 [main] WARN  org.hibernate.orm.deprecation - HHH90000025: H2Dialect does not need to be specified explicitly using 'hibernate.dialect' (remove the property setting and it will be selected by default)
2026-09-19 17:13:23.251 [main] INFO  o.h.e.t.j.p.i.JtaPlatformInitiator - HHH000489: No JTA platform available (set 'hibernate.transaction.jta.platform' to enable JTA platform integration)
2026-09-19 17:13:23.273 [main] INFO  o.s.o.j.LocalContainerEntityManagerFactoryBean - Initialized JPA EntityManagerFactory for persistence unit 'default'
2026-09-19 17:13:23.462 [main] WARN  o.s.b.a.o.j.JpaBaseConfiguration$JpaWebConfiguration - spring.jpa.open-in-view is enabled by default. Therefore, database queries may be performed during view rendering. Explicitly configure spring.jpa.open-in-view to disable this warning
2026-09-19 17:13:23.565 [main] INFO  o.s.s.web.DefaultSecurityFilterChain - Will secure any request with [org.springframework.security.web.session.DisableEncodeUrlFilter@478fcc24, org.springframework.security.web.context.request.async.WebAsyncManagerIntegrationFilter@35dc6a89, org.springframework.security.web.context.SecurityContextHolderFilter@1db9a962, org.springframework.security.web.header.HeaderWriterFilter@46494bec, org.springframework.web.filter.CorsFilter@118bff69, org.springframework.security.web.authentication.logout.LogoutFilter@2a9b0743, com.crypto.exchange.web.security.JwtAuthenticationFilter@2964a077, org.springframework.security.web.savedrequest.RequestCacheAwareFilter@2a12b003, org.springframework.security.web.servletapi.SecurityContextHolderAwareRequestFilter@26088886, org.springframework.security.web.authentication.AnonymousAuthenticationFilter@20d3d22d, org.springframework.security.web.session.SessionManagementFilter@3f7c623a, org.springframework.security.web.access.ExceptionTranslationFilter@47ae0650, org.springframework.security.web.access.intercept.AuthorizationFilter@7798de33]
2026-09-19 17:13:23.704 [main] INFO  c.c.e.ExchangeApplicationTests - Started ExchangeApplicationTests in 0.852 seconds (process running for 14.153)
2026-09-19 17:13:23.704 [scheduling-1] INFO  c.c.e.core.aspect.LoggingAspect - Enter: com.crypto.exchange.core.service.CryptoInitializerService.scheduledPriceUpdate() with argument(s) = []
2026-09-19 17:13:23.704 [scheduling-1] INFO  c.c.e.c.s.CryptoInitializerService - Starting crypto price synchronization...
2026-09-19 17:13:23.715 [main] DEBUG c.c.e.c.s.CryptoPriceHistoryService - Fetching price history for crypto ID: 999 with pageable: Page request [number: 0, size 10, sort: UNSORTED]
2026-09-19 17:13:23.719 [main] DEBUG c.c.e.c.s.CryptoPriceHistoryService - Fetching price history for crypto ID: 1 with pageable: Page request [number: 0, size 10, sort: UNSORTED]
2026-09-19 17:13:23.725 [main] INFO  o.s.t.c.s.AnnotationConfigContextLoaderUtils - Could not detect default configuration classes for test class [com.crypto.exchange.web.controller.AdminUserControllerIntegrationTest]: AdminUserControllerIntegrationTest does not declare any static, non-private, non-final, nested classes annotated with @Configuration.
2026-09-19 17:13:23.730 [main] INFO  o.s.b.t.c.SpringBootTestContextBootstrapper - Found @SpringBootConfiguration com.crypto.exchange.ExchangeApplication for test class com.crypto.exchange.web.controller.AdminUserControllerIntegrationTest
2026-09-19 17:13:23.732 [main] INFO  o.s.b.d.r.RestartApplicationListener - Restart disabled due to context in which it is running
2026-09-19 17:13:23.746 [main] INFO  c.c.e.w.c.AdminUserControllerIntegrationTest - Starting AdminUserControllerIntegrationTest using Java 23.0.2 with PID 22864 (started by AxlLN in E:\exchange\CryptoExchange)
2026-09-19 17:13:23.747 [main] DEBUG c.c.e.w.c.AdminUserControllerIntegrationTest - Running with Spring Boot v3.2.5, Spring v6.1.6
2026-09-19 17:13:23.747 [main] INFO  c.c.e.w.c.AdminUserControllerIntegrationTest - No active profile set, falling back to 1 default profile: "default"
2026-09-19 17:13:23.776 [scheduling-1] INFO  c.c.e.c.s.CryptoInitializerService - Success! Updated and mapped 8 cryptocurrencies with CoinLore IDs
2026-09-19 17:13:23.776 [scheduling-1] INFO  c.c.e.core.aspect.LoggingAspect - Exit: com.crypto.exchange.core.service.CryptoInitializerService.scheduledPriceUpdate() executed in 72 ms with result = null
2026-09-19 17:13:23.937 [main] INFO  o.s.s.web.DefaultSecurityFilterChain - Will secure any request with [org.springframework.security.web.session.DisableEncodeUrlFilter@658e67e1, org.springframework.security.web.context.request.async.WebAsyncManagerIntegrationFilter@6a3ccd91, org.springframework.security.web.context.SecurityContextHolderFilter@11c40102, org.springframework.security.web.header.HeaderWriterFilter@2d75342e, org.springframework.web.filter.CorsFilter@61675dd5, org.springframework.security.web.authentication.logout.LogoutFilter@35674b5a, com.crypto.exchange.web.security.JwtAuthenticationFilter@64db6fdb, org.springframework.security.web.savedrequest.RequestCacheAwareFilter@4685b66e, org.springframework.security.web.servletapi.SecurityContextHolderAwareRequestFilter@42553ed4, org.springframework.security.web.authentication.AnonymousAuthenticationFilter@406a7eb9, org.springframework.security.web.session.SessionManagementFilter@5482416d, org.springframework.security.web.access.ExceptionTranslationFilter@3b4d9b77, org.springframework.security.web.access.intercept.AuthorizationFilter@35729bc3]
2026-09-19 17:13:23.985 [main] DEBUG c.c.e.w.s.JwtAuthenticationFilter - Filter 'jwtAuthenticationFilter' configured for use
2026-09-19 17:13:23.985 [main] INFO  o.s.b.t.m.w.SpringBootMockServletContext - Initializing Spring TestDispatcherServlet ''
2026-09-19 17:13:23.985 [main] INFO  o.s.t.w.s.TestDispatcherServlet - Initializing Servlet ''
2026-09-19 17:13:23.986 [main] INFO  o.s.t.w.s.TestDispatcherServlet - Completed initialization in 1 ms
2026-09-19 17:13:23.990 [main] INFO  c.c.e.w.c.AdminUserControllerIntegrationTest - Started AdminUserControllerIntegrationTest in 0.258 seconds (process running for 14.441)
2026-09-19 17:13:24.036 [main] INFO  o.s.t.c.s.AnnotationConfigContextLoaderUtils - Could not detect default configuration classes for test class [com.crypto.exchange.web.controller.AuthControllerIntegrationTest]: AuthControllerIntegrationTest does not declare any static, non-private, non-final, nested classes annotated with @Configuration.
2026-09-19 17:13:24.039 [main] INFO  o.s.b.t.c.SpringBootTestContextBootstrapper - Found @SpringBootConfiguration com.crypto.exchange.ExchangeApplication for test class com.crypto.exchange.web.controller.AuthControllerIntegrationTest
2026-09-19 17:13:24.041 [main] INFO  o.s.b.d.r.RestartApplicationListener - Restart disabled due to context in which it is running
2026-09-19 17:13:24.052 [main] INFO  c.c.e.w.c.AuthControllerIntegrationTest - Starting AuthControllerIntegrationTest using Java 23.0.2 with PID 22864 (started by AxlLN in E:\exchange\CryptoExchange)
2026-09-19 17:13:24.052 [main] DEBUG c.c.e.w.c.AuthControllerIntegrationTest - Running with Spring Boot v3.2.5, Spring v6.1.6
2026-09-19 17:13:24.052 [main] INFO  c.c.e.w.c.AuthControllerIntegrationTest - No active profile set, falling back to 1 default profile: "default"
2026-09-19 17:13:24.280 [main] INFO  o.s.s.web.DefaultSecurityFilterChain - Will secure any request with [org.springframework.security.web.session.DisableEncodeUrlFilter@7f25bfb6, org.springframework.security.web.context.request.async.WebAsyncManagerIntegrationFilter@7ba304d2, org.springframework.security.web.context.SecurityContextHolderFilter@1beb1b8d, org.springframework.security.web.header.HeaderWriterFilter@29185b54, org.springframework.web.filter.CorsFilter@3842fbd9, org.springframework.security.web.authentication.logout.LogoutFilter@38b786b6, com.crypto.exchange.web.security.JwtAuthenticationFilter@3b53625, org.springframework.security.web.savedrequest.RequestCacheAwareFilter@1bebada0, org.springframework.security.web.servletapi.SecurityContextHolderAwareRequestFilter@70c28772, org.springframework.security.web.authentication.AnonymousAuthenticationFilter@70b8b52c, org.springframework.security.web.session.SessionManagementFilter@7cfeee84, org.springframework.security.web.access.ExceptionTranslationFilter@786f0df5, org.springframework.security.web.access.intercept.AuthorizationFilter@1a6a5b16]
2026-09-19 17:13:24.333 [main] DEBUG c.c.e.w.s.JwtAuthenticationFilter - Filter 'jwtAuthenticationFilter' configured for use
2026-09-19 17:13:24.333 [main] INFO  o.s.b.t.m.w.SpringBootMockServletContext - Initializing Spring TestDispatcherServlet ''
2026-09-19 17:13:24.333 [main] INFO  o.s.t.w.s.TestDispatcherServlet - Initializing Servlet ''
2026-09-19 17:13:24.334 [main] INFO  o.s.t.w.s.TestDispatcherServlet - Completed initialization in 0 ms
2026-09-19 17:13:24.340 [main] INFO  c.c.e.w.c.AuthControllerIntegrationTest - Started AuthControllerIntegrationTest in 0.3 seconds (process running for 14.79)
2026-09-19 17:13:24.356 [main] WARN  c.c.e.c.e.GlobalExceptionHandler - Validation failed: password: Пароль не может быть пустым; 
2026-09-19 17:13:24.382 [main] WARN  c.c.e.c.e.GlobalExceptionHandler - Validation failed: email: Некорректный формат email; 
2026-09-19 17:13:24.541 [main] INFO  o.s.t.c.s.AnnotationConfigContextLoaderUtils - Could not detect default configuration classes for test class [com.crypto.exchange.web.security.JwtTokenProviderIntegrationTest]: JwtTokenProviderIntegrationTest does not declare any static, non-private, non-final, nested classes annotated with @Configuration.
2026-09-19 17:13:24.542 [main] INFO  o.s.b.t.c.SpringBootTestContextBootstrapper - Found @SpringBootConfiguration com.crypto.exchange.ExchangeApplication for test class com.crypto.exchange.web.security.JwtTokenProviderIntegrationTest
2026-09-19 17:13:24.735 [SpringApplicationShutdownHook] INFO  o.s.o.j.LocalContainerEntityManagerFactoryBean - Closing JPA EntityManagerFactory for persistence unit 'default'
2026-09-19 17:13:24.743 [SpringApplicationShutdownHook] INFO  com.zaxxer.hikari.HikariDataSource - HikariPool-1 - Shutdown initiated...
2026-09-19 17:13:24.745 [SpringApplicationShutdownHook] INFO  com.zaxxer.hikari.HikariDataSource - HikariPool-1 - Shutdown completed.
2026-09-19 17:13:24.749 [SpringApplicationShutdownHook] INFO  o.s.o.j.LocalContainerEntityManagerFactoryBean - Closing JPA EntityManagerFactory for persistence unit 'default'
2026-09-19 17:13:24.750 [SpringApplicationShutdownHook] INFO  com.zaxxer.hikari.HikariDataSource - HikariPool-2 - Shutdown initiated...
2026-09-19 17:13:24.751 [SpringApplicationShutdownHook] INFO  com.zaxxer.hikari.HikariDataSource - HikariPool-2 - Shutdown completed.
2026-09-19 17:18:24.077 [main] INFO  c.c.e.w.c.TransactionControllerIntegrationTest - Starting TransactionControllerIntegrationTest using Java 23.0.2 with PID 11384 (started by AxlLN in E:\exchange\CryptoExchange)
2026-09-19 17:18:24.077 [main] DEBUG c.c.e.w.c.TransactionControllerIntegrationTest - Running with Spring Boot v3.2.5, Spring v6.1.6
2026-09-19 17:18:24.078 [main] INFO  c.c.e.w.c.TransactionControllerIntegrationTest - No active profile set, falling back to 1 default profile: "default"
2026-09-19 17:18:26.357 [main] INFO  o.s.s.web.DefaultSecurityFilterChain - Will secure any request with [org.springframework.security.web.session.DisableEncodeUrlFilter@7a600e21, org.springframework.security.web.context.request.async.WebAsyncManagerIntegrationFilter@69d1ad64, org.springframework.security.web.context.SecurityContextHolderFilter@7b0dfa91, org.springframework.security.web.header.HeaderWriterFilter@131c5bd, org.springframework.web.filter.CorsFilter@458b4487, org.springframework.security.web.authentication.logout.LogoutFilter@af96ac9, com.crypto.exchange.web.security.JwtAuthenticationFilter@2e64ae1a, org.springframework.security.web.savedrequest.RequestCacheAwareFilter@3321fb65, org.springframework.security.web.servletapi.SecurityContextHolderAwareRequestFilter@7272914b, org.springframework.security.web.authentication.AnonymousAuthenticationFilter@53016c98, org.springframework.security.web.session.SessionManagementFilter@2627335c, org.springframework.security.web.access.ExceptionTranslationFilter@688efeb2, org.springframework.security.web.access.intercept.AuthorizationFilter@2696b687]
2026-09-19 17:18:26.573 [main] DEBUG c.c.e.w.s.JwtAuthenticationFilter - Filter 'jwtAuthenticationFilter' configured for use
2026-09-19 17:18:26.573 [main] INFO  o.s.b.t.m.w.SpringBootMockServletContext - Initializing Spring TestDispatcherServlet ''
2026-09-19 17:18:26.573 [main] INFO  o.s.t.w.s.TestDispatcherServlet - Initializing Servlet ''
2026-09-19 17:18:26.574 [main] INFO  o.s.t.w.s.TestDispatcherServlet - Completed initialization in 1 ms
2026-09-19 17:18:26.610 [main] INFO  c.c.e.w.c.TransactionControllerIntegrationTest - Started TransactionControllerIntegrationTest in 2.87 seconds (process running for 5.0)
2026-09-19 17:18:26.765 [main] INFO  o.s.t.c.s.AnnotationConfigContextLoaderUtils - Could not detect default configuration classes for test class [com.crypto.exchange.web.security.SecurityConfigIntegrationTest]: SecurityConfigIntegrationTest does not declare any static, non-private, non-final, nested classes annotated with @Configuration.
2026-09-19 17:18:26.783 [main] INFO  o.s.b.t.c.SpringBootTestContextBootstrapper - Found @SpringBootConfiguration com.crypto.exchange.ExchangeApplication for test class com.crypto.exchange.web.security.SecurityConfigIntegrationTest
2026-09-19 17:18:26.792 [main] INFO  o.s.b.d.r.RestartApplicationListener - Restart disabled due to context in which it is running
2026-09-19 17:18:26.826 [main] INFO  c.c.e.w.s.SecurityConfigIntegrationTest - Starting SecurityConfigIntegrationTest using Java 23.0.2 with PID 11384 (started by AxlLN in E:\exchange\CryptoExchange)
2026-09-19 17:18:26.826 [main] DEBUG c.c.e.w.s.SecurityConfigIntegrationTest - Running with Spring Boot v3.2.5, Spring v6.1.6
2026-09-19 17:18:26.826 [main] INFO  c.c.e.w.s.SecurityConfigIntegrationTest - The following 1 profile is active: "test"
2026-09-19 17:18:27.311 [main] INFO  o.s.d.r.c.RepositoryConfigurationDelegate - Bootstrapping Spring Data JPA repositories in DEFAULT mode.
2026-09-19 17:18:27.376 [main] INFO  o.s.d.r.c.RepositoryConfigurationDelegate - Finished Spring Data repository scanning in 58 ms. Found 6 JPA repository interfaces.
2026-09-19 17:18:27.616 [main] WARN  o.s.c.s.PostProcessorRegistrationDelegate$BeanPostProcessorChecker - Bean 'org.springframework.ws.config.annotation.DelegatingWsConfiguration' of type [org.springframework.ws.config.annotation.DelegatingWsConfiguration$$SpringCGLIB$$0] is not eligible for getting processed by all BeanPostProcessors (for example: not eligible for auto-proxying). The currently created BeanPostProcessor [annotationActionEndpointMapping] is declared through a non-static factory method on that class; consider declaring it as static instead.
2026-09-19 17:18:27.661 [main] INFO  o.s.w.s.a.s.AnnotationActionEndpointMapping - Supporting [WS-Addressing August 2004, WS-Addressing 1.0]
2026-09-19 17:18:27.890 [main] INFO  o.h.jpa.internal.util.LogHelper - HHH000204: Processing PersistenceUnitInfo [name: default]
2026-09-19 17:18:27.948 [main] INFO  org.hibernate.Version - HHH000412: Hibernate ORM core version 6.4.4.Final
2026-09-19 17:18:27.983 [main] INFO  o.h.c.i.RegionFactoryInitiator - HHH000026: Second-level cache disabled
2026-09-19 17:18:28.071 [main] INFO  o.s.o.j.p.SpringPersistenceUnitInfo - No LoadTimeWeaver setup: ignoring JPA class transformer
2026-09-19 17:18:28.101 [main] INFO  com.zaxxer.hikari.HikariDataSource - HikariPool-1 - Starting...
2026-09-19 17:18:28.282 [main] INFO  com.zaxxer.hikari.pool.HikariPool - HikariPool-1 - Added connection conn0: url=jdbc:h2:mem:testdb user=SA
2026-09-19 17:18:28.284 [main] INFO  com.zaxxer.hikari.HikariDataSource - HikariPool-1 - Start completed.
2026-09-19 17:18:28.312 [main] WARN  org.hibernate.orm.deprecation - HHH90000025: H2Dialect does not need to be specified explicitly using 'hibernate.dialect' (remove the property setting and it will be selected by default)
2026-09-19 17:18:29.143 [main] INFO  o.h.e.t.j.p.i.JtaPlatformInitiator - HHH000489: No JTA platform available (set 'hibernate.transaction.jta.platform' to enable JTA platform integration)
2026-09-19 17:18:29.211 [main] INFO  o.s.o.j.LocalContainerEntityManagerFactoryBean - Initialized JPA EntityManagerFactory for persistence unit 'default'
2026-09-19 17:18:29.535 [main] INFO  o.s.d.j.r.query.QueryEnhancerFactory - Hibernate is in classpath; If applicable, HQL parser will be used.
2026-09-19 17:18:30.468 [main] WARN  o.s.b.a.o.j.JpaBaseConfiguration$JpaWebConfiguration - spring.jpa.open-in-view is enabled by default. Therefore, database queries may be performed during view rendering. Explicitly configure spring.jpa.open-in-view to disable this warning
2026-09-19 17:18:30.587 [main] INFO  o.s.s.web.DefaultSecurityFilterChain - Will secure any request with [org.springframework.security.web.session.DisableEncodeUrlFilter@421581cd, org.springframework.security.web.context.request.async.WebAsyncManagerIntegrationFilter@7b0ad09a, org.springframework.security.web.context.SecurityContextHolderFilter@66c8c875, org.springframework.security.web.header.HeaderWriterFilter@5638bee0, org.springframework.web.filter.CorsFilter@76cb6b26, org.springframework.security.web.authentication.logout.LogoutFilter@74d9afea, com.crypto.exchange.web.security.JwtAuthenticationFilter@a57734e, org.springframework.security.web.savedrequest.RequestCacheAwareFilter@2d935682, org.springframework.security.web.servletapi.SecurityContextHolderAwareRequestFilter@3e4f326e, org.springframework.security.web.authentication.AnonymousAuthenticationFilter@60b84649, org.springframework.security.web.session.SessionManagementFilter@4db4ec6a, org.springframework.security.web.access.ExceptionTranslationFilter@4081622c, org.springframework.security.web.access.intercept.AuthorizationFilter@4d256e0]
2026-09-19 17:18:30.923 [main] DEBUG c.c.e.w.s.JwtAuthenticationFilter - Filter 'jwtAuthenticationFilter' configured for use
2026-09-19 17:18:30.923 [main] INFO  o.s.b.t.m.w.SpringBootMockServletContext - Initializing Spring TestDispatcherServlet ''
2026-09-19 17:18:30.923 [main] INFO  o.s.t.w.s.TestDispatcherServlet - Initializing Servlet ''
2026-09-19 17:18:30.924 [main] INFO  o.s.t.w.s.TestDispatcherServlet - Completed initialization in 1 ms
2026-09-19 17:18:30.940 [main] INFO  c.c.e.w.s.SecurityConfigIntegrationTest - Started SecurityConfigIntegrationTest in 4.148 seconds (process running for 9.331)
2026-09-19 17:18:30.949 [scheduling-1] INFO  c.c.e.core.aspect.LoggingAspect - Enter: com.crypto.exchange.core.service.CryptoInitializerService.scheduledPriceUpdate() with argument(s) = []
2026-09-19 17:18:30.949 [scheduling-1] INFO  c.c.e.c.s.CryptoInitializerService - Starting crypto price synchronization...
2026-09-19 17:18:31.216 [main] WARN  c.c.e.c.s.CryptoInitializerService - No matching cryptocurrency symbols found in API response.
2026-09-19 17:18:31.246 [main] INFO  c.c.e.c.s.CryptoInitializerService - Success! Updated and mapped 1 cryptocurrencies with CoinLore IDs
2026-09-19 17:18:31.257 [main] INFO  o.s.t.c.s.AnnotationConfigContextLoaderUtils - Could not detect default configuration classes for test class [com.crypto.exchange.web.controller.TransferControllerIntegrationTest]: TransferControllerIntegrationTest does not declare any static, non-private, non-final, nested classes annotated with @Configuration.
2026-09-19 17:18:31.264 [main] INFO  o.s.b.t.c.SpringBootTestContextBootstrapper - Found @SpringBootConfiguration com.crypto.exchange.ExchangeApplication for test class com.crypto.exchange.web.controller.TransferControllerIntegrationTest
2026-09-19 17:18:31.277 [main] INFO  o.s.b.d.r.RestartApplicationListener - Restart disabled due to context in which it is running
2026-09-19 17:18:31.299 [main] INFO  c.c.e.w.c.TransferControllerIntegrationTest - Starting TransferControllerIntegrationTest using Java 23.0.2 with PID 11384 (started by AxlLN in E:\exchange\CryptoExchange)
2026-09-19 17:18:31.299 [main] DEBUG c.c.e.w.c.TransferControllerIntegrationTest - Running with Spring Boot v3.2.5, Spring v6.1.6
2026-09-19 17:18:31.300 [main] INFO  c.c.e.w.c.TransferControllerIntegrationTest - No active profile set, falling back to 1 default profile: "default"
2026-09-19 17:18:31.615 [main] INFO  o.s.s.web.DefaultSecurityFilterChain - Will secure any request with [org.springframework.security.web.session.DisableEncodeUrlFilter@1fc7a5e8, org.springframework.security.web.context.request.async.WebAsyncManagerIntegrationFilter@e1ee5bf, org.springframework.security.web.context.SecurityContextHolderFilter@4e26774d, org.springframework.security.web.header.HeaderWriterFilter@d67d742, org.springframework.web.filter.CorsFilter@16ced6ac, org.springframework.security.web.authentication.logout.LogoutFilter@3c95bbb4, com.crypto.exchange.web.security.JwtAuthenticationFilter@3c21f35b, org.springframework.security.web.savedrequest.RequestCacheAwareFilter@39ba0bff, org.springframework.security.web.servletapi.SecurityContextHolderAwareRequestFilter@a54164d, org.springframework.security.web.authentication.AnonymousAuthenticationFilter@40883ca7, org.springframework.security.web.session.SessionManagementFilter@31cf5483, org.springframework.security.web.access.ExceptionTranslationFilter@111cdee8, org.springframework.security.web.access.intercept.AuthorizationFilter@7fd528aa]
2026-09-19 17:18:31.684 [main] DEBUG c.c.e.w.s.JwtAuthenticationFilter - Filter 'jwtAuthenticationFilter' configured for use
2026-09-19 17:18:31.685 [main] INFO  o.s.b.t.m.w.SpringBootMockServletContext - Initializing Spring TestDispatcherServlet ''
2026-09-19 17:18:31.685 [main] INFO  o.s.t.w.s.TestDispatcherServlet - Initializing Servlet ''
2026-09-19 17:18:31.685 [main] INFO  o.s.t.w.s.TestDispatcherServlet - Completed initialization in 0 ms
2026-09-19 17:18:31.691 [main] INFO  c.c.e.w.c.TransferControllerIntegrationTest - Started TransferControllerIntegrationTest in 0.422 seconds (process running for 10.081)
2026-09-19 17:18:31.811 [main] WARN  c.c.e.c.e.GlobalExceptionHandler - Validation failed: fromWalletId: Укажите ID кошелька списания; amount: Сумма должна быть больше 0; cryptoExternalId: Укажите external_id криптовалюты (например, bitcoin, ethereum); recipientAddress: Укажите адрес кошелька получателя; 
2026-09-19 17:18:32.541 [scheduling-1] INFO  c.c.e.c.s.CryptoInitializerService - Success! Updated and mapped 8 cryptocurrencies with CoinLore IDs
2026-09-19 17:18:32.541 [scheduling-1] INFO  c.c.e.core.aspect.LoggingAspect - Exit: com.crypto.exchange.core.service.CryptoInitializerService.scheduledPriceUpdate() executed in 1592 ms with result = null
2026-09-19 17:18:32.625 [main] WARN  c.c.e.c.n.EmailNotificationListener - Пропуск отправки письма: email не указан для транзакции #1
2026-09-19 17:18:32.627 [main] WARN  c.c.e.c.n.EmailNotificationListener - Пропуск отправки письма: email не указан для транзакции #1
2026-09-19 17:18:32.686 [main] INFO  c.c.e.c.n.EmailNotificationListener - Квитанция отправлена на test@example.com по транзакции #1
2026-09-19 17:18:32.701 [main] ERROR c.c.e.c.n.EmailNotificationListener - Ошибка при отправке письма для транзакции #1
java.lang.RuntimeException: SMTP server error
	at org.springframework.mail.javamail.JavaMailSender.send(JavaMailSender.java:101)
	at com.crypto.exchange.core.notification.EmailNotificationListener.handleTransactionCompleted(EmailNotificationListener.java:44)
	at com.crypto.exchange.core.notification.EmailNotificationListenerTest.handleTransactionCompleted_shouldCatchExceptionAndNotThrow(EmailNotificationListenerTest.java:110)
	at java.base/jdk.internal.reflect.DirectMethodHandleAccessor.invoke(DirectMethodHandleAccessor.java:103)
	at java.base/java.lang.reflect.Method.invoke(Method.java:580)
	at org.junit.platform.commons.util.ReflectionUtils.invokeMethod(ReflectionUtils.java:728)
	at org.junit.jupiter.engine.execution.MethodInvocation.proceed(MethodInvocation.java:60)
	at org.junit.jupiter.engine.execution.InvocationInterceptorChain$ValidatingInvocation.proceed(InvocationInterceptorChain.java:131)
	at org.junit.jupiter.engine.extension.TimeoutExtension.intercept(TimeoutExtension.java:156)
	at org.junit.jupiter.engine.extension.TimeoutExtension.interceptTestableMethod(TimeoutExtension.java:147)
	at org.junit.jupiter.engine.extension.TimeoutExtension.interceptTestMethod(TimeoutExtension.java:86)
	at org.junit.jupiter.engine.execution.InterceptingExecutableInvoker$ReflectiveInterceptorCall.lambda$ofVoidMethod$0(InterceptingExecutableInvoker.java:103)
	at org.junit.jupiter.engine.execution.InterceptingExecutableInvoker.lambda$invoke$0(InterceptingExecutableInvoker.java:93)
	at org.junit.jupiter.engine.execution.InvocationInterceptorChain$InterceptedInvocation.proceed(InvocationInterceptorChain.java:106)
	at org.junit.jupiter.engine.execution.InvocationInterceptorChain.proceed(InvocationInterceptorChain.java:64)
	at org.junit.jupiter.engine.execution.InvocationInterceptorChain.chainAndInvoke(InvocationInterceptorChain.java:45)
	at org.junit.jupiter.engine.execution.InvocationInterceptorChain.invoke(InvocationInterceptorChain.java:37)
	at org.junit.jupiter.engine.execution.InterceptingExecutableInvoker.invoke(InterceptingExecutableInvoker.java:92)
	at org.junit.jupiter.engine.execution.InterceptingExecutableInvoker.invoke(InterceptingExecutableInvoker.java:86)
	at org.junit.jupiter.engine.descriptor.TestMethodTestDescriptor.lambda$invokeTestMethod$7(TestMethodTestDescriptor.java:218)
	at org.junit.platform.engine.support.hierarchical.ThrowableCollector.execute(ThrowableCollector.java:73)
	at org.junit.jupiter.engine.descriptor.TestMethodTestDescriptor.invokeTestMethod(TestMethodTestDescriptor.java:214)
	at org.junit.jupiter.engine.descriptor.TestMethodTestDescriptor.execute(TestMethodTestDescriptor.java:139)
	at org.junit.jupiter.engine.descriptor.TestMethodTestDescriptor.execute(TestMethodTestDescriptor.java:69)
	at org.junit.platform.engine.support.hierarchical.NodeTestTask.lambda$executeRecursively$6(NodeTestTask.java:151)
	at org.junit.platform.engine.support.hierarchical.ThrowableCollector.execute(ThrowableCollector.java:73)
	at org.junit.platform.engine.support.hierarchical.NodeTestTask.lambda$executeRecursively$8(NodeTestTask.java:141)
	at org.junit.platform.engine.support.hierarchical.Node.around(Node.java:137)
	at org.junit.platform.engine.support.hierarchical.NodeTestTask.lambda$executeRecursively$9(NodeTestTask.java:139)
	at org.junit.platform.engine.support.hierarchical.ThrowableCollector.execute(ThrowableCollector.java:73)
	at org.junit.platform.engine.support.hierarchical.NodeTestTask.executeRecursively(NodeTestTask.java:138)
	at org.junit.platform.engine.support.hierarchical.NodeTestTask.execute(NodeTestTask.java:95)
	at java.base/java.util.ArrayList.forEach(ArrayList.java:1597)
	at org.junit.platform.engine.support.hierarchical.SameThreadHierarchicalTestExecutorService.invokeAll(SameThreadHierarchicalTestExecutorService.java:41)
	at org.junit.platform.engine.support.hierarchical.NodeTestTask.lambda$executeRecursively$6(NodeTestTask.java:155)
	at org.junit.platform.engine.support.hierarchical.ThrowableCollector.execute(ThrowableCollector.java:73)
	at org.junit.platform.engine.support.hierarchical.NodeTestTask.lambda$executeRecursively$8(NodeTestTask.java:141)
	at org.junit.platform.engine.support.hierarchical.Node.around(Node.java:137)
	at org.junit.platform.engine.support.hierarchical.NodeTestTask.lambda$executeRecursively$9(NodeTestTask.java:139)
	at org.junit.platform.engine.support.hierarchical.ThrowableCollector.execute(ThrowableCollector.java:73)
	at org.junit.platform.engine.support.hierarchical.NodeTestTask.executeRecursively(NodeTestTask.java:138)
	at org.junit.platform.engine.support.hierarchical.NodeTestTask.execute(NodeTestTask.java:95)
	at java.base/java.util.ArrayList.forEach(ArrayList.java:1597)
	at org.junit.platform.engine.support.hierarchical.SameThreadHierarchicalTestExecutorService.invokeAll(SameThreadHierarchicalTestExecutorService.java:41)
	at org.junit.platform.engine.support.hierarchical.NodeTestTask.lambda$executeRecursively$6(NodeTestTask.java:155)
	at org.junit.platform.engine.support.hierarchical.ThrowableCollector.execute(ThrowableCollector.java:73)
	at org.junit.platform.engine.support.hierarchical.NodeTestTask.lambda$executeRecursively$8(NodeTestTask.java:141)
	at org.junit.platform.engine.support.hierarchical.Node.around(Node.java:137)
	at org.junit.platform.engine.support.hierarchical.NodeTestTask.lambda$executeRecursively$9(NodeTestTask.java:139)
	at org.junit.platform.engine.support.hierarchical.ThrowableCollector.execute(ThrowableCollector.java:73)
	at org.junit.platform.engine.support.hierarchical.NodeTestTask.executeRecursively(NodeTestTask.java:138)
	at org.junit.platform.engine.support.hierarchical.NodeTestTask.execute(NodeTestTask.java:95)
	at org.junit.platform.engine.support.hierarchical.SameThreadHierarchicalTestExecutorService.submit(SameThreadHierarchicalTestExecutorService.java:35)
	at org.junit.platform.engine.support.hierarchical.HierarchicalTestExecutor.execute(HierarchicalTestExecutor.java:57)
	at org.junit.platform.engine.support.hierarchical.HierarchicalTestEngine.execute(HierarchicalTestEngine.java:54)
	at org.junit.platform.launcher.core.EngineExecutionOrchestrator.execute(EngineExecutionOrchestrator.java:198)
	at org.junit.platform.launcher.core.EngineExecutionOrchestrator.execute(EngineExecutionOrchestrator.java:169)
	at org.junit.platform.launcher.core.EngineExecutionOrchestrator.execute(EngineExecutionOrchestrator.java:93)
	at org.junit.platform.launcher.core.EngineExecutionOrchestrator.lambda$execute$0(EngineExecutionOrchestrator.java:58)
	at org.junit.platform.launcher.core.EngineExecutionOrchestrator.withInterceptedStreams(EngineExecutionOrchestrator.java:141)
	at org.junit.platform.launcher.core.EngineExecutionOrchestrator.execute(EngineExecutionOrchestrator.java:57)
	at org.junit.platform.launcher.core.DefaultLauncher.execute(DefaultLauncher.java:103)
	at org.junit.platform.launcher.core.DefaultLauncher.execute(DefaultLauncher.java:85)
	at org.junit.platform.launcher.core.DelegatingLauncher.execute(DelegatingLauncher.java:47)
	at org.junit.platform.launcher.core.SessionPerRequestLauncher.execute(SessionPerRequestLauncher.java:63)
	at com.intellij.junit5.JUnit5IdeaTestRunner.startRunnerWithArgs(JUnit5IdeaTestRunner.java:66)
	at com.intellij.rt.junit.IdeaTestRunner$Repeater$1.execute(IdeaTestRunner.java:38)
	at com.intellij.rt.execution.junit.TestsRepeater.repeat(TestsRepeater.java:11)
	at com.intellij.rt.junit.IdeaTestRunner$Repeater.startRunnerWithArgs(IdeaTestRunner.java:35)
	at com.intellij.rt.junit.JUnitStarter.prepareStreamsAndStart(JUnitStarter.java:237)
	at com.intellij.rt.junit.JUnitStarter.main(JUnitStarter.java:58)
2026-09-19 17:18:32.782 [main] INFO  o.s.t.c.s.AnnotationConfigContextLoaderUtils - Could not detect default configuration classes for test class [com.crypto.exchange.web.controller.CryptoCurrencyControllerIntegrationTest]: CryptoCurrencyControllerIntegrationTest does not declare any static, non-private, non-final, nested classes annotated with @Configuration.
2026-09-19 17:18:32.788 [main] INFO  o.s.b.t.c.SpringBootTestContextBootstrapper - Found @SpringBootConfiguration com.crypto.exchange.ExchangeApplication for test class com.crypto.exchange.web.controller.CryptoCurrencyControllerIntegrationTest
2026-09-19 17:18:32.791 [main] INFO  o.s.b.d.r.RestartApplicationListener - Restart disabled due to context in which it is running
2026-09-19 17:18:32.805 [main] INFO  c.c.e.w.c.CryptoCurrencyControllerIntegrationTest - Starting CryptoCurrencyControllerIntegrationTest using Java 23.0.2 with PID 11384 (started by AxlLN in E:\exchange\CryptoExchange)
2026-09-19 17:18:32.805 [main] DEBUG c.c.e.w.c.CryptoCurrencyControllerIntegrationTest - Running with Spring Boot v3.2.5, Spring v6.1.6
2026-09-19 17:18:32.806 [main] INFO  c.c.e.w.c.CryptoCurrencyControllerIntegrationTest - No active profile set, falling back to 1 default profile: "default"
2026-09-19 17:18:33.150 [main] INFO  o.s.s.web.DefaultSecurityFilterChain - Will secure any request with [org.springframework.security.web.session.DisableEncodeUrlFilter@11c093dd, org.springframework.security.web.context.request.async.WebAsyncManagerIntegrationFilter@69bcbb8, org.springframework.security.web.context.SecurityContextHolderFilter@41d2c03e, org.springframework.security.web.header.HeaderWriterFilter@1eb1e607, org.springframework.web.filter.CorsFilter@72fc0b37, org.springframework.security.web.authentication.logout.LogoutFilter@653e4e4b, com.crypto.exchange.web.security.JwtAuthenticationFilter@26f44b4a, org.springframework.security.web.savedrequest.RequestCacheAwareFilter@67d5c07, org.springframework.security.web.servletapi.SecurityContextHolderAwareRequestFilter@17ed0311, org.springframework.security.web.authentication.AnonymousAuthenticationFilter@2ac05560, org.springframework.security.web.session.SessionManagementFilter@1a37f8b6, org.springframework.security.web.access.ExceptionTranslationFilter@3bcf94ef, org.springframework.security.web.access.intercept.AuthorizationFilter@76c5d43c]
2026-09-19 17:18:33.196 [main] DEBUG c.c.e.w.s.JwtAuthenticationFilter - Filter 'jwtAuthenticationFilter' configured for use
2026-09-19 17:18:33.196 [main] INFO  o.s.b.t.m.w.SpringBootMockServletContext - Initializing Spring TestDispatcherServlet ''
2026-09-19 17:18:33.196 [main] INFO  o.s.t.w.s.TestDispatcherServlet - Initializing Servlet ''
2026-09-19 17:18:33.197 [main] INFO  o.s.t.w.s.TestDispatcherServlet - Completed initialization in 1 ms
2026-09-19 17:18:33.202 [main] INFO  c.c.e.w.c.CryptoCurrencyControllerIntegrationTest - Started CryptoCurrencyControllerIntegrationTest in 0.411 seconds (process running for 11.592)
2026-09-19 17:18:33.474 [main] INFO  o.s.t.c.s.AnnotationConfigContextLoaderUtils - Could not detect default configuration classes for test class [com.crypto.exchange.web.controller.WalletControllerIntegrationTest]: WalletControllerIntegrationTest does not declare any static, non-private, non-final, nested classes annotated with @Configuration.
2026-09-19 17:18:33.480 [main] INFO  o.s.b.t.c.SpringBootTestContextBootstrapper - Found @SpringBootConfiguration com.crypto.exchange.ExchangeApplication for test class com.crypto.exchange.web.controller.WalletControllerIntegrationTest
2026-09-19 17:18:33.482 [main] INFO  o.s.b.d.r.RestartApplicationListener - Restart disabled due to context in which it is running
2026-09-19 17:18:33.493 [main] INFO  c.c.e.w.c.WalletControllerIntegrationTest - Starting WalletControllerIntegrationTest using Java 23.0.2 with PID 11384 (started by AxlLN in E:\exchange\CryptoExchange)
2026-09-19 17:18:33.494 [main] DEBUG c.c.e.w.c.WalletControllerIntegrationTest - Running with Spring Boot v3.2.5, Spring v6.1.6
2026-09-19 17:18:33.494 [main] INFO  c.c.e.w.c.WalletControllerIntegrationTest - No active profile set, falling back to 1 default profile: "default"
2026-09-19 17:18:33.751 [main] INFO  o.s.s.web.DefaultSecurityFilterChain - Will secure any request with [org.springframework.security.web.session.DisableEncodeUrlFilter@21168f37, org.springframework.security.web.context.request.async.WebAsyncManagerIntegrationFilter@1337e769, org.springframework.security.web.context.SecurityContextHolderFilter@283d49e5, org.springframework.security.web.header.HeaderWriterFilter@7d47b10d, org.springframework.web.filter.CorsFilter@5027e1ee, org.springframework.security.web.authentication.logout.LogoutFilter@692b6703, com.crypto.exchange.web.security.JwtAuthenticationFilter@3d18e899, org.springframework.security.web.savedrequest.RequestCacheAwareFilter@58f0bd05, org.springframework.security.web.servletapi.SecurityContextHolderAwareRequestFilter@187fb0cf, org.springframework.security.web.authentication.AnonymousAuthenticationFilter@1793a8e6, org.springframework.security.web.session.SessionManagementFilter@433e1d21, org.springframework.security.web.access.ExceptionTranslationFilter@149c942b, org.springframework.security.web.access.intercept.AuthorizationFilter@51f2d03c]
2026-09-19 17:18:33.816 [main] DEBUG c.c.e.w.s.JwtAuthenticationFilter - Filter 'jwtAuthenticationFilter' configured for use
2026-09-19 17:18:33.816 [main] INFO  o.s.b.t.m.w.SpringBootMockServletContext - Initializing Spring TestDispatcherServlet ''
2026-09-19 17:18:33.816 [main] INFO  o.s.t.w.s.TestDispatcherServlet - Initializing Servlet ''
2026-09-19 17:18:33.817 [main] INFO  o.s.t.w.s.TestDispatcherServlet - Completed initialization in 1 ms
2026-09-19 17:18:33.824 [main] INFO  c.c.e.w.c.WalletControllerIntegrationTest - Started WalletControllerIntegrationTest in 0.342 seconds (process running for 12.214)
2026-09-19 17:18:33.912 [main] INFO  o.s.t.c.s.AnnotationConfigContextLoaderUtils - Could not detect default configuration classes for test class [com.crypto.exchange.web.controller.UserControllerIntegrationTest]: UserControllerIntegrationTest does not declare any static, non-private, non-final, nested classes annotated with @Configuration.
2026-09-19 17:18:33.917 [main] INFO  o.s.b.t.c.SpringBootTestContextBootstrapper - Found @SpringBootConfiguration com.crypto.exchange.ExchangeApplication for test class com.crypto.exchange.web.controller.UserControllerIntegrationTest
2026-09-19 17:18:33.920 [main] INFO  o.s.b.d.r.RestartApplicationListener - Restart disabled due to context in which it is running
2026-09-19 17:18:33.931 [main] INFO  c.c.e.w.c.UserControllerIntegrationTest - Starting UserControllerIntegrationTest using Java 23.0.2 with PID 11384 (started by AxlLN in E:\exchange\CryptoExchange)
2026-09-19 17:18:33.931 [main] DEBUG c.c.e.w.c.UserControllerIntegrationTest - Running with Spring Boot v3.2.5, Spring v6.1.6
2026-09-19 17:18:33.931 [main] INFO  c.c.e.w.c.UserControllerIntegrationTest - No active profile set, falling back to 1 default profile: "default"
2026-09-19 17:18:34.217 [main] INFO  o.s.s.web.DefaultSecurityFilterChain - Will secure any request with [org.springframework.security.web.session.DisableEncodeUrlFilter@147faaa8, org.springframework.security.web.context.request.async.WebAsyncManagerIntegrationFilter@28791945, org.springframework.security.web.context.SecurityContextHolderFilter@5f314302, org.springframework.security.web.header.HeaderWriterFilter@79cc12ee, org.springframework.web.filter.CorsFilter@233352da, org.springframework.security.web.authentication.logout.LogoutFilter@16a553f9, com.crypto.exchange.web.security.JwtAuthenticationFilter@262dc30b, org.springframework.security.web.savedrequest.RequestCacheAwareFilter@14a689a, org.springframework.security.web.servletapi.SecurityContextHolderAwareRequestFilter@1808513f, org.springframework.security.web.authentication.AnonymousAuthenticationFilter@2b21bb4d, org.springframework.security.web.session.SessionManagementFilter@49425914, org.springframework.security.web.access.ExceptionTranslationFilter@8cacdeb, org.springframework.security.web.access.intercept.AuthorizationFilter@1e22c706]
2026-09-19 17:18:34.278 [main] DEBUG c.c.e.w.s.JwtAuthenticationFilter - Filter 'jwtAuthenticationFilter' configured for use
2026-09-19 17:18:34.278 [main] INFO  o.s.b.t.m.w.SpringBootMockServletContext - Initializing Spring TestDispatcherServlet ''
2026-09-19 17:18:34.278 [main] INFO  o.s.t.w.s.TestDispatcherServlet - Initializing Servlet ''
2026-09-19 17:18:34.278 [main] INFO  o.s.t.w.s.TestDispatcherServlet - Completed initialization in 0 ms
2026-09-19 17:18:34.287 [main] INFO  c.c.e.w.c.UserControllerIntegrationTest - Started UserControllerIntegrationTest in 0.367 seconds (process running for 12.677)
2026-09-19 17:18:34.316 [main] INFO  o.s.t.c.s.AnnotationConfigContextLoaderUtils - Could not detect default configuration classes for test class [com.crypto.exchange.ExchangeApplicationTests]: ExchangeApplicationTests does not declare any static, non-private, non-final, nested classes annotated with @Configuration.
2026-09-19 17:18:34.322 [main] INFO  o.s.b.t.c.SpringBootTestContextBootstrapper - Found @SpringBootConfiguration com.crypto.exchange.ExchangeApplication for test class com.crypto.exchange.ExchangeApplicationTests
2026-09-19 17:18:34.325 [main] INFO  o.s.b.d.r.RestartApplicationListener - Restart disabled due to context in which it is running
2026-09-19 17:18:34.343 [main] INFO  c.c.e.ExchangeApplicationTests - Starting ExchangeApplicationTests using Java 23.0.2 with PID 11384 (started by AxlLN in E:\exchange\CryptoExchange)
2026-09-19 17:18:34.343 [main] DEBUG c.c.e.ExchangeApplicationTests - Running with Spring Boot v3.2.5, Spring v6.1.6
2026-09-19 17:18:34.343 [main] INFO  c.c.e.ExchangeApplicationTests - The following 1 profile is active: "test"
2026-09-19 17:18:34.522 [main] INFO  o.s.d.r.c.RepositoryConfigurationDelegate - Bootstrapping Spring Data JPA repositories in DEFAULT mode.
2026-09-19 17:18:34.542 [main] INFO  o.s.d.r.c.RepositoryConfigurationDelegate - Finished Spring Data repository scanning in 20 ms. Found 6 JPA repository interfaces.
2026-09-19 17:18:34.601 [main] WARN  o.s.c.s.PostProcessorRegistrationDelegate$BeanPostProcessorChecker - Bean 'org.springframework.ws.config.annotation.DelegatingWsConfiguration' of type [org.springframework.ws.config.annotation.DelegatingWsConfiguration$$SpringCGLIB$$0] is not eligible for getting processed by all BeanPostProcessors (for example: not eligible for auto-proxying). The currently created BeanPostProcessor [annotationActionEndpointMapping] is declared through a non-static factory method on that class; consider declaring it as static instead.
2026-09-19 17:18:34.602 [main] INFO  o.s.w.s.a.s.AnnotationActionEndpointMapping - Supporting [WS-Addressing August 2004, WS-Addressing 1.0]
2026-09-19 17:18:34.660 [main] INFO  o.h.jpa.internal.util.LogHelper - HHH000204: Processing PersistenceUnitInfo [name: default]
2026-09-19 17:18:34.662 [main] INFO  o.h.c.i.RegionFactoryInitiator - HHH000026: Second-level cache disabled
2026-09-19 17:18:34.668 [main] INFO  o.s.o.j.p.SpringPersistenceUnitInfo - No LoadTimeWeaver setup: ignoring JPA class transformer
2026-09-19 17:18:34.669 [main] INFO  com.zaxxer.hikari.HikariDataSource - HikariPool-2 - Starting...
2026-09-19 17:18:34.670 [main] INFO  com.zaxxer.hikari.pool.HikariPool - HikariPool-2 - Added connection conn10: url=jdbc:h2:mem:testdb user=SA
2026-09-19 17:18:34.671 [main] INFO  com.zaxxer.hikari.HikariDataSource - HikariPool-2 - Start completed.
2026-09-19 17:18:34.671 [main] WARN  org.hibernate.orm.deprecation - HHH90000025: H2Dialect does not need to be specified explicitly using 'hibernate.dialect' (remove the property setting and it will be selected by default)
2026-09-19 17:18:34.781 [main] INFO  o.h.e.t.j.p.i.JtaPlatformInitiator - HHH000489: No JTA platform available (set 'hibernate.transaction.jta.platform' to enable JTA platform integration)
2026-09-19 17:18:34.812 [main] INFO  o.s.o.j.LocalContainerEntityManagerFactoryBean - Initialized JPA EntityManagerFactory for persistence unit 'default'
2026-09-19 17:18:35.061 [main] WARN  o.s.b.a.o.j.JpaBaseConfiguration$JpaWebConfiguration - spring.jpa.open-in-view is enabled by default. Therefore, database queries may be performed during view rendering. Explicitly configure spring.jpa.open-in-view to disable this warning
2026-09-19 17:18:35.181 [main] INFO  o.s.s.web.DefaultSecurityFilterChain - Will secure any request with [org.springframework.security.web.session.DisableEncodeUrlFilter@49d54ae7, org.springframework.security.web.context.request.async.WebAsyncManagerIntegrationFilter@393a75b1, org.springframework.security.web.context.SecurityContextHolderFilter@11c33baa, org.springframework.security.web.header.HeaderWriterFilter@73bbc999, org.springframework.web.filter.CorsFilter@1f9fd958, org.springframework.security.web.authentication.logout.LogoutFilter@781111d5, com.crypto.exchange.web.security.JwtAuthenticationFilter@f9d8f4a, org.springframework.security.web.savedrequest.RequestCacheAwareFilter@4c4249a8, org.springframework.security.web.servletapi.SecurityContextHolderAwareRequestFilter@6198b6b8, org.springframework.security.web.authentication.AnonymousAuthenticationFilter@5725ef1c, org.springframework.security.web.session.SessionManagementFilter@733c4651, org.springframework.security.web.access.ExceptionTranslationFilter@1d381c96, org.springframework.security.web.access.intercept.AuthorizationFilter@2c94770]
2026-09-19 17:18:35.358 [main] INFO  c.c.e.ExchangeApplicationTests - Started ExchangeApplicationTests in 1.033 seconds (process running for 13.748)
2026-09-19 17:18:35.358 [scheduling-1] INFO  c.c.e.core.aspect.LoggingAspect - Enter: com.crypto.exchange.core.service.CryptoInitializerService.scheduledPriceUpdate() with argument(s) = []
2026-09-19 17:18:35.358 [scheduling-1] INFO  c.c.e.c.s.CryptoInitializerService - Starting crypto price synchronization...
2026-09-19 17:18:35.371 [main] DEBUG c.c.e.c.s.CryptoPriceHistoryService - Fetching price history for crypto ID: 999 with pageable: Page request [number: 0, size 10, sort: UNSORTED]
2026-09-19 17:18:35.375 [main] DEBUG c.c.e.c.s.CryptoPriceHistoryService - Fetching price history for crypto ID: 1 with pageable: Page request [number: 0, size 10, sort: UNSORTED]
2026-09-19 17:18:35.382 [main] INFO  o.s.t.c.s.AnnotationConfigContextLoaderUtils - Could not detect default configuration classes for test class [com.crypto.exchange.web.controller.AdminUserControllerIntegrationTest]: AdminUserControllerIntegrationTest does not declare any static, non-private, non-final, nested classes annotated with @Configuration.
2026-09-19 17:18:35.389 [main] INFO  o.s.b.t.c.SpringBootTestContextBootstrapper - Found @SpringBootConfiguration com.crypto.exchange.ExchangeApplication for test class com.crypto.exchange.web.controller.AdminUserControllerIntegrationTest
2026-09-19 17:18:35.392 [main] INFO  o.s.b.d.r.RestartApplicationListener - Restart disabled due to context in which it is running
2026-09-19 17:18:35.408 [main] INFO  c.c.e.w.c.AdminUserControllerIntegrationTest - Starting AdminUserControllerIntegrationTest using Java 23.0.2 with PID 11384 (started by AxlLN in E:\exchange\CryptoExchange)
2026-09-19 17:18:35.409 [main] DEBUG c.c.e.w.c.AdminUserControllerIntegrationTest - Running with Spring Boot v3.2.5, Spring v6.1.6
2026-09-19 17:18:35.409 [main] INFO  c.c.e.w.c.AdminUserControllerIntegrationTest - No active profile set, falling back to 1 default profile: "default"
2026-09-19 17:18:35.427 [scheduling-1] INFO  c.c.e.c.s.CryptoInitializerService - Success! Updated and mapped 8 cryptocurrencies with CoinLore IDs
2026-09-19 17:18:35.427 [scheduling-1] INFO  c.c.e.core.aspect.LoggingAspect - Exit: com.crypto.exchange.core.service.CryptoInitializerService.scheduledPriceUpdate() executed in 69 ms with result = null
2026-09-19 17:18:35.639 [main] INFO  o.s.s.web.DefaultSecurityFilterChain - Will secure any request with [org.springframework.security.web.session.DisableEncodeUrlFilter@7f25741f, org.springframework.security.web.context.request.async.WebAsyncManagerIntegrationFilter@f3e36aa, org.springframework.security.web.context.SecurityContextHolderFilter@3a4aba84, org.springframework.security.web.header.HeaderWriterFilter@3782e7, org.springframework.web.filter.CorsFilter@5ca63fd8, org.springframework.security.web.authentication.logout.LogoutFilter@30180e67, com.crypto.exchange.web.security.JwtAuthenticationFilter@18c1d366, org.springframework.security.web.savedrequest.RequestCacheAwareFilter@5956be7c, org.springframework.security.web.servletapi.SecurityContextHolderAwareRequestFilter@654a3f0b, org.springframework.security.web.authentication.AnonymousAuthenticationFilter@dcd3351, org.springframework.security.web.session.SessionManagementFilter@1485c38d, org.springframework.security.web.access.ExceptionTranslationFilter@f5d944d, org.springframework.security.web.access.intercept.AuthorizationFilter@68d72db0]
2026-09-19 17:18:35.701 [main] DEBUG c.c.e.w.s.JwtAuthenticationFilter - Filter 'jwtAuthenticationFilter' configured for use
2026-09-19 17:18:35.702 [main] INFO  o.s.b.t.m.w.SpringBootMockServletContext - Initializing Spring TestDispatcherServlet ''
2026-09-19 17:18:35.702 [main] INFO  o.s.t.w.s.TestDispatcherServlet - Initializing Servlet ''
2026-09-19 17:18:35.702 [main] INFO  o.s.t.w.s.TestDispatcherServlet - Completed initialization in 0 ms
2026-09-19 17:18:35.708 [main] INFO  c.c.e.w.c.AdminUserControllerIntegrationTest - Started AdminUserControllerIntegrationTest in 0.316 seconds (process running for 14.098)
2026-09-19 17:18:35.761 [main] INFO  o.s.t.c.s.AnnotationConfigContextLoaderUtils - Could not detect default configuration classes for test class [com.crypto.exchange.web.controller.AuthControllerIntegrationTest]: AuthControllerIntegrationTest does not declare any static, non-private, non-final, nested classes annotated with @Configuration.
2026-09-19 17:18:35.766 [main] INFO  o.s.b.t.c.SpringBootTestContextBootstrapper - Found @SpringBootConfiguration com.crypto.exchange.ExchangeApplication for test class com.crypto.exchange.web.controller.AuthControllerIntegrationTest
2026-09-19 17:18:35.768 [main] INFO  o.s.b.d.r.RestartApplicationListener - Restart disabled due to context in which it is running
2026-09-19 17:18:35.783 [main] INFO  c.c.e.w.c.AuthControllerIntegrationTest - Starting AuthControllerIntegrationTest using Java 23.0.2 with PID 11384 (started by AxlLN in E:\exchange\CryptoExchange)
2026-09-19 17:18:35.783 [main] DEBUG c.c.e.w.c.AuthControllerIntegrationTest - Running with Spring Boot v3.2.5, Spring v6.1.6
2026-09-19 17:18:35.784 [main] INFO  c.c.e.w.c.AuthControllerIntegrationTest - No active profile set, falling back to 1 default profile: "default"
2026-09-19 17:18:35.987 [main] INFO  o.s.s.web.DefaultSecurityFilterChain - Will secure any request with [org.springframework.security.web.session.DisableEncodeUrlFilter@3a8133b1, org.springframework.security.web.context.request.async.WebAsyncManagerIntegrationFilter@1454fb8, org.springframework.security.web.context.SecurityContextHolderFilter@583064ea, org.springframework.security.web.header.HeaderWriterFilter@334a878e, org.springframework.web.filter.CorsFilter@538a106e, org.springframework.security.web.authentication.logout.LogoutFilter@509d7c4d, com.crypto.exchange.web.security.JwtAuthenticationFilter@7bac7cfd, org.springframework.security.web.savedrequest.RequestCacheAwareFilter@4a61a664, org.springframework.security.web.servletapi.SecurityContextHolderAwareRequestFilter@2d703e51, org.springframework.security.web.authentication.AnonymousAuthenticationFilter@5c86ddf1, org.springframework.security.web.session.SessionManagementFilter@4144264, org.springframework.security.web.access.ExceptionTranslationFilter@2a171a82, org.springframework.security.web.access.intercept.AuthorizationFilter@3ba684ba]
2026-09-19 17:18:36.030 [main] DEBUG c.c.e.w.s.JwtAuthenticationFilter - Filter 'jwtAuthenticationFilter' configured for use
2026-09-19 17:18:36.031 [main] INFO  o.s.b.t.m.w.SpringBootMockServletContext - Initializing Spring TestDispatcherServlet ''
2026-09-19 17:18:36.031 [main] INFO  o.s.t.w.s.TestDispatcherServlet - Initializing Servlet ''
2026-09-19 17:18:36.031 [main] INFO  o.s.t.w.s.TestDispatcherServlet - Completed initialization in 0 ms
2026-09-19 17:18:36.036 [main] INFO  c.c.e.w.c.AuthControllerIntegrationTest - Started AuthControllerIntegrationTest in 0.268 seconds (process running for 14.426)
2026-09-19 17:18:36.048 [main] WARN  c.c.e.c.e.GlobalExceptionHandler - Validation failed: password: Пароль не может быть пустым; 
2026-09-19 17:18:36.077 [main] WARN  c.c.e.c.e.GlobalExceptionHandler - Validation failed: email: Некорректный формат email; 
2026-09-19 17:18:36.242 [main] INFO  o.s.t.c.s.AnnotationConfigContextLoaderUtils - Could not detect default configuration classes for test class [com.crypto.exchange.web.security.JwtTokenProviderIntegrationTest]: JwtTokenProviderIntegrationTest does not declare any static, non-private, non-final, nested classes annotated with @Configuration.
2026-09-19 17:18:36.243 [main] INFO  o.s.b.t.c.SpringBootTestContextBootstrapper - Found @SpringBootConfiguration com.crypto.exchange.ExchangeApplication for test class com.crypto.exchange.web.security.JwtTokenProviderIntegrationTest
2026-09-19 17:18:36.430 [SpringApplicationShutdownHook] INFO  o.s.o.j.LocalContainerEntityManagerFactoryBean - Closing JPA EntityManagerFactory for persistence unit 'default'
2026-09-19 17:18:36.439 [SpringApplicationShutdownHook] INFO  com.zaxxer.hikari.HikariDataSource - HikariPool-1 - Shutdown initiated...
2026-09-19 17:18:36.441 [SpringApplicationShutdownHook] INFO  com.zaxxer.hikari.HikariDataSource - HikariPool-1 - Shutdown completed.
2026-09-19 17:18:36.445 [SpringApplicationShutdownHook] INFO  o.s.o.j.LocalContainerEntityManagerFactoryBean - Closing JPA EntityManagerFactory for persistence unit 'default'
2026-09-19 17:18:36.445 [SpringApplicationShutdownHook] INFO  com.zaxxer.hikari.HikariDataSource - HikariPool-2 - Shutdown initiated...
2026-09-19 17:18:36.446 [SpringApplicationShutdownHook] INFO  com.zaxxer.hikari.HikariDataSource - HikariPool-2 - Shutdown completed.
2026-09-19 17:22:20.776 [main] INFO  c.c.e.w.c.TransactionControllerIntegrationTest - Starting TransactionControllerIntegrationTest using Java 23.0.2 with PID 9328 (started by AxlLN in E:\exchange\CryptoExchange)
2026-09-19 17:22:20.778 [main] DEBUG c.c.e.w.c.TransactionControllerIntegrationTest - Running with Spring Boot v3.2.5, Spring v6.1.6
2026-09-19 17:22:20.780 [main] INFO  c.c.e.w.c.TransactionControllerIntegrationTest - No active profile set, falling back to 1 default profile: "default"
2026-09-19 17:22:23.986 [main] INFO  o.s.s.web.DefaultSecurityFilterChain - Will secure any request with [org.springframework.security.web.session.DisableEncodeUrlFilter@25b402ea, org.springframework.security.web.context.request.async.WebAsyncManagerIntegrationFilter@2fccd98f, org.springframework.security.web.context.SecurityContextHolderFilter@7c8a91e2, org.springframework.security.web.header.HeaderWriterFilter@5216532a, org.springframework.web.filter.CorsFilter@309e7215, org.springframework.security.web.authentication.logout.LogoutFilter@25dc2c0, com.crypto.exchange.web.security.JwtAuthenticationFilter@40b8158d, org.springframework.security.web.savedrequest.RequestCacheAwareFilter@74e175c7, org.springframework.security.web.servletapi.SecurityContextHolderAwareRequestFilter@1c528f2f, org.springframework.security.web.authentication.AnonymousAuthenticationFilter@1b30b6f8, org.springframework.security.web.session.SessionManagementFilter@3aa8c337, org.springframework.security.web.access.ExceptionTranslationFilter@7fb9a83c, org.springframework.security.web.access.intercept.AuthorizationFilter@4419cd6e]
2026-09-19 17:22:24.239 [main] DEBUG c.c.e.w.s.JwtAuthenticationFilter - Filter 'jwtAuthenticationFilter' configured for use
2026-09-19 17:22:24.239 [main] INFO  o.s.b.t.m.w.SpringBootMockServletContext - Initializing Spring TestDispatcherServlet ''
2026-09-19 17:22:24.239 [main] INFO  o.s.t.w.s.TestDispatcherServlet - Initializing Servlet ''
2026-09-19 17:22:24.240 [main] INFO  o.s.t.w.s.TestDispatcherServlet - Completed initialization in 1 ms
2026-09-19 17:22:24.287 [main] INFO  c.c.e.w.c.TransactionControllerIntegrationTest - Started TransactionControllerIntegrationTest in 3.991 seconds (process running for 7.437)
2026-09-19 17:22:24.496 [main] INFO  o.s.t.c.s.AnnotationConfigContextLoaderUtils - Could not detect default configuration classes for test class [com.crypto.exchange.web.security.SecurityConfigIntegrationTest]: SecurityConfigIntegrationTest does not declare any static, non-private, non-final, nested classes annotated with @Configuration.
2026-09-19 17:22:24.524 [main] INFO  o.s.b.t.c.SpringBootTestContextBootstrapper - Found @SpringBootConfiguration com.crypto.exchange.ExchangeApplication for test class com.crypto.exchange.web.security.SecurityConfigIntegrationTest
2026-09-19 17:22:24.532 [main] INFO  o.s.b.d.r.RestartApplicationListener - Restart disabled due to context in which it is running
2026-09-19 17:22:24.568 [main] INFO  c.c.e.w.s.SecurityConfigIntegrationTest - Starting SecurityConfigIntegrationTest using Java 23.0.2 with PID 9328 (started by AxlLN in E:\exchange\CryptoExchange)
2026-09-19 17:22:24.568 [main] DEBUG c.c.e.w.s.SecurityConfigIntegrationTest - Running with Spring Boot v3.2.5, Spring v6.1.6
2026-09-19 17:22:24.569 [main] INFO  c.c.e.w.s.SecurityConfigIntegrationTest - The following 1 profile is active: "test"
2026-09-19 17:22:25.113 [main] INFO  o.s.d.r.c.RepositoryConfigurationDelegate - Bootstrapping Spring Data JPA repositories in DEFAULT mode.
2026-09-19 17:22:25.181 [main] INFO  o.s.d.r.c.RepositoryConfigurationDelegate - Finished Spring Data repository scanning in 58 ms. Found 6 JPA repository interfaces.
2026-09-19 17:22:25.444 [main] WARN  o.s.c.s.PostProcessorRegistrationDelegate$BeanPostProcessorChecker - Bean 'org.springframework.ws.config.annotation.DelegatingWsConfiguration' of type [org.springframework.ws.config.annotation.DelegatingWsConfiguration$$SpringCGLIB$$0] is not eligible for getting processed by all BeanPostProcessors (for example: not eligible for auto-proxying). The currently created BeanPostProcessor [annotationActionEndpointMapping] is declared through a non-static factory method on that class; consider declaring it as static instead.
2026-09-19 17:22:25.471 [main] INFO  o.s.w.s.a.s.AnnotationActionEndpointMapping - Supporting [WS-Addressing August 2004, WS-Addressing 1.0]
2026-09-19 17:22:25.734 [main] INFO  o.h.jpa.internal.util.LogHelper - HHH000204: Processing PersistenceUnitInfo [name: default]
2026-09-19 17:22:25.785 [main] INFO  org.hibernate.Version - HHH000412: Hibernate ORM core version 6.4.4.Final
2026-09-19 17:22:25.815 [main] INFO  o.h.c.i.RegionFactoryInitiator - HHH000026: Second-level cache disabled
2026-09-19 17:22:25.914 [main] INFO  o.s.o.j.p.SpringPersistenceUnitInfo - No LoadTimeWeaver setup: ignoring JPA class transformer
2026-09-19 17:22:25.949 [main] INFO  com.zaxxer.hikari.HikariDataSource - HikariPool-1 - Starting...
2026-09-19 17:22:26.200 [main] INFO  com.zaxxer.hikari.pool.HikariPool - HikariPool-1 - Added connection conn0: url=jdbc:h2:mem:testdb user=SA
2026-09-19 17:22:26.201 [main] INFO  com.zaxxer.hikari.HikariDataSource - HikariPool-1 - Start completed.
2026-09-19 17:22:26.231 [main] WARN  org.hibernate.orm.deprecation - HHH90000025: H2Dialect does not need to be specified explicitly using 'hibernate.dialect' (remove the property setting and it will be selected by default)
2026-09-19 17:22:27.213 [main] INFO  o.h.e.t.j.p.i.JtaPlatformInitiator - HHH000489: No JTA platform available (set 'hibernate.transaction.jta.platform' to enable JTA platform integration)
2026-09-19 17:22:27.294 [main] INFO  o.s.o.j.LocalContainerEntityManagerFactoryBean - Initialized JPA EntityManagerFactory for persistence unit 'default'
2026-09-19 17:22:27.642 [main] INFO  o.s.d.j.r.query.QueryEnhancerFactory - Hibernate is in classpath; If applicable, HQL parser will be used.
2026-09-19 17:22:28.607 [main] WARN  o.s.b.a.o.j.JpaBaseConfiguration$JpaWebConfiguration - spring.jpa.open-in-view is enabled by default. Therefore, database queries may be performed during view rendering. Explicitly configure spring.jpa.open-in-view to disable this warning
2026-09-19 17:22:28.728 [main] INFO  o.s.s.web.DefaultSecurityFilterChain - Will secure any request with [org.springframework.security.web.session.DisableEncodeUrlFilter@2c5ff4a5, org.springframework.security.web.context.request.async.WebAsyncManagerIntegrationFilter@2f5f543, org.springframework.security.web.context.SecurityContextHolderFilter@7f385cbe, org.springframework.security.web.header.HeaderWriterFilter@6b6ec6b2, org.springframework.web.filter.CorsFilter@6b55832a, org.springframework.security.web.authentication.logout.LogoutFilter@11c7f87d, com.crypto.exchange.web.security.JwtAuthenticationFilter@17e9e99, org.springframework.security.web.savedrequest.RequestCacheAwareFilter@4c47f85d, org.springframework.security.web.servletapi.SecurityContextHolderAwareRequestFilter@5181ec31, org.springframework.security.web.authentication.AnonymousAuthenticationFilter@28a186e4, org.springframework.security.web.session.SessionManagementFilter@569579cb, org.springframework.security.web.access.ExceptionTranslationFilter@28336ff3, org.springframework.security.web.access.intercept.AuthorizationFilter@3c0ff70b]
2026-09-19 17:22:29.041 [main] DEBUG c.c.e.w.s.JwtAuthenticationFilter - Filter 'jwtAuthenticationFilter' configured for use
2026-09-19 17:22:29.041 [main] INFO  o.s.b.t.m.w.SpringBootMockServletContext - Initializing Spring TestDispatcherServlet ''
2026-09-19 17:22:29.041 [main] INFO  o.s.t.w.s.TestDispatcherServlet - Initializing Servlet ''
2026-09-19 17:22:29.041 [main] INFO  o.s.t.w.s.TestDispatcherServlet - Completed initialization in 0 ms
2026-09-19 17:22:29.056 [main] INFO  c.c.e.w.s.SecurityConfigIntegrationTest - Started SecurityConfigIntegrationTest in 4.524 seconds (process running for 12.207)
2026-09-19 17:22:29.064 [scheduling-1] INFO  c.c.e.core.aspect.LoggingAspect - Enter: com.crypto.exchange.core.service.CryptoInitializerService.scheduledPriceUpdate() with argument(s) = []
2026-09-19 17:22:29.064 [scheduling-1] INFO  c.c.e.c.s.CryptoInitializerService - Starting crypto price synchronization...
2026-09-19 17:22:29.361 [main] WARN  c.c.e.c.s.CryptoInitializerService - No matching cryptocurrency symbols found in API response.
2026-09-19 17:22:29.373 [main] INFO  c.c.e.c.s.CryptoInitializerService - Success! Updated and mapped 1 cryptocurrencies with CoinLore IDs
2026-09-19 17:22:29.383 [main] INFO  o.s.t.c.s.AnnotationConfigContextLoaderUtils - Could not detect default configuration classes for test class [com.crypto.exchange.web.controller.TransferControllerIntegrationTest]: TransferControllerIntegrationTest does not declare any static, non-private, non-final, nested classes annotated with @Configuration.
2026-09-19 17:22:29.387 [main] INFO  o.s.b.t.c.SpringBootTestContextBootstrapper - Found @SpringBootConfiguration com.crypto.exchange.ExchangeApplication for test class com.crypto.exchange.web.controller.TransferControllerIntegrationTest
2026-09-19 17:22:29.390 [main] INFO  o.s.b.d.r.RestartApplicationListener - Restart disabled due to context in which it is running
2026-09-19 17:22:29.408 [main] INFO  c.c.e.w.c.TransferControllerIntegrationTest - Starting TransferControllerIntegrationTest using Java 23.0.2 with PID 9328 (started by AxlLN in E:\exchange\CryptoExchange)
2026-09-19 17:22:29.408 [main] DEBUG c.c.e.w.c.TransferControllerIntegrationTest - Running with Spring Boot v3.2.5, Spring v6.1.6
2026-09-19 17:22:29.408 [main] INFO  c.c.e.w.c.TransferControllerIntegrationTest - No active profile set, falling back to 1 default profile: "default"
2026-09-19 17:22:29.748 [main] INFO  o.s.s.web.DefaultSecurityFilterChain - Will secure any request with [org.springframework.security.web.session.DisableEncodeUrlFilter@6056e9b4, org.springframework.security.web.context.request.async.WebAsyncManagerIntegrationFilter@27574ba9, org.springframework.security.web.context.SecurityContextHolderFilter@6639aafc, org.springframework.security.web.header.HeaderWriterFilter@746e187f, org.springframework.web.filter.CorsFilter@1f299321, org.springframework.security.web.authentication.logout.LogoutFilter@6b45907f, com.crypto.exchange.web.security.JwtAuthenticationFilter@d48c11a, org.springframework.security.web.savedrequest.RequestCacheAwareFilter@3b3cc6b1, org.springframework.security.web.servletapi.SecurityContextHolderAwareRequestFilter@3f159c49, org.springframework.security.web.authentication.AnonymousAuthenticationFilter@152b4f34, org.springframework.security.web.session.SessionManagementFilter@464735bf, org.springframework.security.web.access.ExceptionTranslationFilter@14992832, org.springframework.security.web.access.intercept.AuthorizationFilter@2575ffb7]
2026-09-19 17:22:29.852 [main] DEBUG c.c.e.w.s.JwtAuthenticationFilter - Filter 'jwtAuthenticationFilter' configured for use
2026-09-19 17:22:29.852 [main] INFO  o.s.b.t.m.w.SpringBootMockServletContext - Initializing Spring TestDispatcherServlet ''
2026-09-19 17:22:29.852 [main] INFO  o.s.t.w.s.TestDispatcherServlet - Initializing Servlet ''
2026-09-19 17:22:29.855 [main] INFO  o.s.t.w.s.TestDispatcherServlet - Completed initialization in 2 ms
2026-09-19 17:22:29.864 [main] INFO  c.c.e.w.c.TransferControllerIntegrationTest - Started TransferControllerIntegrationTest in 0.474 seconds (process running for 13.014)
2026-09-19 17:22:29.949 [main] WARN  c.c.e.c.e.GlobalExceptionHandler - Validation failed: fromWalletId: Укажите ID кошелька списания; amount: Сумма должна быть больше 0; cryptoExternalId: Укажите external_id криптовалюты (например, bitcoin, ethereum); recipientAddress: Укажите адрес кошелька получателя; 
2026-09-19 17:22:30.518 [scheduling-1] INFO  c.c.e.c.s.CryptoInitializerService - Success! Updated and mapped 8 cryptocurrencies with CoinLore IDs
2026-09-19 17:22:30.518 [scheduling-1] INFO  c.c.e.core.aspect.LoggingAspect - Exit: com.crypto.exchange.core.service.CryptoInitializerService.scheduledPriceUpdate() executed in 1454 ms with result = null
2026-09-19 17:22:30.611 [main] WARN  c.c.e.c.n.EmailNotificationListener - Пропуск отправки письма: email не указан для транзакции #1
2026-09-19 17:22:30.612 [main] WARN  c.c.e.c.n.EmailNotificationListener - Пропуск отправки письма: email не указан для транзакции #1
2026-09-19 17:22:30.654 [main] INFO  c.c.e.c.n.EmailNotificationListener - Квитанция отправлена на test@example.com по транзакции #1
2026-09-19 17:22:30.666 [main] ERROR c.c.e.c.n.EmailNotificationListener - Ошибка при отправке письма для транзакции #1
java.lang.RuntimeException: SMTP server error
	at org.springframework.mail.javamail.JavaMailSender.send(JavaMailSender.java:101)
	at com.crypto.exchange.core.notification.EmailNotificationListener.handleTransactionCompleted(EmailNotificationListener.java:44)
	at com.crypto.exchange.core.notification.EmailNotificationListenerTest.handleTransactionCompleted_shouldCatchExceptionAndNotThrow(EmailNotificationListenerTest.java:110)
	at java.base/jdk.internal.reflect.DirectMethodHandleAccessor.invoke(DirectMethodHandleAccessor.java:103)
	at java.base/java.lang.reflect.Method.invoke(Method.java:580)
	at org.junit.platform.commons.util.ReflectionUtils.invokeMethod(ReflectionUtils.java:728)
	at org.junit.jupiter.engine.execution.MethodInvocation.proceed(MethodInvocation.java:60)
	at org.junit.jupiter.engine.execution.InvocationInterceptorChain$ValidatingInvocation.proceed(InvocationInterceptorChain.java:131)
	at org.junit.jupiter.engine.extension.TimeoutExtension.intercept(TimeoutExtension.java:156)
	at org.junit.jupiter.engine.extension.TimeoutExtension.interceptTestableMethod(TimeoutExtension.java:147)
	at org.junit.jupiter.engine.extension.TimeoutExtension.interceptTestMethod(TimeoutExtension.java:86)
	at org.junit.jupiter.engine.execution.InterceptingExecutableInvoker$ReflectiveInterceptorCall.lambda$ofVoidMethod$0(InterceptingExecutableInvoker.java:103)
	at org.junit.jupiter.engine.execution.InterceptingExecutableInvoker.lambda$invoke$0(InterceptingExecutableInvoker.java:93)
	at org.junit.jupiter.engine.execution.InvocationInterceptorChain$InterceptedInvocation.proceed(InvocationInterceptorChain.java:106)
	at org.junit.jupiter.engine.execution.InvocationInterceptorChain.proceed(InvocationInterceptorChain.java:64)
	at org.junit.jupiter.engine.execution.InvocationInterceptorChain.chainAndInvoke(InvocationInterceptorChain.java:45)
	at org.junit.jupiter.engine.execution.InvocationInterceptorChain.invoke(InvocationInterceptorChain.java:37)
	at org.junit.jupiter.engine.execution.InterceptingExecutableInvoker.invoke(InterceptingExecutableInvoker.java:92)
	at org.junit.jupiter.engine.execution.InterceptingExecutableInvoker.invoke(InterceptingExecutableInvoker.java:86)
	at org.junit.jupiter.engine.descriptor.TestMethodTestDescriptor.lambda$invokeTestMethod$7(TestMethodTestDescriptor.java:218)
	at org.junit.platform.engine.support.hierarchical.ThrowableCollector.execute(ThrowableCollector.java:73)
	at org.junit.jupiter.engine.descriptor.TestMethodTestDescriptor.invokeTestMethod(TestMethodTestDescriptor.java:214)
	at org.junit.jupiter.engine.descriptor.TestMethodTestDescriptor.execute(TestMethodTestDescriptor.java:139)
	at org.junit.jupiter.engine.descriptor.TestMethodTestDescriptor.execute(TestMethodTestDescriptor.java:69)
	at org.junit.platform.engine.support.hierarchical.NodeTestTask.lambda$executeRecursively$6(NodeTestTask.java:151)
	at org.junit.platform.engine.support.hierarchical.ThrowableCollector.execute(ThrowableCollector.java:73)
	at org.junit.platform.engine.support.hierarchical.NodeTestTask.lambda$executeRecursively$8(NodeTestTask.java:141)
	at org.junit.platform.engine.support.hierarchical.Node.around(Node.java:137)
	at org.junit.platform.engine.support.hierarchical.NodeTestTask.lambda$executeRecursively$9(NodeTestTask.java:139)
	at org.junit.platform.engine.support.hierarchical.ThrowableCollector.execute(ThrowableCollector.java:73)
	at org.junit.platform.engine.support.hierarchical.NodeTestTask.executeRecursively(NodeTestTask.java:138)
	at org.junit.platform.engine.support.hierarchical.NodeTestTask.execute(NodeTestTask.java:95)
	at java.base/java.util.ArrayList.forEach(ArrayList.java:1597)
	at org.junit.platform.engine.support.hierarchical.SameThreadHierarchicalTestExecutorService.invokeAll(SameThreadHierarchicalTestExecutorService.java:41)
	at org.junit.platform.engine.support.hierarchical.NodeTestTask.lambda$executeRecursively$6(NodeTestTask.java:155)
	at org.junit.platform.engine.support.hierarchical.ThrowableCollector.execute(ThrowableCollector.java:73)
	at org.junit.platform.engine.support.hierarchical.NodeTestTask.lambda$executeRecursively$8(NodeTestTask.java:141)
	at org.junit.platform.engine.support.hierarchical.Node.around(Node.java:137)
	at org.junit.platform.engine.support.hierarchical.NodeTestTask.lambda$executeRecursively$9(NodeTestTask.java:139)
	at org.junit.platform.engine.support.hierarchical.ThrowableCollector.execute(ThrowableCollector.java:73)
	at org.junit.platform.engine.support.hierarchical.NodeTestTask.executeRecursively(NodeTestTask.java:138)
	at org.junit.platform.engine.support.hierarchical.NodeTestTask.execute(NodeTestTask.java:95)
	at java.base/java.util.ArrayList.forEach(ArrayList.java:1597)
	at org.junit.platform.engine.support.hierarchical.SameThreadHierarchicalTestExecutorService.invokeAll(SameThreadHierarchicalTestExecutorService.java:41)
	at org.junit.platform.engine.support.hierarchical.NodeTestTask.lambda$executeRecursively$6(NodeTestTask.java:155)
	at org.junit.platform.engine.support.hierarchical.ThrowableCollector.execute(ThrowableCollector.java:73)
	at org.junit.platform.engine.support.hierarchical.NodeTestTask.lambda$executeRecursively$8(NodeTestTask.java:141)
	at org.junit.platform.engine.support.hierarchical.Node.around(Node.java:137)
	at org.junit.platform.engine.support.hierarchical.NodeTestTask.lambda$executeRecursively$9(NodeTestTask.java:139)
	at org.junit.platform.engine.support.hierarchical.ThrowableCollector.execute(ThrowableCollector.java:73)
	at org.junit.platform.engine.support.hierarchical.NodeTestTask.executeRecursively(NodeTestTask.java:138)
	at org.junit.platform.engine.support.hierarchical.NodeTestTask.execute(NodeTestTask.java:95)
	at org.junit.platform.engine.support.hierarchical.SameThreadHierarchicalTestExecutorService.submit(SameThreadHierarchicalTestExecutorService.java:35)
	at org.junit.platform.engine.support.hierarchical.HierarchicalTestExecutor.execute(HierarchicalTestExecutor.java:57)
	at org.junit.platform.engine.support.hierarchical.HierarchicalTestEngine.execute(HierarchicalTestEngine.java:54)
	at org.junit.platform.launcher.core.EngineExecutionOrchestrator.execute(EngineExecutionOrchestrator.java:198)
	at org.junit.platform.launcher.core.EngineExecutionOrchestrator.execute(EngineExecutionOrchestrator.java:169)
	at org.junit.platform.launcher.core.EngineExecutionOrchestrator.execute(EngineExecutionOrchestrator.java:93)
	at org.junit.platform.launcher.core.EngineExecutionOrchestrator.lambda$execute$0(EngineExecutionOrchestrator.java:58)
	at org.junit.platform.launcher.core.EngineExecutionOrchestrator.withInterceptedStreams(EngineExecutionOrchestrator.java:141)
	at org.junit.platform.launcher.core.EngineExecutionOrchestrator.execute(EngineExecutionOrchestrator.java:57)
	at org.junit.platform.launcher.core.DefaultLauncher.execute(DefaultLauncher.java:103)
	at org.junit.platform.launcher.core.DefaultLauncher.execute(DefaultLauncher.java:85)
	at org.junit.platform.launcher.core.DelegatingLauncher.execute(DelegatingLauncher.java:47)
	at org.junit.platform.launcher.core.SessionPerRequestLauncher.execute(SessionPerRequestLauncher.java:63)
	at com.intellij.junit5.JUnit5IdeaTestRunner.startRunnerWithArgs(JUnit5IdeaTestRunner.java:66)
	at com.intellij.rt.junit.IdeaTestRunner$Repeater$1.execute(IdeaTestRunner.java:38)
	at com.intellij.rt.execution.junit.TestsRepeater.repeat(TestsRepeater.java:11)
	at com.intellij.rt.junit.IdeaTestRunner$Repeater.startRunnerWithArgs(IdeaTestRunner.java:35)
	at com.intellij.rt.junit.JUnitStarter.prepareStreamsAndStart(JUnitStarter.java:237)
	at com.intellij.rt.junit.JUnitStarter.main(JUnitStarter.java:58)
2026-09-19 17:22:30.729 [main] INFO  o.s.t.c.s.AnnotationConfigContextLoaderUtils - Could not detect default configuration classes for test class [com.crypto.exchange.web.controller.CryptoCurrencyControllerIntegrationTest]: CryptoCurrencyControllerIntegrationTest does not declare any static, non-private, non-final, nested classes annotated with @Configuration.
2026-09-19 17:22:30.734 [main] INFO  o.s.b.t.c.SpringBootTestContextBootstrapper - Found @SpringBootConfiguration com.crypto.exchange.ExchangeApplication for test class com.crypto.exchange.web.controller.CryptoCurrencyControllerIntegrationTest
2026-09-19 17:22:30.739 [main] INFO  o.s.b.d.r.RestartApplicationListener - Restart disabled due to context in which it is running
2026-09-19 17:22:30.758 [main] INFO  c.c.e.w.c.CryptoCurrencyControllerIntegrationTest - Starting CryptoCurrencyControllerIntegrationTest using Java 23.0.2 with PID 9328 (started by AxlLN in E:\exchange\CryptoExchange)
2026-09-19 17:22:30.758 [main] DEBUG c.c.e.w.c.CryptoCurrencyControllerIntegrationTest - Running with Spring Boot v3.2.5, Spring v6.1.6
2026-09-19 17:22:30.758 [main] INFO  c.c.e.w.c.CryptoCurrencyControllerIntegrationTest - No active profile set, falling back to 1 default profile: "default"
2026-09-19 17:22:31.093 [main] INFO  o.s.s.web.DefaultSecurityFilterChain - Will secure any request with [org.springframework.security.web.session.DisableEncodeUrlFilter@60f6c836, org.springframework.security.web.context.request.async.WebAsyncManagerIntegrationFilter@7b10e088, org.springframework.security.web.context.SecurityContextHolderFilter@623fcb4f, org.springframework.security.web.header.HeaderWriterFilter@1609fdff, org.springframework.web.filter.CorsFilter@4d42465e, org.springframework.security.web.authentication.logout.LogoutFilter@ff291f9, com.crypto.exchange.web.security.JwtAuthenticationFilter@2749980a, org.springframework.security.web.savedrequest.RequestCacheAwareFilter@6b714533, org.springframework.security.web.servletapi.SecurityContextHolderAwareRequestFilter@32ceaba7, org.springframework.security.web.authentication.AnonymousAuthenticationFilter@1ccc384a, org.springframework.security.web.session.SessionManagementFilter@404ac06, org.springframework.security.web.access.ExceptionTranslationFilter@48e835fe, org.springframework.security.web.access.intercept.AuthorizationFilter@299f0814]
2026-09-19 17:22:31.163 [main] DEBUG c.c.e.w.s.JwtAuthenticationFilter - Filter 'jwtAuthenticationFilter' configured for use
2026-09-19 17:22:31.163 [main] INFO  o.s.b.t.m.w.SpringBootMockServletContext - Initializing Spring TestDispatcherServlet ''
2026-09-19 17:22:31.163 [main] INFO  o.s.t.w.s.TestDispatcherServlet - Initializing Servlet ''
2026-09-19 17:22:31.163 [main] INFO  o.s.t.w.s.TestDispatcherServlet - Completed initialization in 0 ms
2026-09-19 17:22:31.170 [main] INFO  c.c.e.w.c.CryptoCurrencyControllerIntegrationTest - Started CryptoCurrencyControllerIntegrationTest in 0.431 seconds (process running for 14.321)
2026-09-19 17:22:31.485 [main] INFO  o.s.t.c.s.AnnotationConfigContextLoaderUtils - Could not detect default configuration classes for test class [com.crypto.exchange.web.controller.WalletControllerIntegrationTest]: WalletControllerIntegrationTest does not declare any static, non-private, non-final, nested classes annotated with @Configuration.
2026-09-19 17:22:31.492 [main] INFO  o.s.b.t.c.SpringBootTestContextBootstrapper - Found @SpringBootConfiguration com.crypto.exchange.ExchangeApplication for test class com.crypto.exchange.web.controller.WalletControllerIntegrationTest
2026-09-19 17:22:31.496 [main] INFO  o.s.b.d.r.RestartApplicationListener - Restart disabled due to context in which it is running
2026-09-19 17:22:31.517 [main] INFO  c.c.e.w.c.WalletControllerIntegrationTest - Starting WalletControllerIntegrationTest using Java 23.0.2 with PID 9328 (started by AxlLN in E:\exchange\CryptoExchange)
2026-09-19 17:22:31.517 [main] DEBUG c.c.e.w.c.WalletControllerIntegrationTest - Running with Spring Boot v3.2.5, Spring v6.1.6
2026-09-19 17:22:31.517 [main] INFO  c.c.e.w.c.WalletControllerIntegrationTest - No active profile set, falling back to 1 default profile: "default"
2026-09-19 17:22:31.800 [main] INFO  o.s.s.web.DefaultSecurityFilterChain - Will secure any request with [org.springframework.security.web.session.DisableEncodeUrlFilter@7ece8455, org.springframework.security.web.context.request.async.WebAsyncManagerIntegrationFilter@4761643c, org.springframework.security.web.context.SecurityContextHolderFilter@3d6598cd, org.springframework.security.web.header.HeaderWriterFilter@66ab002e, org.springframework.web.filter.CorsFilter@dfd40bf, org.springframework.security.web.authentication.logout.LogoutFilter@5c9cb149, com.crypto.exchange.web.security.JwtAuthenticationFilter@18663aa5, org.springframework.security.web.savedrequest.RequestCacheAwareFilter@460c4e59, org.springframework.security.web.servletapi.SecurityContextHolderAwareRequestFilter@78188cc6, org.springframework.security.web.authentication.AnonymousAuthenticationFilter@6de21950, org.springframework.security.web.session.SessionManagementFilter@7198937f, org.springframework.security.web.access.ExceptionTranslationFilter@37499b7b, org.springframework.security.web.access.intercept.AuthorizationFilter@44849f77]
2026-09-19 17:22:31.862 [main] DEBUG c.c.e.w.s.JwtAuthenticationFilter - Filter 'jwtAuthenticationFilter' configured for use
2026-09-19 17:22:31.863 [main] INFO  o.s.b.t.m.w.SpringBootMockServletContext - Initializing Spring TestDispatcherServlet ''
2026-09-19 17:22:31.863 [main] INFO  o.s.t.w.s.TestDispatcherServlet - Initializing Servlet ''
2026-09-19 17:22:31.863 [main] INFO  o.s.t.w.s.TestDispatcherServlet - Completed initialization in 0 ms
2026-09-19 17:22:31.873 [main] INFO  c.c.e.w.c.WalletControllerIntegrationTest - Started WalletControllerIntegrationTest in 0.377 seconds (process running for 15.023)
2026-09-19 17:22:31.951 [main] INFO  o.s.t.c.s.AnnotationConfigContextLoaderUtils - Could not detect default configuration classes for test class [com.crypto.exchange.web.controller.UserControllerIntegrationTest]: UserControllerIntegrationTest does not declare any static, non-private, non-final, nested classes annotated with @Configuration.
2026-09-19 17:22:31.958 [main] INFO  o.s.b.t.c.SpringBootTestContextBootstrapper - Found @SpringBootConfiguration com.crypto.exchange.ExchangeApplication for test class com.crypto.exchange.web.controller.UserControllerIntegrationTest
2026-09-19 17:22:31.961 [main] INFO  o.s.b.d.r.RestartApplicationListener - Restart disabled due to context in which it is running
2026-09-19 17:22:31.974 [main] INFO  c.c.e.w.c.UserControllerIntegrationTest - Starting UserControllerIntegrationTest using Java 23.0.2 with PID 9328 (started by AxlLN in E:\exchange\CryptoExchange)
2026-09-19 17:22:31.974 [main] DEBUG c.c.e.w.c.UserControllerIntegrationTest - Running with Spring Boot v3.2.5, Spring v6.1.6
2026-09-19 17:22:31.974 [main] INFO  c.c.e.w.c.UserControllerIntegrationTest - No active profile set, falling back to 1 default profile: "default"
2026-09-19 17:22:32.253 [main] INFO  o.s.s.web.DefaultSecurityFilterChain - Will secure any request with [org.springframework.security.web.session.DisableEncodeUrlFilter@6ce5eb9b, org.springframework.security.web.context.request.async.WebAsyncManagerIntegrationFilter@2b68172f, org.springframework.security.web.context.SecurityContextHolderFilter@6246a249, org.springframework.security.web.header.HeaderWriterFilter@3c7045f5, org.springframework.web.filter.CorsFilter@784d12b6, org.springframework.security.web.authentication.logout.LogoutFilter@52d2a313, com.crypto.exchange.web.security.JwtAuthenticationFilter@cdbac7f, org.springframework.security.web.savedrequest.RequestCacheAwareFilter@416a6d16, org.springframework.security.web.servletapi.SecurityContextHolderAwareRequestFilter@7f0bc723, org.springframework.security.web.authentication.AnonymousAuthenticationFilter@15eae4fa, org.springframework.security.web.session.SessionManagementFilter@16cd8dbd, org.springframework.security.web.access.ExceptionTranslationFilter@6f2984cb, org.springframework.security.web.access.intercept.AuthorizationFilter@61d18376]
2026-09-19 17:22:32.313 [main] DEBUG c.c.e.w.s.JwtAuthenticationFilter - Filter 'jwtAuthenticationFilter' configured for use
2026-09-19 17:22:32.313 [main] INFO  o.s.b.t.m.w.SpringBootMockServletContext - Initializing Spring TestDispatcherServlet ''
2026-09-19 17:22:32.313 [main] INFO  o.s.t.w.s.TestDispatcherServlet - Initializing Servlet ''
2026-09-19 17:22:32.313 [main] INFO  o.s.t.w.s.TestDispatcherServlet - Completed initialization in 0 ms
2026-09-19 17:22:32.320 [main] INFO  c.c.e.w.c.UserControllerIntegrationTest - Started UserControllerIntegrationTest in 0.359 seconds (process running for 15.471)
2026-09-19 17:22:32.358 [main] INFO  o.s.t.c.s.AnnotationConfigContextLoaderUtils - Could not detect default configuration classes for test class [com.crypto.exchange.ExchangeApplicationTests]: ExchangeApplicationTests does not declare any static, non-private, non-final, nested classes annotated with @Configuration.
2026-09-19 17:22:32.365 [main] INFO  o.s.b.t.c.SpringBootTestContextBootstrapper - Found @SpringBootConfiguration com.crypto.exchange.ExchangeApplication for test class com.crypto.exchange.ExchangeApplicationTests
2026-09-19 17:22:32.367 [main] INFO  o.s.b.d.r.RestartApplicationListener - Restart disabled due to context in which it is running
2026-09-19 17:22:32.389 [main] INFO  c.c.e.ExchangeApplicationTests - Starting ExchangeApplicationTests using Java 23.0.2 with PID 9328 (started by AxlLN in E:\exchange\CryptoExchange)
2026-09-19 17:22:32.389 [main] DEBUG c.c.e.ExchangeApplicationTests - Running with Spring Boot v3.2.5, Spring v6.1.6
2026-09-19 17:22:32.389 [main] INFO  c.c.e.ExchangeApplicationTests - The following 1 profile is active: "test"
2026-09-19 17:22:32.598 [main] INFO  o.s.d.r.c.RepositoryConfigurationDelegate - Bootstrapping Spring Data JPA repositories in DEFAULT mode.
2026-09-19 17:22:32.616 [main] INFO  o.s.d.r.c.RepositoryConfigurationDelegate - Finished Spring Data repository scanning in 17 ms. Found 6 JPA repository interfaces.
2026-09-19 17:22:32.665 [main] WARN  o.s.c.s.PostProcessorRegistrationDelegate$BeanPostProcessorChecker - Bean 'org.springframework.ws.config.annotation.DelegatingWsConfiguration' of type [org.springframework.ws.config.annotation.DelegatingWsConfiguration$$SpringCGLIB$$0] is not eligible for getting processed by all BeanPostProcessors (for example: not eligible for auto-proxying). The currently created BeanPostProcessor [annotationActionEndpointMapping] is declared through a non-static factory method on that class; consider declaring it as static instead.
2026-09-19 17:22:32.666 [main] INFO  o.s.w.s.a.s.AnnotationActionEndpointMapping - Supporting [WS-Addressing August 2004, WS-Addressing 1.0]
2026-09-19 17:22:32.714 [main] INFO  o.h.jpa.internal.util.LogHelper - HHH000204: Processing PersistenceUnitInfo [name: default]
2026-09-19 17:22:32.716 [main] INFO  o.h.c.i.RegionFactoryInitiator - HHH000026: Second-level cache disabled
2026-09-19 17:22:32.720 [main] INFO  o.s.o.j.p.SpringPersistenceUnitInfo - No LoadTimeWeaver setup: ignoring JPA class transformer
2026-09-19 17:22:32.721 [main] INFO  com.zaxxer.hikari.HikariDataSource - HikariPool-2 - Starting...
2026-09-19 17:22:32.722 [main] INFO  com.zaxxer.hikari.pool.HikariPool - HikariPool-2 - Added connection conn10: url=jdbc:h2:mem:testdb user=SA
2026-09-19 17:22:32.723 [main] INFO  com.zaxxer.hikari.HikariDataSource - HikariPool-2 - Start completed.
2026-09-19 17:22:32.724 [main] WARN  org.hibernate.orm.deprecation - HHH90000025: H2Dialect does not need to be specified explicitly using 'hibernate.dialect' (remove the property setting and it will be selected by default)
2026-09-19 17:22:32.830 [main] INFO  o.h.e.t.j.p.i.JtaPlatformInitiator - HHH000489: No JTA platform available (set 'hibernate.transaction.jta.platform' to enable JTA platform integration)
2026-09-19 17:22:32.853 [main] INFO  o.s.o.j.LocalContainerEntityManagerFactoryBean - Initialized JPA EntityManagerFactory for persistence unit 'default'
2026-09-19 17:22:33.057 [main] WARN  o.s.b.a.o.j.JpaBaseConfiguration$JpaWebConfiguration - spring.jpa.open-in-view is enabled by default. Therefore, database queries may be performed during view rendering. Explicitly configure spring.jpa.open-in-view to disable this warning
2026-09-19 17:22:33.168 [main] INFO  o.s.s.web.DefaultSecurityFilterChain - Will secure any request with [org.springframework.security.web.session.DisableEncodeUrlFilter@1245ca50, org.springframework.security.web.context.request.async.WebAsyncManagerIntegrationFilter@22b543f8, org.springframework.security.web.context.SecurityContextHolderFilter@30a8a26b, org.springframework.security.web.header.HeaderWriterFilter@7df8457a, org.springframework.web.filter.CorsFilter@326d4f0f, org.springframework.security.web.authentication.logout.LogoutFilter@7859033b, com.crypto.exchange.web.security.JwtAuthenticationFilter@220f76ee, org.springframework.security.web.savedrequest.RequestCacheAwareFilter@22860851, org.springframework.security.web.servletapi.SecurityContextHolderAwareRequestFilter@1d6a5aee, org.springframework.security.web.authentication.AnonymousAuthenticationFilter@79c8d5c4, org.springframework.security.web.session.SessionManagementFilter@3454873c, org.springframework.security.web.access.ExceptionTranslationFilter@7dfde83f, org.springframework.security.web.access.intercept.AuthorizationFilter@257dc264]
2026-09-19 17:22:33.392 [main] INFO  c.c.e.ExchangeApplicationTests - Started ExchangeApplicationTests in 1.025 seconds (process running for 16.543)
2026-09-19 17:22:33.392 [scheduling-1] INFO  c.c.e.core.aspect.LoggingAspect - Enter: com.crypto.exchange.core.service.CryptoInitializerService.scheduledPriceUpdate() with argument(s) = []
2026-09-19 17:22:33.392 [scheduling-1] INFO  c.c.e.c.s.CryptoInitializerService - Starting crypto price synchronization...
2026-09-19 17:22:33.402 [main] DEBUG c.c.e.c.s.CryptoPriceHistoryService - Fetching price history for crypto ID: 999 with pageable: Page request [number: 0, size 10, sort: UNSORTED]
2026-09-19 17:22:33.409 [main] DEBUG c.c.e.c.s.CryptoPriceHistoryService - Fetching price history for crypto ID: 1 with pageable: Page request [number: 0, size 10, sort: UNSORTED]
2026-09-19 17:22:33.415 [main] INFO  o.s.t.c.s.AnnotationConfigContextLoaderUtils - Could not detect default configuration classes for test class [com.crypto.exchange.web.controller.AdminUserControllerIntegrationTest]: AdminUserControllerIntegrationTest does not declare any static, non-private, non-final, nested classes annotated with @Configuration.
2026-09-19 17:22:33.422 [main] INFO  o.s.b.t.c.SpringBootTestContextBootstrapper - Found @SpringBootConfiguration com.crypto.exchange.ExchangeApplication for test class com.crypto.exchange.web.controller.AdminUserControllerIntegrationTest
2026-09-19 17:22:33.427 [main] INFO  o.s.b.d.r.RestartApplicationListener - Restart disabled due to context in which it is running
2026-09-19 17:22:33.441 [main] INFO  c.c.e.w.c.AdminUserControllerIntegrationTest - Starting AdminUserControllerIntegrationTest using Java 23.0.2 with PID 9328 (started by AxlLN in E:\exchange\CryptoExchange)
2026-09-19 17:22:33.442 [main] DEBUG c.c.e.w.c.AdminUserControllerIntegrationTest - Running with Spring Boot v3.2.5, Spring v6.1.6
2026-09-19 17:22:33.442 [main] INFO  c.c.e.w.c.AdminUserControllerIntegrationTest - No active profile set, falling back to 1 default profile: "default"
2026-09-19 17:22:33.641 [main] INFO  o.s.s.web.DefaultSecurityFilterChain - Will secure any request with [org.springframework.security.web.session.DisableEncodeUrlFilter@18880c28, org.springframework.security.web.context.request.async.WebAsyncManagerIntegrationFilter@919ebd1, org.springframework.security.web.context.SecurityContextHolderFilter@7ed14356, org.springframework.security.web.header.HeaderWriterFilter@26c09a0f, org.springframework.web.filter.CorsFilter@4d67be11, org.springframework.security.web.authentication.logout.LogoutFilter@31a4048c, com.crypto.exchange.web.security.JwtAuthenticationFilter@7f33271b, org.springframework.security.web.savedrequest.RequestCacheAwareFilter@1f735b9e, org.springframework.security.web.servletapi.SecurityContextHolderAwareRequestFilter@3dc1ba9d, org.springframework.security.web.authentication.AnonymousAuthenticationFilter@132cfd21, org.springframework.security.web.session.SessionManagementFilter@87e1b84, org.springframework.security.web.access.ExceptionTranslationFilter@6a616446, org.springframework.security.web.access.intercept.AuthorizationFilter@42b47c3]
2026-09-19 17:22:33.707 [main] DEBUG c.c.e.w.s.JwtAuthenticationFilter - Filter 'jwtAuthenticationFilter' configured for use
2026-09-19 17:22:33.707 [main] INFO  o.s.b.t.m.w.SpringBootMockServletContext - Initializing Spring TestDispatcherServlet ''
2026-09-19 17:22:33.707 [main] INFO  o.s.t.w.s.TestDispatcherServlet - Initializing Servlet ''
2026-09-19 17:22:33.707 [main] INFO  o.s.t.w.s.TestDispatcherServlet - Completed initialization in 0 ms
2026-09-19 17:22:33.712 [main] INFO  c.c.e.w.c.AdminUserControllerIntegrationTest - Started AdminUserControllerIntegrationTest in 0.285 seconds (process running for 16.863)
2026-09-19 17:22:33.757 [scheduling-1] INFO  c.c.e.c.s.CryptoInitializerService - Success! Updated and mapped 8 cryptocurrencies with CoinLore IDs
2026-09-19 17:22:33.758 [scheduling-1] INFO  c.c.e.core.aspect.LoggingAspect - Exit: com.crypto.exchange.core.service.CryptoInitializerService.scheduledPriceUpdate() executed in 366 ms with result = null
2026-09-19 17:22:33.775 [main] INFO  o.s.t.c.s.AnnotationConfigContextLoaderUtils - Could not detect default configuration classes for test class [com.crypto.exchange.web.controller.AuthControllerIntegrationTest]: AuthControllerIntegrationTest does not declare any static, non-private, non-final, nested classes annotated with @Configuration.
2026-09-19 17:22:33.782 [main] INFO  o.s.b.t.c.SpringBootTestContextBootstrapper - Found @SpringBootConfiguration com.crypto.exchange.ExchangeApplication for test class com.crypto.exchange.web.controller.AuthControllerIntegrationTest
2026-09-19 17:22:33.786 [main] INFO  o.s.b.d.r.RestartApplicationListener - Restart disabled due to context in which it is running
2026-09-19 17:22:33.802 [main] INFO  c.c.e.w.c.AuthControllerIntegrationTest - Starting AuthControllerIntegrationTest using Java 23.0.2 with PID 9328 (started by AxlLN in E:\exchange\CryptoExchange)
2026-09-19 17:22:33.802 [main] DEBUG c.c.e.w.c.AuthControllerIntegrationTest - Running with Spring Boot v3.2.5, Spring v6.1.6
2026-09-19 17:22:33.802 [main] INFO  c.c.e.w.c.AuthControllerIntegrationTest - No active profile set, falling back to 1 default profile: "default"
2026-09-19 17:22:34.038 [main] INFO  o.s.s.web.DefaultSecurityFilterChain - Will secure any request with [org.springframework.security.web.session.DisableEncodeUrlFilter@3e21921, org.springframework.security.web.context.request.async.WebAsyncManagerIntegrationFilter@71aba7e4, org.springframework.security.web.context.SecurityContextHolderFilter@26190187, org.springframework.security.web.header.HeaderWriterFilter@1f3f981d, org.springframework.web.filter.CorsFilter@68cc9261, org.springframework.security.web.authentication.logout.LogoutFilter@411675ac, com.crypto.exchange.web.security.JwtAuthenticationFilter@3471e039, org.springframework.security.web.savedrequest.RequestCacheAwareFilter@5b11983b, org.springframework.security.web.servletapi.SecurityContextHolderAwareRequestFilter@388d1c34, org.springframework.security.web.authentication.AnonymousAuthenticationFilter@47331810, org.springframework.security.web.session.SessionManagementFilter@30f4e06a, org.springframework.security.web.access.ExceptionTranslationFilter@57f54007, org.springframework.security.web.access.intercept.AuthorizationFilter@462d2fbf]
2026-09-19 17:22:34.083 [main] DEBUG c.c.e.w.s.JwtAuthenticationFilter - Filter 'jwtAuthenticationFilter' configured for use
2026-09-19 17:22:34.083 [main] INFO  o.s.b.t.m.w.SpringBootMockServletContext - Initializing Spring TestDispatcherServlet ''
2026-09-19 17:22:34.083 [main] INFO  o.s.t.w.s.TestDispatcherServlet - Initializing Servlet ''
2026-09-19 17:22:34.083 [main] INFO  o.s.t.w.s.TestDispatcherServlet - Completed initialization in 0 ms
2026-09-19 17:22:34.090 [main] INFO  c.c.e.w.c.AuthControllerIntegrationTest - Started AuthControllerIntegrationTest in 0.305 seconds (process running for 17.24)
2026-09-19 17:22:34.102 [main] WARN  c.c.e.c.e.GlobalExceptionHandler - Validation failed: password: Пароль не может быть пустым; 
2026-09-19 17:22:34.131 [main] WARN  c.c.e.c.e.GlobalExceptionHandler - Validation failed: email: Некорректный формат email; 
2026-09-19 17:22:34.311 [main] INFO  o.s.t.c.s.AnnotationConfigContextLoaderUtils - Could not detect default configuration classes for test class [com.crypto.exchange.web.security.JwtTokenProviderIntegrationTest]: JwtTokenProviderIntegrationTest does not declare any static, non-private, non-final, nested classes annotated with @Configuration.
2026-09-19 17:22:34.313 [main] INFO  o.s.b.t.c.SpringBootTestContextBootstrapper - Found @SpringBootConfiguration com.crypto.exchange.ExchangeApplication for test class com.crypto.exchange.web.security.JwtTokenProviderIntegrationTest
2026-09-19 17:22:34.540 [SpringApplicationShutdownHook] INFO  o.s.o.j.LocalContainerEntityManagerFactoryBean - Closing JPA EntityManagerFactory for persistence unit 'default'
2026-09-19 17:22:34.548 [SpringApplicationShutdownHook] INFO  com.zaxxer.hikari.HikariDataSource - HikariPool-1 - Shutdown initiated...
2026-09-19 17:22:34.550 [SpringApplicationShutdownHook] INFO  com.zaxxer.hikari.HikariDataSource - HikariPool-1 - Shutdown completed.
2026-09-19 17:22:34.556 [SpringApplicationShutdownHook] INFO  o.s.o.j.LocalContainerEntityManagerFactoryBean - Closing JPA EntityManagerFactory for persistence unit 'default'
2026-09-19 17:22:34.558 [SpringApplicationShutdownHook] INFO  com.zaxxer.hikari.HikariDataSource - HikariPool-2 - Shutdown initiated...
2026-09-19 17:22:34.559 [SpringApplicationShutdownHook] INFO  com.zaxxer.hikari.HikariDataSource - HikariPool-2 - Shutdown completed.
2026-09-19 17:23:40.588 [main] INFO  c.c.e.w.c.TransactionControllerIntegrationTest - Starting TransactionControllerIntegrationTest using Java 23.0.2 with PID 11292 (started by AxlLN in E:\exchange\CryptoExchange)
2026-09-19 17:23:40.589 [main] DEBUG c.c.e.w.c.TransactionControllerIntegrationTest - Running with Spring Boot v3.2.5, Spring v6.1.6
2026-09-19 17:23:40.589 [main] INFO  c.c.e.w.c.TransactionControllerIntegrationTest - No active profile set, falling back to 1 default profile: "default"
2026-09-19 17:23:42.764 [main] INFO  o.s.s.web.DefaultSecurityFilterChain - Will secure any request with [org.springframework.security.web.session.DisableEncodeUrlFilter@862624f, org.springframework.security.web.context.request.async.WebAsyncManagerIntegrationFilter@3aa8c337, org.springframework.security.web.context.SecurityContextHolderFilter@49322d04, org.springframework.security.web.header.HeaderWriterFilter@106edde4, org.springframework.web.filter.CorsFilter@78e7b83, org.springframework.security.web.authentication.logout.LogoutFilter@19b3d3a4, com.crypto.exchange.web.security.JwtAuthenticationFilter@31859960, org.springframework.security.web.savedrequest.RequestCacheAwareFilter@55d8f6bb, org.springframework.security.web.servletapi.SecurityContextHolderAwareRequestFilter@56b48163, org.springframework.security.web.authentication.AnonymousAuthenticationFilter@6761f75b, org.springframework.security.web.session.SessionManagementFilter@5c43cb12, org.springframework.security.web.access.ExceptionTranslationFilter@17d0d3d7, org.springframework.security.web.access.intercept.AuthorizationFilter@7fb9a83c]
2026-09-19 17:23:42.987 [main] DEBUG c.c.e.w.s.JwtAuthenticationFilter - Filter 'jwtAuthenticationFilter' configured for use
2026-09-19 17:23:42.987 [main] INFO  o.s.b.t.m.w.SpringBootMockServletContext - Initializing Spring TestDispatcherServlet ''
2026-09-19 17:23:42.987 [main] INFO  o.s.t.w.s.TestDispatcherServlet - Initializing Servlet ''
2026-09-19 17:23:42.987 [main] INFO  o.s.t.w.s.TestDispatcherServlet - Completed initialization in 0 ms
2026-09-19 17:23:43.030 [main] INFO  c.c.e.w.c.TransactionControllerIntegrationTest - Started TransactionControllerIntegrationTest in 2.792 seconds (process running for 5.132)
2026-09-19 17:23:43.205 [main] INFO  o.s.t.c.s.AnnotationConfigContextLoaderUtils - Could not detect default configuration classes for test class [com.crypto.exchange.web.security.SecurityConfigIntegrationTest]: SecurityConfigIntegrationTest does not declare any static, non-private, non-final, nested classes annotated with @Configuration.
2026-09-19 17:23:43.222 [main] INFO  o.s.b.t.c.SpringBootTestContextBootstrapper - Found @SpringBootConfiguration com.crypto.exchange.ExchangeApplication for test class com.crypto.exchange.web.security.SecurityConfigIntegrationTest
2026-09-19 17:23:43.230 [main] INFO  o.s.b.d.r.RestartApplicationListener - Restart disabled due to context in which it is running
2026-09-19 17:23:43.262 [main] INFO  c.c.e.w.s.SecurityConfigIntegrationTest - Starting SecurityConfigIntegrationTest using Java 23.0.2 with PID 11292 (started by AxlLN in E:\exchange\CryptoExchange)
2026-09-19 17:23:43.262 [main] DEBUG c.c.e.w.s.SecurityConfigIntegrationTest - Running with Spring Boot v3.2.5, Spring v6.1.6
2026-09-19 17:23:43.263 [main] INFO  c.c.e.w.s.SecurityConfigIntegrationTest - The following 1 profile is active: "test"
2026-09-19 17:23:43.742 [main] INFO  o.s.d.r.c.RepositoryConfigurationDelegate - Bootstrapping Spring Data JPA repositories in DEFAULT mode.
2026-09-19 17:23:43.796 [main] INFO  o.s.d.r.c.RepositoryConfigurationDelegate - Finished Spring Data repository scanning in 47 ms. Found 6 JPA repository interfaces.
2026-09-19 17:23:44.011 [main] WARN  o.s.c.s.PostProcessorRegistrationDelegate$BeanPostProcessorChecker - Bean 'org.springframework.ws.config.annotation.DelegatingWsConfiguration' of type [org.springframework.ws.config.annotation.DelegatingWsConfiguration$$SpringCGLIB$$0] is not eligible for getting processed by all BeanPostProcessors (for example: not eligible for auto-proxying). The currently created BeanPostProcessor [annotationActionEndpointMapping] is declared through a non-static factory method on that class; consider declaring it as static instead.
2026-09-19 17:23:44.034 [main] INFO  o.s.w.s.a.s.AnnotationActionEndpointMapping - Supporting [WS-Addressing August 2004, WS-Addressing 1.0]
2026-09-19 17:23:44.257 [main] INFO  o.h.jpa.internal.util.LogHelper - HHH000204: Processing PersistenceUnitInfo [name: default]
2026-09-19 17:23:44.309 [main] INFO  org.hibernate.Version - HHH000412: Hibernate ORM core version 6.4.4.Final
2026-09-19 17:23:44.338 [main] INFO  o.h.c.i.RegionFactoryInitiator - HHH000026: Second-level cache disabled
2026-09-19 17:23:44.422 [main] INFO  o.s.o.j.p.SpringPersistenceUnitInfo - No LoadTimeWeaver setup: ignoring JPA class transformer
2026-09-19 17:23:44.447 [main] INFO  com.zaxxer.hikari.HikariDataSource - HikariPool-1 - Starting...
2026-09-19 17:23:44.609 [main] INFO  com.zaxxer.hikari.pool.HikariPool - HikariPool-1 - Added connection conn0: url=jdbc:h2:mem:testdb user=SA
2026-09-19 17:23:44.620 [main] INFO  com.zaxxer.hikari.HikariDataSource - HikariPool-1 - Start completed.
2026-09-19 17:23:44.640 [main] WARN  org.hibernate.orm.deprecation - HHH90000025: H2Dialect does not need to be specified explicitly using 'hibernate.dialect' (remove the property setting and it will be selected by default)
2026-09-19 17:23:45.450 [main] INFO  o.h.e.t.j.p.i.JtaPlatformInitiator - HHH000489: No JTA platform available (set 'hibernate.transaction.jta.platform' to enable JTA platform integration)
2026-09-19 17:23:45.524 [main] INFO  o.s.o.j.LocalContainerEntityManagerFactoryBean - Initialized JPA EntityManagerFactory for persistence unit 'default'
2026-09-19 17:23:45.901 [main] INFO  o.s.d.j.r.query.QueryEnhancerFactory - Hibernate is in classpath; If applicable, HQL parser will be used.
2026-09-19 17:23:46.713 [main] WARN  o.s.b.a.o.j.JpaBaseConfiguration$JpaWebConfiguration - spring.jpa.open-in-view is enabled by default. Therefore, database queries may be performed during view rendering. Explicitly configure spring.jpa.open-in-view to disable this warning
2026-09-19 17:23:46.847 [main] INFO  o.s.s.web.DefaultSecurityFilterChain - Will secure any request with [org.springframework.security.web.session.DisableEncodeUrlFilter@543b0583, org.springframework.security.web.context.request.async.WebAsyncManagerIntegrationFilter@89741e2, org.springframework.security.web.context.SecurityContextHolderFilter@551ae26a, org.springframework.security.web.header.HeaderWriterFilter@42fccd6a, org.springframework.web.filter.CorsFilter@6de5e190, org.springframework.security.web.authentication.logout.LogoutFilter@6b86fed8, com.crypto.exchange.web.security.JwtAuthenticationFilter@72bae57c, org.springframework.security.web.savedrequest.RequestCacheAwareFilter@2a81809e, org.springframework.security.web.servletapi.SecurityContextHolderAwareRequestFilter@eb28f39, org.springframework.security.web.authentication.AnonymousAuthenticationFilter@1e7e67d3, org.springframework.security.web.session.SessionManagementFilter@33aa9e40, org.springframework.security.web.access.ExceptionTranslationFilter@4d46444b, org.springframework.security.web.access.intercept.AuthorizationFilter@57f4839c]
2026-09-19 17:23:47.146 [main] DEBUG c.c.e.w.s.JwtAuthenticationFilter - Filter 'jwtAuthenticationFilter' configured for use
2026-09-19 17:23:47.146 [main] INFO  o.s.b.t.m.w.SpringBootMockServletContext - Initializing Spring TestDispatcherServlet ''
2026-09-19 17:23:47.146 [main] INFO  o.s.t.w.s.TestDispatcherServlet - Initializing Servlet ''
2026-09-19 17:23:47.147 [main] INFO  o.s.t.w.s.TestDispatcherServlet - Completed initialization in 1 ms
2026-09-19 17:23:47.161 [main] INFO  c.c.e.w.s.SecurityConfigIntegrationTest - Started SecurityConfigIntegrationTest in 3.931 seconds (process running for 9.262)
2026-09-19 17:23:47.169 [scheduling-1] INFO  c.c.e.core.aspect.LoggingAspect - Enter: com.crypto.exchange.core.service.CryptoInitializerService.scheduledPriceUpdate() with argument(s) = []
2026-09-19 17:23:47.170 [scheduling-1] INFO  c.c.e.c.s.CryptoInitializerService - Starting crypto price synchronization...
2026-09-19 17:23:47.466 [main] WARN  c.c.e.c.s.CryptoInitializerService - No matching cryptocurrency symbols found in API response.
2026-09-19 17:23:47.477 [main] INFO  c.c.e.c.s.CryptoInitializerService - Success! Updated and mapped 1 cryptocurrencies with CoinLore IDs
2026-09-19 17:23:47.486 [main] INFO  o.s.t.c.s.AnnotationConfigContextLoaderUtils - Could not detect default configuration classes for test class [com.crypto.exchange.web.controller.TransferControllerIntegrationTest]: TransferControllerIntegrationTest does not declare any static, non-private, non-final, nested classes annotated with @Configuration.
2026-09-19 17:23:47.492 [main] INFO  o.s.b.t.c.SpringBootTestContextBootstrapper - Found @SpringBootConfiguration com.crypto.exchange.ExchangeApplication for test class com.crypto.exchange.web.controller.TransferControllerIntegrationTest
2026-09-19 17:23:47.495 [main] INFO  o.s.b.d.r.RestartApplicationListener - Restart disabled due to context in which it is running
2026-09-19 17:23:47.516 [main] INFO  c.c.e.w.c.TransferControllerIntegrationTest - Starting TransferControllerIntegrationTest using Java 23.0.2 with PID 11292 (started by AxlLN in E:\exchange\CryptoExchange)
2026-09-19 17:23:47.516 [main] DEBUG c.c.e.w.c.TransferControllerIntegrationTest - Running with Spring Boot v3.2.5, Spring v6.1.6
2026-09-19 17:23:47.516 [main] INFO  c.c.e.w.c.TransferControllerIntegrationTest - No active profile set, falling back to 1 default profile: "default"
2026-09-19 17:23:47.803 [main] INFO  o.s.s.web.DefaultSecurityFilterChain - Will secure any request with [org.springframework.security.web.session.DisableEncodeUrlFilter@4b1fd583, org.springframework.security.web.context.request.async.WebAsyncManagerIntegrationFilter@6e520c9a, org.springframework.security.web.context.SecurityContextHolderFilter@4d0f96ac, org.springframework.security.web.header.HeaderWriterFilter@7ba9104f, org.springframework.web.filter.CorsFilter@371c8e30, org.springframework.security.web.authentication.logout.LogoutFilter@74aa2842, com.crypto.exchange.web.security.JwtAuthenticationFilter@13bb5b63, org.springframework.security.web.savedrequest.RequestCacheAwareFilter@4f880f30, org.springframework.security.web.servletapi.SecurityContextHolderAwareRequestFilter@7c9055e6, org.springframework.security.web.authentication.AnonymousAuthenticationFilter@1ac864d7, org.springframework.security.web.session.SessionManagementFilter@617b1e76, org.springframework.security.web.access.ExceptionTranslationFilter@64acc538, org.springframework.security.web.access.intercept.AuthorizationFilter@5951d91]
2026-09-19 17:23:47.883 [main] DEBUG c.c.e.w.s.JwtAuthenticationFilter - Filter 'jwtAuthenticationFilter' configured for use
2026-09-19 17:23:47.883 [main] INFO  o.s.b.t.m.w.SpringBootMockServletContext - Initializing Spring TestDispatcherServlet ''
2026-09-19 17:23:47.883 [main] INFO  o.s.t.w.s.TestDispatcherServlet - Initializing Servlet ''
2026-09-19 17:23:47.883 [main] INFO  o.s.t.w.s.TestDispatcherServlet - Completed initialization in 0 ms
2026-09-19 17:23:47.890 [main] INFO  c.c.e.w.c.TransferControllerIntegrationTest - Started TransferControllerIntegrationTest in 0.395 seconds (process running for 9.992)
2026-09-19 17:23:47.982 [main] WARN  c.c.e.c.e.GlobalExceptionHandler - Validation failed: fromWalletId: Укажите ID кошелька списания; cryptoExternalId: Укажите external_id криптовалюты (например, bitcoin, ethereum); recipientAddress: Укажите адрес кошелька получателя; amount: Сумма должна быть больше 0; 
2026-09-19 17:23:48.484 [scheduling-1] INFO  c.c.e.c.s.CryptoInitializerService - Success! Updated and mapped 8 cryptocurrencies with CoinLore IDs
2026-09-19 17:23:48.484 [scheduling-1] INFO  c.c.e.core.aspect.LoggingAspect - Exit: com.crypto.exchange.core.service.CryptoInitializerService.scheduledPriceUpdate() executed in 1315 ms with result = null
2026-09-19 17:23:48.523 [main] WARN  c.c.e.c.n.EmailNotificationListener - Пропуск отправки письма: email не указан для транзакции #1
2026-09-19 17:23:48.523 [main] WARN  c.c.e.c.n.EmailNotificationListener - Пропуск отправки письма: email не указан для транзакции #1
2026-09-19 17:23:48.552 [main] INFO  c.c.e.c.n.EmailNotificationListener - Квитанция отправлена на test@example.com по транзакции #1
2026-09-19 17:23:48.562 [main] ERROR c.c.e.c.n.EmailNotificationListener - Ошибка при отправке письма для транзакции #1
java.lang.RuntimeException: SMTP server error
	at org.springframework.mail.javamail.JavaMailSender.send(JavaMailSender.java:101)
	at com.crypto.exchange.core.notification.EmailNotificationListener.handleTransactionCompleted(EmailNotificationListener.java:44)
	at com.crypto.exchange.core.notification.EmailNotificationListenerTest.handleTransactionCompleted_shouldCatchExceptionAndNotThrow(EmailNotificationListenerTest.java:110)
	at java.base/jdk.internal.reflect.DirectMethodHandleAccessor.invoke(DirectMethodHandleAccessor.java:103)
	at java.base/java.lang.reflect.Method.invoke(Method.java:580)
	at org.junit.platform.commons.util.ReflectionUtils.invokeMethod(ReflectionUtils.java:728)
	at org.junit.jupiter.engine.execution.MethodInvocation.proceed(MethodInvocation.java:60)
	at org.junit.jupiter.engine.execution.InvocationInterceptorChain$ValidatingInvocation.proceed(InvocationInterceptorChain.java:131)
	at org.junit.jupiter.engine.extension.TimeoutExtension.intercept(TimeoutExtension.java:156)
	at org.junit.jupiter.engine.extension.TimeoutExtension.interceptTestableMethod(TimeoutExtension.java:147)
	at org.junit.jupiter.engine.extension.TimeoutExtension.interceptTestMethod(TimeoutExtension.java:86)
	at org.junit.jupiter.engine.execution.InterceptingExecutableInvoker$ReflectiveInterceptorCall.lambda$ofVoidMethod$0(InterceptingExecutableInvoker.java:103)
	at org.junit.jupiter.engine.execution.InterceptingExecutableInvoker.lambda$invoke$0(InterceptingExecutableInvoker.java:93)
	at org.junit.jupiter.engine.execution.InvocationInterceptorChain$InterceptedInvocation.proceed(InvocationInterceptorChain.java:106)
	at org.junit.jupiter.engine.execution.InvocationInterceptorChain.proceed(InvocationInterceptorChain.java:64)
	at org.junit.jupiter.engine.execution.InvocationInterceptorChain.chainAndInvoke(InvocationInterceptorChain.java:45)
	at org.junit.jupiter.engine.execution.InvocationInterceptorChain.invoke(InvocationInterceptorChain.java:37)
	at org.junit.jupiter.engine.execution.InterceptingExecutableInvoker.invoke(InterceptingExecutableInvoker.java:92)
	at org.junit.jupiter.engine.execution.InterceptingExecutableInvoker.invoke(InterceptingExecutableInvoker.java:86)
	at org.junit.jupiter.engine.descriptor.TestMethodTestDescriptor.lambda$invokeTestMethod$7(TestMethodTestDescriptor.java:218)
	at org.junit.platform.engine.support.hierarchical.ThrowableCollector.execute(ThrowableCollector.java:73)
	at org.junit.jupiter.engine.descriptor.TestMethodTestDescriptor.invokeTestMethod(TestMethodTestDescriptor.java:214)
	at org.junit.jupiter.engine.descriptor.TestMethodTestDescriptor.execute(TestMethodTestDescriptor.java:139)
	at org.junit.jupiter.engine.descriptor.TestMethodTestDescriptor.execute(TestMethodTestDescriptor.java:69)
	at org.junit.platform.engine.support.hierarchical.NodeTestTask.lambda$executeRecursively$6(NodeTestTask.java:151)
	at org.junit.platform.engine.support.hierarchical.ThrowableCollector.execute(ThrowableCollector.java:73)
	at org.junit.platform.engine.support.hierarchical.NodeTestTask.lambda$executeRecursively$8(NodeTestTask.java:141)
	at org.junit.platform.engine.support.hierarchical.Node.around(Node.java:137)
	at org.junit.platform.engine.support.hierarchical.NodeTestTask.lambda$executeRecursively$9(NodeTestTask.java:139)
	at org.junit.platform.engine.support.hierarchical.ThrowableCollector.execute(ThrowableCollector.java:73)
	at org.junit.platform.engine.support.hierarchical.NodeTestTask.executeRecursively(NodeTestTask.java:138)
	at org.junit.platform.engine.support.hierarchical.NodeTestTask.execute(NodeTestTask.java:95)
	at java.base/java.util.ArrayList.forEach(ArrayList.java:1597)
	at org.junit.platform.engine.support.hierarchical.SameThreadHierarchicalTestExecutorService.invokeAll(SameThreadHierarchicalTestExecutorService.java:41)
	at org.junit.platform.engine.support.hierarchical.NodeTestTask.lambda$executeRecursively$6(NodeTestTask.java:155)
	at org.junit.platform.engine.support.hierarchical.ThrowableCollector.execute(ThrowableCollector.java:73)
	at org.junit.platform.engine.support.hierarchical.NodeTestTask.lambda$executeRecursively$8(NodeTestTask.java:141)
	at org.junit.platform.engine.support.hierarchical.Node.around(Node.java:137)
	at org.junit.platform.engine.support.hierarchical.NodeTestTask.lambda$executeRecursively$9(NodeTestTask.java:139)
	at org.junit.platform.engine.support.hierarchical.ThrowableCollector.execute(ThrowableCollector.java:73)
	at org.junit.platform.engine.support.hierarchical.NodeTestTask.executeRecursively(NodeTestTask.java:138)
	at org.junit.platform.engine.support.hierarchical.NodeTestTask.execute(NodeTestTask.java:95)
	at java.base/java.util.ArrayList.forEach(ArrayList.java:1597)
	at org.junit.platform.engine.support.hierarchical.SameThreadHierarchicalTestExecutorService.invokeAll(SameThreadHierarchicalTestExecutorService.java:41)
	at org.junit.platform.engine.support.hierarchical.NodeTestTask.lambda$executeRecursively$6(NodeTestTask.java:155)
	at org.junit.platform.engine.support.hierarchical.ThrowableCollector.execute(ThrowableCollector.java:73)
	at org.junit.platform.engine.support.hierarchical.NodeTestTask.lambda$executeRecursively$8(NodeTestTask.java:141)
	at org.junit.platform.engine.support.hierarchical.Node.around(Node.java:137)
	at org.junit.platform.engine.support.hierarchical.NodeTestTask.lambda$executeRecursively$9(NodeTestTask.java:139)
	at org.junit.platform.engine.support.hierarchical.ThrowableCollector.execute(ThrowableCollector.java:73)
	at org.junit.platform.engine.support.hierarchical.NodeTestTask.executeRecursively(NodeTestTask.java:138)
	at org.junit.platform.engine.support.hierarchical.NodeTestTask.execute(NodeTestTask.java:95)
	at org.junit.platform.engine.support.hierarchical.SameThreadHierarchicalTestExecutorService.submit(SameThreadHierarchicalTestExecutorService.java:35)
	at org.junit.platform.engine.support.hierarchical.HierarchicalTestExecutor.execute(HierarchicalTestExecutor.java:57)
	at org.junit.platform.engine.support.hierarchical.HierarchicalTestEngine.execute(HierarchicalTestEngine.java:54)
	at org.junit.platform.launcher.core.EngineExecutionOrchestrator.execute(EngineExecutionOrchestrator.java:198)
	at org.junit.platform.launcher.core.EngineExecutionOrchestrator.execute(EngineExecutionOrchestrator.java:169)
	at org.junit.platform.launcher.core.EngineExecutionOrchestrator.execute(EngineExecutionOrchestrator.java:93)
	at org.junit.platform.launcher.core.EngineExecutionOrchestrator.lambda$execute$0(EngineExecutionOrchestrator.java:58)
	at org.junit.platform.launcher.core.EngineExecutionOrchestrator.withInterceptedStreams(EngineExecutionOrchestrator.java:141)
	at org.junit.platform.launcher.core.EngineExecutionOrchestrator.execute(EngineExecutionOrchestrator.java:57)
	at org.junit.platform.launcher.core.DefaultLauncher.execute(DefaultLauncher.java:103)
	at org.junit.platform.launcher.core.DefaultLauncher.execute(DefaultLauncher.java:85)
	at org.junit.platform.launcher.core.DelegatingLauncher.execute(DelegatingLauncher.java:47)
	at org.junit.platform.launcher.core.SessionPerRequestLauncher.execute(SessionPerRequestLauncher.java:63)
	at com.intellij.junit5.JUnit5IdeaTestRunner.startRunnerWithArgs(JUnit5IdeaTestRunner.java:66)
	at com.intellij.rt.junit.IdeaTestRunner$Repeater$1.execute(IdeaTestRunner.java:38)
	at com.intellij.rt.execution.junit.TestsRepeater.repeat(TestsRepeater.java:11)
	at com.intellij.rt.junit.IdeaTestRunner$Repeater.startRunnerWithArgs(IdeaTestRunner.java:35)
	at com.intellij.rt.junit.JUnitStarter.prepareStreamsAndStart(JUnitStarter.java:237)
	at com.intellij.rt.junit.JUnitStarter.main(JUnitStarter.java:58)
2026-09-19 17:23:48.619 [main] INFO  o.s.t.c.s.AnnotationConfigContextLoaderUtils - Could not detect default configuration classes for test class [com.crypto.exchange.web.controller.CryptoCurrencyControllerIntegrationTest]: CryptoCurrencyControllerIntegrationTest does not declare any static, non-private, non-final, nested classes annotated with @Configuration.
2026-09-19 17:23:48.622 [main] INFO  o.s.b.t.c.SpringBootTestContextBootstrapper - Found @SpringBootConfiguration com.crypto.exchange.ExchangeApplication for test class com.crypto.exchange.web.controller.CryptoCurrencyControllerIntegrationTest
2026-09-19 17:23:48.625 [main] INFO  o.s.b.d.r.RestartApplicationListener - Restart disabled due to context in which it is running
2026-09-19 17:23:48.643 [main] INFO  c.c.e.w.c.CryptoCurrencyControllerIntegrationTest - Starting CryptoCurrencyControllerIntegrationTest using Java 23.0.2 with PID 11292 (started by AxlLN in E:\exchange\CryptoExchange)
2026-09-19 17:23:48.643 [main] DEBUG c.c.e.w.c.CryptoCurrencyControllerIntegrationTest - Running with Spring Boot v3.2.5, Spring v6.1.6
2026-09-19 17:23:48.644 [main] INFO  c.c.e.w.c.CryptoCurrencyControllerIntegrationTest - No active profile set, falling back to 1 default profile: "default"
2026-09-19 17:23:48.911 [main] INFO  o.s.s.web.DefaultSecurityFilterChain - Will secure any request with [org.springframework.security.web.session.DisableEncodeUrlFilter@48e835fe, org.springframework.security.web.context.request.async.WebAsyncManagerIntegrationFilter@1609fdff, org.springframework.security.web.context.SecurityContextHolderFilter@1383af86, org.springframework.security.web.header.HeaderWriterFilter@670e1bdf, org.springframework.web.filter.CorsFilter@404ac06, org.springframework.security.web.authentication.logout.LogoutFilter@3dcc6e62, com.crypto.exchange.web.security.JwtAuthenticationFilter@53162e9c, org.springframework.security.web.savedrequest.RequestCacheAwareFilter@7233cd72, org.springframework.security.web.servletapi.SecurityContextHolderAwareRequestFilter@6574e008, org.springframework.security.web.authentication.AnonymousAuthenticationFilter@623fcb4f, org.springframework.security.web.session.SessionManagementFilter@7985f341, org.springframework.security.web.access.ExceptionTranslationFilter@59c99b5, org.springframework.security.web.access.intercept.AuthorizationFilter@134eb263]
2026-09-19 17:23:48.970 [main] DEBUG c.c.e.w.s.JwtAuthenticationFilter - Filter 'jwtAuthenticationFilter' configured for use
2026-09-19 17:23:48.971 [main] INFO  o.s.b.t.m.w.SpringBootMockServletContext - Initializing Spring TestDispatcherServlet ''
2026-09-19 17:23:48.971 [main] INFO  o.s.t.w.s.TestDispatcherServlet - Initializing Servlet ''
2026-09-19 17:23:48.971 [main] INFO  o.s.t.w.s.TestDispatcherServlet - Completed initialization in 0 ms
2026-09-19 17:23:48.977 [main] INFO  c.c.e.w.c.CryptoCurrencyControllerIntegrationTest - Started CryptoCurrencyControllerIntegrationTest in 0.353 seconds (process running for 11.079)
2026-09-19 17:23:49.239 [main] INFO  o.s.t.c.s.AnnotationConfigContextLoaderUtils - Could not detect default configuration classes for test class [com.crypto.exchange.web.controller.WalletControllerIntegrationTest]: WalletControllerIntegrationTest does not declare any static, non-private, non-final, nested classes annotated with @Configuration.
2026-09-19 17:23:49.244 [main] INFO  o.s.b.t.c.SpringBootTestContextBootstrapper - Found @SpringBootConfiguration com.crypto.exchange.ExchangeApplication for test class com.crypto.exchange.web.controller.WalletControllerIntegrationTest
2026-09-19 17:23:49.248 [main] INFO  o.s.b.d.r.RestartApplicationListener - Restart disabled due to context in which it is running
2026-09-19 17:23:49.263 [main] INFO  c.c.e.w.c.WalletControllerIntegrationTest - Starting WalletControllerIntegrationTest using Java 23.0.2 with PID 11292 (started by AxlLN in E:\exchange\CryptoExchange)
2026-09-19 17:23:49.263 [main] DEBUG c.c.e.w.c.WalletControllerIntegrationTest - Running with Spring Boot v3.2.5, Spring v6.1.6
2026-09-19 17:23:49.263 [main] INFO  c.c.e.w.c.WalletControllerIntegrationTest - No active profile set, falling back to 1 default profile: "default"
2026-09-19 17:23:49.514 [main] INFO  o.s.s.web.DefaultSecurityFilterChain - Will secure any request with [org.springframework.security.web.session.DisableEncodeUrlFilter@37499b7b, org.springframework.security.web.context.request.async.WebAsyncManagerIntegrationFilter@66ab002e, org.springframework.security.web.context.SecurityContextHolderFilter@79cf55a3, org.springframework.security.web.header.HeaderWriterFilter@53a0331a, org.springframework.web.filter.CorsFilter@7198937f, org.springframework.security.web.authentication.logout.LogoutFilter@68c72e82, com.crypto.exchange.web.security.JwtAuthenticationFilter@4daf7de0, org.springframework.security.web.savedrequest.RequestCacheAwareFilter@22b66bae, org.springframework.security.web.servletapi.SecurityContextHolderAwareRequestFilter@70dcb401, org.springframework.security.web.authentication.AnonymousAuthenticationFilter@3d6598cd, org.springframework.security.web.session.SessionManagementFilter@601f6fd5, org.springframework.security.web.access.ExceptionTranslationFilter@227f3bb7, org.springframework.security.web.access.intercept.AuthorizationFilter@6c540ca5]
2026-09-19 17:23:49.564 [main] DEBUG c.c.e.w.s.JwtAuthenticationFilter - Filter 'jwtAuthenticationFilter' configured for use
2026-09-19 17:23:49.564 [main] INFO  o.s.b.t.m.w.SpringBootMockServletContext - Initializing Spring TestDispatcherServlet ''
2026-09-19 17:23:49.564 [main] INFO  o.s.t.w.s.TestDispatcherServlet - Initializing Servlet ''
2026-09-19 17:23:49.565 [main] INFO  o.s.t.w.s.TestDispatcherServlet - Completed initialization in 1 ms
2026-09-19 17:23:49.571 [main] INFO  c.c.e.w.c.WalletControllerIntegrationTest - Started WalletControllerIntegrationTest in 0.323 seconds (process running for 11.673)
2026-09-19 17:23:49.641 [main] INFO  o.s.t.c.s.AnnotationConfigContextLoaderUtils - Could not detect default configuration classes for test class [com.crypto.exchange.web.controller.UserControllerIntegrationTest]: UserControllerIntegrationTest does not declare any static, non-private, non-final, nested classes annotated with @Configuration.
2026-09-19 17:23:49.644 [main] INFO  o.s.b.t.c.SpringBootTestContextBootstrapper - Found @SpringBootConfiguration com.crypto.exchange.ExchangeApplication for test class com.crypto.exchange.web.controller.UserControllerIntegrationTest
2026-09-19 17:23:49.647 [main] INFO  o.s.b.d.r.RestartApplicationListener - Restart disabled due to context in which it is running
2026-09-19 17:23:49.659 [main] INFO  c.c.e.w.c.UserControllerIntegrationTest - Starting UserControllerIntegrationTest using Java 23.0.2 with PID 11292 (started by AxlLN in E:\exchange\CryptoExchange)
2026-09-19 17:23:49.659 [main] DEBUG c.c.e.w.c.UserControllerIntegrationTest - Running with Spring Boot v3.2.5, Spring v6.1.6
2026-09-19 17:23:49.659 [main] INFO  c.c.e.w.c.UserControllerIntegrationTest - No active profile set, falling back to 1 default profile: "default"
2026-09-19 17:23:49.885 [main] INFO  o.s.s.web.DefaultSecurityFilterChain - Will secure any request with [org.springframework.security.web.session.DisableEncodeUrlFilter@6246a249, org.springframework.security.web.context.request.async.WebAsyncManagerIntegrationFilter@416a6d16, org.springframework.security.web.context.SecurityContextHolderFilter@7ce45766, org.springframework.security.web.header.HeaderWriterFilter@49eb9a66, org.springframework.web.filter.CorsFilter@7f0bc723, org.springframework.security.web.authentication.logout.LogoutFilter@6f2984cb, com.crypto.exchange.web.security.JwtAuthenticationFilter@765c5a23, org.springframework.security.web.savedrequest.RequestCacheAwareFilter@26feae9d, org.springframework.security.web.servletapi.SecurityContextHolderAwareRequestFilter@3353388e, org.springframework.security.web.authentication.AnonymousAuthenticationFilter@5511d1a, org.springframework.security.web.session.SessionManagementFilter@10125d66, org.springframework.security.web.access.ExceptionTranslationFilter@6bb63ed1, org.springframework.security.web.access.intercept.AuthorizationFilter@16cd8dbd]
2026-09-19 17:23:49.983 [main] DEBUG c.c.e.w.s.JwtAuthenticationFilter - Filter 'jwtAuthenticationFilter' configured for use
2026-09-19 17:23:49.984 [main] INFO  o.s.b.t.m.w.SpringBootMockServletContext - Initializing Spring TestDispatcherServlet ''
2026-09-19 17:23:49.984 [main] INFO  o.s.t.w.s.TestDispatcherServlet - Initializing Servlet ''
2026-09-19 17:23:49.985 [main] INFO  o.s.t.w.s.TestDispatcherServlet - Completed initialization in 1 ms
2026-09-19 17:23:49.993 [main] INFO  c.c.e.w.c.UserControllerIntegrationTest - Started UserControllerIntegrationTest in 0.347 seconds (process running for 12.094)
2026-09-19 17:23:50.022 [main] INFO  o.s.t.c.s.AnnotationConfigContextLoaderUtils - Could not detect default configuration classes for test class [com.crypto.exchange.ExchangeApplicationTests]: ExchangeApplicationTests does not declare any static, non-private, non-final, nested classes annotated with @Configuration.
2026-09-19 17:23:50.027 [main] INFO  o.s.b.t.c.SpringBootTestContextBootstrapper - Found @SpringBootConfiguration com.crypto.exchange.ExchangeApplication for test class com.crypto.exchange.ExchangeApplicationTests
2026-09-19 17:23:50.031 [main] INFO  o.s.b.d.r.RestartApplicationListener - Restart disabled due to context in which it is running
2026-09-19 17:23:50.043 [main] INFO  c.c.e.ExchangeApplicationTests - Starting ExchangeApplicationTests using Java 23.0.2 with PID 11292 (started by AxlLN in E:\exchange\CryptoExchange)
2026-09-19 17:23:50.043 [main] DEBUG c.c.e.ExchangeApplicationTests - Running with Spring Boot v3.2.5, Spring v6.1.6
2026-09-19 17:23:50.044 [main] INFO  c.c.e.ExchangeApplicationTests - The following 1 profile is active: "test"
2026-09-19 17:23:50.193 [main] INFO  o.s.d.r.c.RepositoryConfigurationDelegate - Bootstrapping Spring Data JPA repositories in DEFAULT mode.
2026-09-19 17:23:50.211 [main] INFO  o.s.d.r.c.RepositoryConfigurationDelegate - Finished Spring Data repository scanning in 18 ms. Found 6 JPA repository interfaces.
2026-09-19 17:23:50.261 [main] WARN  o.s.c.s.PostProcessorRegistrationDelegate$BeanPostProcessorChecker - Bean 'org.springframework.ws.config.annotation.DelegatingWsConfiguration' of type [org.springframework.ws.config.annotation.DelegatingWsConfiguration$$SpringCGLIB$$0] is not eligible for getting processed by all BeanPostProcessors (for example: not eligible for auto-proxying). The currently created BeanPostProcessor [annotationActionEndpointMapping] is declared through a non-static factory method on that class; consider declaring it as static instead.
2026-09-19 17:23:50.263 [main] INFO  o.s.w.s.a.s.AnnotationActionEndpointMapping - Supporting [WS-Addressing August 2004, WS-Addressing 1.0]
2026-09-19 17:23:50.307 [main] INFO  o.h.jpa.internal.util.LogHelper - HHH000204: Processing PersistenceUnitInfo [name: default]
2026-09-19 17:23:50.309 [main] INFO  o.h.c.i.RegionFactoryInitiator - HHH000026: Second-level cache disabled
2026-09-19 17:23:50.312 [main] INFO  o.s.o.j.p.SpringPersistenceUnitInfo - No LoadTimeWeaver setup: ignoring JPA class transformer
2026-09-19 17:23:50.313 [main] INFO  com.zaxxer.hikari.HikariDataSource - HikariPool-2 - Starting...
2026-09-19 17:23:50.314 [main] INFO  com.zaxxer.hikari.pool.HikariPool - HikariPool-2 - Added connection conn10: url=jdbc:h2:mem:testdb user=SA
2026-09-19 17:23:50.314 [main] INFO  com.zaxxer.hikari.HikariDataSource - HikariPool-2 - Start completed.
2026-09-19 17:23:50.316 [main] WARN  org.hibernate.orm.deprecation - HHH90000025: H2Dialect does not need to be specified explicitly using 'hibernate.dialect' (remove the property setting and it will be selected by default)
2026-09-19 17:23:50.408 [main] INFO  o.h.e.t.j.p.i.JtaPlatformInitiator - HHH000489: No JTA platform available (set 'hibernate.transaction.jta.platform' to enable JTA platform integration)
2026-09-19 17:23:50.432 [main] INFO  o.s.o.j.LocalContainerEntityManagerFactoryBean - Initialized JPA EntityManagerFactory for persistence unit 'default'
2026-09-19 17:23:50.682 [main] WARN  o.s.b.a.o.j.JpaBaseConfiguration$JpaWebConfiguration - spring.jpa.open-in-view is enabled by default. Therefore, database queries may be performed during view rendering. Explicitly configure spring.jpa.open-in-view to disable this warning
2026-09-19 17:23:50.760 [main] INFO  o.s.s.web.DefaultSecurityFilterChain - Will secure any request with [org.springframework.security.web.session.DisableEncodeUrlFilter@326d4f0f, org.springframework.security.web.context.request.async.WebAsyncManagerIntegrationFilter@79c8d5c4, org.springframework.security.web.context.SecurityContextHolderFilter@1d6a5aee, org.springframework.security.web.header.HeaderWriterFilter@30a8a26b, org.springframework.web.filter.CorsFilter@456387e7, org.springframework.security.web.authentication.logout.LogoutFilter@257dc264, com.crypto.exchange.web.security.JwtAuthenticationFilter@3709549a, org.springframework.security.web.savedrequest.RequestCacheAwareFilter@d974318, org.springframework.security.web.servletapi.SecurityContextHolderAwareRequestFilter@7859033b, org.springframework.security.web.authentication.AnonymousAuthenticationFilter@4d41b630, org.springframework.security.web.session.SessionManagementFilter@22860851, org.springframework.security.web.access.ExceptionTranslationFilter@3454873c, org.springframework.security.web.access.intercept.AuthorizationFilter@22b543f8]
2026-09-19 17:23:50.888 [main] INFO  c.c.e.ExchangeApplicationTests - Started ExchangeApplicationTests in 0.857 seconds (process running for 12.989)
2026-09-19 17:23:50.888 [scheduling-1] INFO  c.c.e.core.aspect.LoggingAspect - Enter: com.crypto.exchange.core.service.CryptoInitializerService.scheduledPriceUpdate() with argument(s) = []
2026-09-19 17:23:50.888 [scheduling-1] INFO  c.c.e.c.s.CryptoInitializerService - Starting crypto price synchronization...
2026-09-19 17:23:50.895 [main] DEBUG c.c.e.c.s.CryptoPriceHistoryService - Fetching price history for crypto ID: 999 with pageable: Page request [number: 0, size 10, sort: UNSORTED]
2026-09-19 17:23:50.899 [main] DEBUG c.c.e.c.s.CryptoPriceHistoryService - Fetching price history for crypto ID: 1 with pageable: Page request [number: 0, size 10, sort: UNSORTED]
2026-09-19 17:23:50.906 [main] INFO  o.s.t.c.s.AnnotationConfigContextLoaderUtils - Could not detect default configuration classes for test class [com.crypto.exchange.web.controller.AdminUserControllerIntegrationTest]: AdminUserControllerIntegrationTest does not declare any static, non-private, non-final, nested classes annotated with @Configuration.
2026-09-19 17:23:50.910 [main] INFO  o.s.b.t.c.SpringBootTestContextBootstrapper - Found @SpringBootConfiguration com.crypto.exchange.ExchangeApplication for test class com.crypto.exchange.web.controller.AdminUserControllerIntegrationTest
2026-09-19 17:23:50.912 [main] INFO  o.s.b.d.r.RestartApplicationListener - Restart disabled due to context in which it is running
2026-09-19 17:23:50.926 [main] INFO  c.c.e.w.c.AdminUserControllerIntegrationTest - Starting AdminUserControllerIntegrationTest using Java 23.0.2 with PID 11292 (started by AxlLN in E:\exchange\CryptoExchange)
2026-09-19 17:23:50.926 [main] DEBUG c.c.e.w.c.AdminUserControllerIntegrationTest - Running with Spring Boot v3.2.5, Spring v6.1.6
2026-09-19 17:23:50.926 [main] INFO  c.c.e.w.c.AdminUserControllerIntegrationTest - No active profile set, falling back to 1 default profile: "default"
2026-09-19 17:23:50.980 [scheduling-1] INFO  c.c.e.c.s.CryptoInitializerService - Success! Updated and mapped 8 cryptocurrencies with CoinLore IDs
2026-09-19 17:23:50.981 [scheduling-1] INFO  c.c.e.core.aspect.LoggingAspect - Exit: com.crypto.exchange.core.service.CryptoInitializerService.scheduledPriceUpdate() executed in 93 ms with result = null
2026-09-19 17:23:51.220 [main] INFO  o.s.s.web.DefaultSecurityFilterChain - Will secure any request with [org.springframework.security.web.session.DisableEncodeUrlFilter@132cfd21, org.springframework.security.web.context.request.async.WebAsyncManagerIntegrationFilter@4b9d5a20, org.springframework.security.web.context.SecurityContextHolderFilter@459b249a, org.springframework.security.web.header.HeaderWriterFilter@1f735b9e, org.springframework.web.filter.CorsFilter@d1c77e1, org.springframework.security.web.authentication.logout.LogoutFilter@18880c28, com.crypto.exchange.web.security.JwtAuthenticationFilter@251e231, org.springframework.security.web.savedrequest.RequestCacheAwareFilter@31a4048c, org.springframework.security.web.servletapi.SecurityContextHolderAwareRequestFilter@340e068d, org.springframework.security.web.authentication.AnonymousAuthenticationFilter@7dfbc765, org.springframework.security.web.session.SessionManagementFilter@3dc1ba9d, org.springframework.security.web.access.ExceptionTranslationFilter@7ed14356, org.springframework.security.web.access.intercept.AuthorizationFilter@4d67be11]
2026-09-19 17:23:51.277 [main] DEBUG c.c.e.w.s.JwtAuthenticationFilter - Filter 'jwtAuthenticationFilter' configured for use
2026-09-19 17:23:51.278 [main] INFO  o.s.b.t.m.w.SpringBootMockServletContext - Initializing Spring TestDispatcherServlet ''
2026-09-19 17:23:51.278 [main] INFO  o.s.t.w.s.TestDispatcherServlet - Initializing Servlet ''
2026-09-19 17:23:51.278 [main] INFO  o.s.t.w.s.TestDispatcherServlet - Completed initialization in 0 ms
2026-09-19 17:23:51.284 [main] INFO  c.c.e.w.c.AdminUserControllerIntegrationTest - Started AdminUserControllerIntegrationTest in 0.372 seconds (process running for 13.386)
2026-09-19 17:23:51.330 [main] INFO  o.s.t.c.s.AnnotationConfigContextLoaderUtils - Could not detect default configuration classes for test class [com.crypto.exchange.web.controller.AuthControllerIntegrationTest]: AuthControllerIntegrationTest does not declare any static, non-private, non-final, nested classes annotated with @Configuration.
2026-09-19 17:23:51.334 [main] INFO  o.s.b.t.c.SpringBootTestContextBootstrapper - Found @SpringBootConfiguration com.crypto.exchange.ExchangeApplication for test class com.crypto.exchange.web.controller.AuthControllerIntegrationTest
2026-09-19 17:23:51.339 [main] INFO  o.s.b.d.r.RestartApplicationListener - Restart disabled due to context in which it is running
2026-09-19 17:23:51.356 [main] INFO  c.c.e.w.c.AuthControllerIntegrationTest - Starting AuthControllerIntegrationTest using Java 23.0.2 with PID 11292 (started by AxlLN in E:\exchange\CryptoExchange)
2026-09-19 17:23:51.356 [main] DEBUG c.c.e.w.c.AuthControllerIntegrationTest - Running with Spring Boot v3.2.5, Spring v6.1.6
2026-09-19 17:23:51.356 [main] INFO  c.c.e.w.c.AuthControllerIntegrationTest - No active profile set, falling back to 1 default profile: "default"
2026-09-19 17:23:51.612 [main] INFO  o.s.s.web.DefaultSecurityFilterChain - Will secure any request with [org.springframework.security.web.session.DisableEncodeUrlFilter@47331810, org.springframework.security.web.context.request.async.WebAsyncManagerIntegrationFilter@548b3ac6, org.springframework.security.web.context.SecurityContextHolderFilter@2f6d5cff, org.springframework.security.web.header.HeaderWriterFilter@5b11983b, org.springframework.web.filter.CorsFilter@78332334, org.springframework.security.web.authentication.logout.LogoutFilter@3e21921, com.crypto.exchange.web.security.JwtAuthenticationFilter@5534afbc, org.springframework.security.web.savedrequest.RequestCacheAwareFilter@411675ac, org.springframework.security.web.servletapi.SecurityContextHolderAwareRequestFilter@1611edf5, org.springframework.security.web.authentication.AnonymousAuthenticationFilter@7460e9c9, org.springframework.security.web.session.SessionManagementFilter@388d1c34, org.springframework.security.web.access.ExceptionTranslationFilter@26190187, org.springframework.security.web.access.intercept.AuthorizationFilter@68cc9261]
2026-09-19 17:23:51.702 [main] DEBUG c.c.e.w.s.JwtAuthenticationFilter - Filter 'jwtAuthenticationFilter' configured for use
2026-09-19 17:23:51.702 [main] INFO  o.s.b.t.m.w.SpringBootMockServletContext - Initializing Spring TestDispatcherServlet ''
2026-09-19 17:23:51.702 [main] INFO  o.s.t.w.s.TestDispatcherServlet - Initializing Servlet ''
2026-09-19 17:23:51.703 [main] INFO  o.s.t.w.s.TestDispatcherServlet - Completed initialization in 1 ms
2026-09-19 17:23:51.709 [main] INFO  c.c.e.w.c.AuthControllerIntegrationTest - Started AuthControllerIntegrationTest in 0.37 seconds (process running for 13.81)
2026-09-19 17:23:51.725 [main] WARN  c.c.e.c.e.GlobalExceptionHandler - Validation failed: password: Пароль не может быть пустым; 
2026-09-19 17:23:51.763 [main] WARN  c.c.e.c.e.GlobalExceptionHandler - Validation failed: email: Некорректный формат email; 
2026-09-19 17:23:51.936 [main] INFO  o.s.t.c.s.AnnotationConfigContextLoaderUtils - Could not detect default configuration classes for test class [com.crypto.exchange.web.security.JwtTokenProviderIntegrationTest]: JwtTokenProviderIntegrationTest does not declare any static, non-private, non-final, nested classes annotated with @Configuration.
2026-09-19 17:23:51.937 [main] INFO  o.s.b.t.c.SpringBootTestContextBootstrapper - Found @SpringBootConfiguration com.crypto.exchange.ExchangeApplication for test class com.crypto.exchange.web.security.JwtTokenProviderIntegrationTest
2026-09-19 17:23:52.128 [SpringApplicationShutdownHook] INFO  o.s.o.j.LocalContainerEntityManagerFactoryBean - Closing JPA EntityManagerFactory for persistence unit 'default'
2026-09-19 17:23:52.135 [SpringApplicationShutdownHook] INFO  com.zaxxer.hikari.HikariDataSource - HikariPool-1 - Shutdown initiated...
2026-09-19 17:23:52.137 [SpringApplicationShutdownHook] INFO  com.zaxxer.hikari.HikariDataSource - HikariPool-1 - Shutdown completed.
2026-09-19 17:23:52.141 [SpringApplicationShutdownHook] INFO  o.s.o.j.LocalContainerEntityManagerFactoryBean - Closing JPA EntityManagerFactory for persistence unit 'default'
2026-09-19 17:23:52.142 [SpringApplicationShutdownHook] INFO  com.zaxxer.hikari.HikariDataSource - HikariPool-2 - Shutdown initiated...
2026-09-19 17:23:52.143 [SpringApplicationShutdownHook] INFO  com.zaxxer.hikari.HikariDataSource - HikariPool-2 - Shutdown completed.
2026-09-19 17:24:14.078 [main] INFO  c.c.e.w.c.TransactionControllerIntegrationTest - Starting TransactionControllerIntegrationTest using Java 23.0.2 with PID 16024 (started by AxlLN in E:\exchange\CryptoExchange)
2026-09-19 17:24:14.079 [main] DEBUG c.c.e.w.c.TransactionControllerIntegrationTest - Running with Spring Boot v3.2.5, Spring v6.1.6
2026-09-19 17:24:14.080 [main] INFO  c.c.e.w.c.TransactionControllerIntegrationTest - No active profile set, falling back to 1 default profile: "default"
2026-09-19 17:24:17.504 [main] INFO  o.s.s.web.DefaultSecurityFilterChain - Will secure any request with [org.springframework.security.web.session.DisableEncodeUrlFilter@4948ffbc, org.springframework.security.web.context.request.async.WebAsyncManagerIntegrationFilter@90815d4, org.springframework.security.web.context.SecurityContextHolderFilter@49a69322, org.springframework.security.web.header.HeaderWriterFilter@70cedb55, org.springframework.web.filter.CorsFilter@1f34147c, org.springframework.security.web.authentication.logout.LogoutFilter@5f9aa32, com.crypto.exchange.web.security.JwtAuthenticationFilter@5cddcafa, org.springframework.security.web.savedrequest.RequestCacheAwareFilter@108c260b, org.springframework.security.web.servletapi.SecurityContextHolderAwareRequestFilter@32fb8c75, org.springframework.security.web.authentication.AnonymousAuthenticationFilter@741befb4, org.springframework.security.web.session.SessionManagementFilter@6141e0e6, org.springframework.security.web.access.ExceptionTranslationFilter@6e5df02a, org.springframework.security.web.access.intercept.AuthorizationFilter@2f9df3a2]
2026-09-19 17:24:17.833 [main] DEBUG c.c.e.w.s.JwtAuthenticationFilter - Filter 'jwtAuthenticationFilter' configured for use
2026-09-19 17:24:17.834 [main] INFO  o.s.b.t.m.w.SpringBootMockServletContext - Initializing Spring TestDispatcherServlet ''
2026-09-19 17:24:17.834 [main] INFO  o.s.t.w.s.TestDispatcherServlet - Initializing Servlet ''
2026-09-19 17:24:17.835 [main] INFO  o.s.t.w.s.TestDispatcherServlet - Completed initialization in 1 ms
2026-09-19 17:24:17.880 [main] INFO  c.c.e.w.c.TransactionControllerIntegrationTest - Started TransactionControllerIntegrationTest in 4.36 seconds (process running for 8.578)
2026-09-19 17:24:18.094 [main] INFO  o.s.t.c.s.AnnotationConfigContextLoaderUtils - Could not detect default configuration classes for test class [com.crypto.exchange.web.security.SecurityConfigIntegrationTest]: SecurityConfigIntegrationTest does not declare any static, non-private, non-final, nested classes annotated with @Configuration.
2026-09-19 17:24:18.117 [main] INFO  o.s.b.t.c.SpringBootTestContextBootstrapper - Found @SpringBootConfiguration com.crypto.exchange.ExchangeApplication for test class com.crypto.exchange.web.security.SecurityConfigIntegrationTest
2026-09-19 17:24:18.129 [main] INFO  o.s.b.d.r.RestartApplicationListener - Restart disabled due to context in which it is running
2026-09-19 17:24:18.171 [main] INFO  c.c.e.w.s.SecurityConfigIntegrationTest - Starting SecurityConfigIntegrationTest using Java 23.0.2 with PID 16024 (started by AxlLN in E:\exchange\CryptoExchange)
2026-09-19 17:24:18.171 [main] DEBUG c.c.e.w.s.SecurityConfigIntegrationTest - Running with Spring Boot v3.2.5, Spring v6.1.6
2026-09-19 17:24:18.171 [main] INFO  c.c.e.w.s.SecurityConfigIntegrationTest - The following 1 profile is active: "test"
2026-09-19 17:24:18.784 [main] INFO  o.s.d.r.c.RepositoryConfigurationDelegate - Bootstrapping Spring Data JPA repositories in DEFAULT mode.
2026-09-19 17:24:18.853 [main] INFO  o.s.d.r.c.RepositoryConfigurationDelegate - Finished Spring Data repository scanning in 58 ms. Found 6 JPA repository interfaces.
2026-09-19 17:24:19.106 [main] WARN  o.s.c.s.PostProcessorRegistrationDelegate$BeanPostProcessorChecker - Bean 'org.springframework.ws.config.annotation.DelegatingWsConfiguration' of type [org.springframework.ws.config.annotation.DelegatingWsConfiguration$$SpringCGLIB$$0] is not eligible for getting processed by all BeanPostProcessors (for example: not eligible for auto-proxying). The currently created BeanPostProcessor [annotationActionEndpointMapping] is declared through a non-static factory method on that class; consider declaring it as static instead.
2026-09-19 17:24:19.139 [main] INFO  o.s.w.s.a.s.AnnotationActionEndpointMapping - Supporting [WS-Addressing August 2004, WS-Addressing 1.0]
2026-09-19 17:24:19.535 [main] INFO  o.h.jpa.internal.util.LogHelper - HHH000204: Processing PersistenceUnitInfo [name: default]
2026-09-19 17:24:19.638 [main] INFO  org.hibernate.Version - HHH000412: Hibernate ORM core version 6.4.4.Final
2026-09-19 17:24:19.700 [main] INFO  o.h.c.i.RegionFactoryInitiator - HHH000026: Second-level cache disabled
2026-09-19 17:24:19.893 [main] INFO  o.s.o.j.p.SpringPersistenceUnitInfo - No LoadTimeWeaver setup: ignoring JPA class transformer
2026-09-19 17:24:19.943 [main] INFO  com.zaxxer.hikari.HikariDataSource - HikariPool-1 - Starting...
2026-09-19 17:24:20.461 [main] INFO  com.zaxxer.hikari.pool.HikariPool - HikariPool-1 - Added connection conn0: url=jdbc:h2:mem:testdb user=SA
2026-09-19 17:24:20.462 [main] INFO  com.zaxxer.hikari.HikariDataSource - HikariPool-1 - Start completed.
2026-09-19 17:24:20.508 [main] WARN  org.hibernate.orm.deprecation - HHH90000025: H2Dialect does not need to be specified explicitly using 'hibernate.dialect' (remove the property setting and it will be selected by default)
2026-09-19 17:24:22.017 [main] INFO  o.h.e.t.j.p.i.JtaPlatformInitiator - HHH000489: No JTA platform available (set 'hibernate.transaction.jta.platform' to enable JTA platform integration)
2026-09-19 17:24:22.138 [main] INFO  o.s.o.j.LocalContainerEntityManagerFactoryBean - Initialized JPA EntityManagerFactory for persistence unit 'default'
2026-09-19 17:24:22.697 [main] INFO  o.s.d.j.r.query.QueryEnhancerFactory - Hibernate is in classpath; If applicable, HQL parser will be used.
2026-09-19 17:24:24.056 [main] WARN  o.s.b.a.o.j.JpaBaseConfiguration$JpaWebConfiguration - spring.jpa.open-in-view is enabled by default. Therefore, database queries may be performed during view rendering. Explicitly configure spring.jpa.open-in-view to disable this warning
2026-09-19 17:24:24.210 [main] INFO  o.s.s.web.DefaultSecurityFilterChain - Will secure any request with [org.springframework.security.web.session.DisableEncodeUrlFilter@61ca0fcf, org.springframework.security.web.context.request.async.WebAsyncManagerIntegrationFilter@1d3ffaf4, org.springframework.security.web.context.SecurityContextHolderFilter@42c0fc39, org.springframework.security.web.header.HeaderWriterFilter@34bb7a71, org.springframework.web.filter.CorsFilter@626fd5b6, org.springframework.security.web.authentication.logout.LogoutFilter@2b8ae072, com.crypto.exchange.web.security.JwtAuthenticationFilter@6c4c2af9, org.springframework.security.web.savedrequest.RequestCacheAwareFilter@720079fc, org.springframework.security.web.servletapi.SecurityContextHolderAwareRequestFilter@1d87ed3f, org.springframework.security.web.authentication.AnonymousAuthenticationFilter@5835bae2, org.springframework.security.web.session.SessionManagementFilter@bbf04b1, org.springframework.security.web.access.ExceptionTranslationFilter@6b1b6d70, org.springframework.security.web.access.intercept.AuthorizationFilter@7878430a]
2026-09-19 17:24:24.623 [main] DEBUG c.c.e.w.s.JwtAuthenticationFilter - Filter 'jwtAuthenticationFilter' configured for use
2026-09-19 17:24:24.623 [main] INFO  o.s.b.t.m.w.SpringBootMockServletContext - Initializing Spring TestDispatcherServlet ''
2026-09-19 17:24:24.623 [main] INFO  o.s.t.w.s.TestDispatcherServlet - Initializing Servlet ''
2026-09-19 17:24:24.625 [main] INFO  o.s.t.w.s.TestDispatcherServlet - Completed initialization in 1 ms
2026-09-19 17:24:24.647 [main] INFO  c.c.e.w.s.SecurityConfigIntegrationTest - Started SecurityConfigIntegrationTest in 6.517 seconds (process running for 15.345)
2026-09-19 17:24:24.667 [scheduling-1] INFO  c.c.e.core.aspect.LoggingAspect - Enter: com.crypto.exchange.core.service.CryptoInitializerService.scheduledPriceUpdate() with argument(s) = []
2026-09-19 17:24:24.667 [scheduling-1] INFO  c.c.e.c.s.CryptoInitializerService - Starting crypto price synchronization...
2026-09-19 17:24:24.945 [main] WARN  c.c.e.c.s.CryptoInitializerService - No matching cryptocurrency symbols found in API response.
2026-09-19 17:24:24.963 [main] INFO  c.c.e.c.s.CryptoInitializerService - Success! Updated and mapped 1 cryptocurrencies with CoinLore IDs
2026-09-19 17:24:24.976 [main] INFO  o.s.t.c.s.AnnotationConfigContextLoaderUtils - Could not detect default configuration classes for test class [com.crypto.exchange.web.controller.TransferControllerIntegrationTest]: TransferControllerIntegrationTest does not declare any static, non-private, non-final, nested classes annotated with @Configuration.
2026-09-19 17:24:24.981 [main] INFO  o.s.b.t.c.SpringBootTestContextBootstrapper - Found @SpringBootConfiguration com.crypto.exchange.ExchangeApplication for test class com.crypto.exchange.web.controller.TransferControllerIntegrationTest
2026-09-19 17:24:24.985 [main] INFO  o.s.b.d.r.RestartApplicationListener - Restart disabled due to context in which it is running
2026-09-19 17:24:25.003 [main] INFO  c.c.e.w.c.TransferControllerIntegrationTest - Starting TransferControllerIntegrationTest using Java 23.0.2 with PID 16024 (started by AxlLN in E:\exchange\CryptoExchange)
2026-09-19 17:24:25.003 [main] DEBUG c.c.e.w.c.TransferControllerIntegrationTest - Running with Spring Boot v3.2.5, Spring v6.1.6
2026-09-19 17:24:25.004 [main] INFO  c.c.e.w.c.TransferControllerIntegrationTest - No active profile set, falling back to 1 default profile: "default"
2026-09-19 17:24:25.357 [main] INFO  o.s.s.web.DefaultSecurityFilterChain - Will secure any request with [org.springframework.security.web.session.DisableEncodeUrlFilter@7d5afb93, org.springframework.security.web.context.request.async.WebAsyncManagerIntegrationFilter@1f154bc1, org.springframework.security.web.context.SecurityContextHolderFilter@1beeeaf6, org.springframework.security.web.header.HeaderWriterFilter@5298ac87, org.springframework.web.filter.CorsFilter@8f7a642, org.springframework.security.web.authentication.logout.LogoutFilter@10fe5a7b, com.crypto.exchange.web.security.JwtAuthenticationFilter@2b2a6881, org.springframework.security.web.savedrequest.RequestCacheAwareFilter@7bb55618, org.springframework.security.web.servletapi.SecurityContextHolderAwareRequestFilter@6cde217d, org.springframework.security.web.authentication.AnonymousAuthenticationFilter@42a439b0, org.springframework.security.web.session.SessionManagementFilter@69df375b, org.springframework.security.web.access.ExceptionTranslationFilter@1d5fbc97, org.springframework.security.web.access.intercept.AuthorizationFilter@5ce2df6b]
2026-09-19 17:24:25.432 [main] DEBUG c.c.e.w.s.JwtAuthenticationFilter - Filter 'jwtAuthenticationFilter' configured for use
2026-09-19 17:24:25.432 [main] INFO  o.s.b.t.m.w.SpringBootMockServletContext - Initializing Spring TestDispatcherServlet ''
2026-09-19 17:24:25.432 [main] INFO  o.s.t.w.s.TestDispatcherServlet - Initializing Servlet ''
2026-09-19 17:24:25.432 [main] INFO  o.s.t.w.s.TestDispatcherServlet - Completed initialization in 0 ms
2026-09-19 17:24:25.439 [main] INFO  c.c.e.w.c.TransferControllerIntegrationTest - Started TransferControllerIntegrationTest in 0.454 seconds (process running for 16.137)
2026-09-19 17:24:25.537 [main] WARN  c.c.e.c.e.GlobalExceptionHandler - Validation failed: cryptoExternalId: Укажите external_id криптовалюты (например, bitcoin, ethereum); recipientAddress: Укажите адрес кошелька получателя; fromWalletId: Укажите ID кошелька списания; amount: Сумма должна быть больше 0; 
2026-09-19 17:24:26.145 [scheduling-1] INFO  c.c.e.c.s.CryptoInitializerService - Success! Updated and mapped 8 cryptocurrencies with CoinLore IDs
2026-09-19 17:24:26.146 [scheduling-1] INFO  c.c.e.core.aspect.LoggingAspect - Exit: com.crypto.exchange.core.service.CryptoInitializerService.scheduledPriceUpdate() executed in 1479 ms with result = null
2026-09-19 17:24:26.211 [main] WARN  c.c.e.c.n.EmailNotificationListener - Пропуск отправки письма: email не указан для транзакции #1
2026-09-19 17:24:26.211 [main] WARN  c.c.e.c.n.EmailNotificationListener - Пропуск отправки письма: email не указан для транзакции #1
2026-09-19 17:24:26.270 [main] INFO  c.c.e.c.n.EmailNotificationListener - Квитанция отправлена на test@example.com по транзакции #1
2026-09-19 17:24:26.285 [main] ERROR c.c.e.c.n.EmailNotificationListener - Ошибка при отправке письма для транзакции #1
java.lang.RuntimeException: SMTP server error
	at org.springframework.mail.javamail.JavaMailSender.send(JavaMailSender.java:101)
	at com.crypto.exchange.core.notification.EmailNotificationListener.handleTransactionCompleted(EmailNotificationListener.java:44)
	at com.crypto.exchange.core.notification.EmailNotificationListenerTest.handleTransactionCompleted_shouldCatchExceptionAndNotThrow(EmailNotificationListenerTest.java:110)
	at java.base/jdk.internal.reflect.DirectMethodHandleAccessor.invoke(DirectMethodHandleAccessor.java:103)
	at java.base/java.lang.reflect.Method.invoke(Method.java:580)
	at org.junit.platform.commons.util.ReflectionUtils.invokeMethod(ReflectionUtils.java:728)
	at org.junit.jupiter.engine.execution.MethodInvocation.proceed(MethodInvocation.java:60)
	at org.junit.jupiter.engine.execution.InvocationInterceptorChain$ValidatingInvocation.proceed(InvocationInterceptorChain.java:131)
	at org.junit.jupiter.engine.extension.TimeoutExtension.intercept(TimeoutExtension.java:156)
	at org.junit.jupiter.engine.extension.TimeoutExtension.interceptTestableMethod(TimeoutExtension.java:147)
	at org.junit.jupiter.engine.extension.TimeoutExtension.interceptTestMethod(TimeoutExtension.java:86)
	at org.junit.jupiter.engine.execution.InterceptingExecutableInvoker$ReflectiveInterceptorCall.lambda$ofVoidMethod$0(InterceptingExecutableInvoker.java:103)
	at org.junit.jupiter.engine.execution.InterceptingExecutableInvoker.lambda$invoke$0(InterceptingExecutableInvoker.java:93)
	at org.junit.jupiter.engine.execution.InvocationInterceptorChain$InterceptedInvocation.proceed(InvocationInterceptorChain.java:106)
	at org.junit.jupiter.engine.execution.InvocationInterceptorChain.proceed(InvocationInterceptorChain.java:64)
	at org.junit.jupiter.engine.execution.InvocationInterceptorChain.chainAndInvoke(InvocationInterceptorChain.java:45)
	at org.junit.jupiter.engine.execution.InvocationInterceptorChain.invoke(InvocationInterceptorChain.java:37)
	at org.junit.jupiter.engine.execution.InterceptingExecutableInvoker.invoke(InterceptingExecutableInvoker.java:92)
	at org.junit.jupiter.engine.execution.InterceptingExecutableInvoker.invoke(InterceptingExecutableInvoker.java:86)
	at org.junit.jupiter.engine.descriptor.TestMethodTestDescriptor.lambda$invokeTestMethod$7(TestMethodTestDescriptor.java:218)
	at org.junit.platform.engine.support.hierarchical.ThrowableCollector.execute(ThrowableCollector.java:73)
	at org.junit.jupiter.engine.descriptor.TestMethodTestDescriptor.invokeTestMethod(TestMethodTestDescriptor.java:214)
	at org.junit.jupiter.engine.descriptor.TestMethodTestDescriptor.execute(TestMethodTestDescriptor.java:139)
	at org.junit.jupiter.engine.descriptor.TestMethodTestDescriptor.execute(TestMethodTestDescriptor.java:69)
	at org.junit.platform.engine.support.hierarchical.NodeTestTask.lambda$executeRecursively$6(NodeTestTask.java:151)
	at org.junit.platform.engine.support.hierarchical.ThrowableCollector.execute(ThrowableCollector.java:73)
	at org.junit.platform.engine.support.hierarchical.NodeTestTask.lambda$executeRecursively$8(NodeTestTask.java:141)
	at org.junit.platform.engine.support.hierarchical.Node.around(Node.java:137)
	at org.junit.platform.engine.support.hierarchical.NodeTestTask.lambda$executeRecursively$9(NodeTestTask.java:139)
	at org.junit.platform.engine.support.hierarchical.ThrowableCollector.execute(ThrowableCollector.java:73)
	at org.junit.platform.engine.support.hierarchical.NodeTestTask.executeRecursively(NodeTestTask.java:138)
	at org.junit.platform.engine.support.hierarchical.NodeTestTask.execute(NodeTestTask.java:95)
	at java.base/java.util.ArrayList.forEach(ArrayList.java:1597)
	at org.junit.platform.engine.support.hierarchical.SameThreadHierarchicalTestExecutorService.invokeAll(SameThreadHierarchicalTestExecutorService.java:41)
	at org.junit.platform.engine.support.hierarchical.NodeTestTask.lambda$executeRecursively$6(NodeTestTask.java:155)
	at org.junit.platform.engine.support.hierarchical.ThrowableCollector.execute(ThrowableCollector.java:73)
	at org.junit.platform.engine.support.hierarchical.NodeTestTask.lambda$executeRecursively$8(NodeTestTask.java:141)
	at org.junit.platform.engine.support.hierarchical.Node.around(Node.java:137)
	at org.junit.platform.engine.support.hierarchical.NodeTestTask.lambda$executeRecursively$9(NodeTestTask.java:139)
	at org.junit.platform.engine.support.hierarchical.ThrowableCollector.execute(ThrowableCollector.java:73)
	at org.junit.platform.engine.support.hierarchical.NodeTestTask.executeRecursively(NodeTestTask.java:138)
	at org.junit.platform.engine.support.hierarchical.NodeTestTask.execute(NodeTestTask.java:95)
	at java.base/java.util.ArrayList.forEach(ArrayList.java:1597)
	at org.junit.platform.engine.support.hierarchical.SameThreadHierarchicalTestExecutorService.invokeAll(SameThreadHierarchicalTestExecutorService.java:41)
	at org.junit.platform.engine.support.hierarchical.NodeTestTask.lambda$executeRecursively$6(NodeTestTask.java:155)
	at org.junit.platform.engine.support.hierarchical.ThrowableCollector.execute(ThrowableCollector.java:73)
	at org.junit.platform.engine.support.hierarchical.NodeTestTask.lambda$executeRecursively$8(NodeTestTask.java:141)
	at org.junit.platform.engine.support.hierarchical.Node.around(Node.java:137)
	at org.junit.platform.engine.support.hierarchical.NodeTestTask.lambda$executeRecursively$9(NodeTestTask.java:139)
	at org.junit.platform.engine.support.hierarchical.ThrowableCollector.execute(ThrowableCollector.java:73)
	at org.junit.platform.engine.support.hierarchical.NodeTestTask.executeRecursively(NodeTestTask.java:138)
	at org.junit.platform.engine.support.hierarchical.NodeTestTask.execute(NodeTestTask.java:95)
	at org.junit.platform.engine.support.hierarchical.SameThreadHierarchicalTestExecutorService.submit(SameThreadHierarchicalTestExecutorService.java:35)
	at org.junit.platform.engine.support.hierarchical.HierarchicalTestExecutor.execute(HierarchicalTestExecutor.java:57)
	at org.junit.platform.engine.support.hierarchical.HierarchicalTestEngine.execute(HierarchicalTestEngine.java:54)
	at org.junit.platform.launcher.core.EngineExecutionOrchestrator.execute(EngineExecutionOrchestrator.java:198)
	at org.junit.platform.launcher.core.EngineExecutionOrchestrator.execute(EngineExecutionOrchestrator.java:169)
	at org.junit.platform.launcher.core.EngineExecutionOrchestrator.execute(EngineExecutionOrchestrator.java:93)
	at org.junit.platform.launcher.core.EngineExecutionOrchestrator.lambda$execute$0(EngineExecutionOrchestrator.java:58)
	at org.junit.platform.launcher.core.EngineExecutionOrchestrator.withInterceptedStreams(EngineExecutionOrchestrator.java:141)
	at org.junit.platform.launcher.core.EngineExecutionOrchestrator.execute(EngineExecutionOrchestrator.java:57)
	at org.junit.platform.launcher.core.DefaultLauncher.execute(DefaultLauncher.java:103)
	at org.junit.platform.launcher.core.DefaultLauncher.execute(DefaultLauncher.java:85)
	at org.junit.platform.launcher.core.DelegatingLauncher.execute(DelegatingLauncher.java:47)
	at org.junit.platform.launcher.core.SessionPerRequestLauncher.execute(SessionPerRequestLauncher.java:63)
	at com.intellij.junit5.JUnit5IdeaTestRunner.startRunnerWithArgs(JUnit5IdeaTestRunner.java:66)
	at com.intellij.rt.junit.IdeaTestRunner$Repeater$1.execute(IdeaTestRunner.java:38)
	at com.intellij.rt.execution.junit.TestsRepeater.repeat(TestsRepeater.java:11)
	at com.intellij.rt.junit.IdeaTestRunner$Repeater.startRunnerWithArgs(IdeaTestRunner.java:35)
	at com.intellij.rt.junit.JUnitStarter.prepareStreamsAndStart(JUnitStarter.java:237)
	at com.intellij.rt.junit.JUnitStarter.main(JUnitStarter.java:58)
2026-09-19 17:24:26.353 [main] INFO  o.s.t.c.s.AnnotationConfigContextLoaderUtils - Could not detect default configuration classes for test class [com.crypto.exchange.web.controller.CryptoCurrencyControllerIntegrationTest]: CryptoCurrencyControllerIntegrationTest does not declare any static, non-private, non-final, nested classes annotated with @Configuration.
2026-09-19 17:24:26.359 [main] INFO  o.s.b.t.c.SpringBootTestContextBootstrapper - Found @SpringBootConfiguration com.crypto.exchange.ExchangeApplication for test class com.crypto.exchange.web.controller.CryptoCurrencyControllerIntegrationTest
2026-09-19 17:24:26.363 [main] INFO  o.s.b.d.r.RestartApplicationListener - Restart disabled due to context in which it is running
2026-09-19 17:24:26.380 [main] INFO  c.c.e.w.c.CryptoCurrencyControllerIntegrationTest - Starting CryptoCurrencyControllerIntegrationTest using Java 23.0.2 with PID 16024 (started by AxlLN in E:\exchange\CryptoExchange)
2026-09-19 17:24:26.380 [main] DEBUG c.c.e.w.c.CryptoCurrencyControllerIntegrationTest - Running with Spring Boot v3.2.5, Spring v6.1.6
2026-09-19 17:24:26.380 [main] INFO  c.c.e.w.c.CryptoCurrencyControllerIntegrationTest - No active profile set, falling back to 1 default profile: "default"
2026-09-19 17:24:26.663 [main] INFO  o.s.s.web.DefaultSecurityFilterChain - Will secure any request with [org.springframework.security.web.session.DisableEncodeUrlFilter@3b590639, org.springframework.security.web.context.request.async.WebAsyncManagerIntegrationFilter@673bfc51, org.springframework.security.web.context.SecurityContextHolderFilter@498c6fa5, org.springframework.security.web.header.HeaderWriterFilter@2a7fc30d, org.springframework.web.filter.CorsFilter@6ce3c2ca, org.springframework.security.web.authentication.logout.LogoutFilter@5a20c3c0, com.crypto.exchange.web.security.JwtAuthenticationFilter@2cb6b425, org.springframework.security.web.savedrequest.RequestCacheAwareFilter@6c28a7ce, org.springframework.security.web.servletapi.SecurityContextHolderAwareRequestFilter@389b76ed, org.springframework.security.web.authentication.AnonymousAuthenticationFilter@7d0a7a86, org.springframework.security.web.session.SessionManagementFilter@31ff3ae1, org.springframework.security.web.access.ExceptionTranslationFilter@2d81000a, org.springframework.security.web.access.intercept.AuthorizationFilter@1050251d]
2026-09-19 17:24:26.737 [main] DEBUG c.c.e.w.s.JwtAuthenticationFilter - Filter 'jwtAuthenticationFilter' configured for use
2026-09-19 17:24:26.738 [main] INFO  o.s.b.t.m.w.SpringBootMockServletContext - Initializing Spring TestDispatcherServlet ''
2026-09-19 17:24:26.738 [main] INFO  o.s.t.w.s.TestDispatcherServlet - Initializing Servlet ''
2026-09-19 17:24:26.738 [main] INFO  o.s.t.w.s.TestDispatcherServlet - Completed initialization in 0 ms
2026-09-19 17:24:26.746 [main] INFO  c.c.e.w.c.CryptoCurrencyControllerIntegrationTest - Started CryptoCurrencyControllerIntegrationTest in 0.384 seconds (process running for 17.445)
2026-09-19 17:24:27.024 [main] INFO  o.s.t.c.s.AnnotationConfigContextLoaderUtils - Could not detect default configuration classes for test class [com.crypto.exchange.web.controller.WalletControllerIntegrationTest]: WalletControllerIntegrationTest does not declare any static, non-private, non-final, nested classes annotated with @Configuration.
2026-09-19 17:24:27.028 [main] INFO  o.s.b.t.c.SpringBootTestContextBootstrapper - Found @SpringBootConfiguration com.crypto.exchange.ExchangeApplication for test class com.crypto.exchange.web.controller.WalletControllerIntegrationTest
2026-09-19 17:24:27.030 [main] INFO  o.s.b.d.r.RestartApplicationListener - Restart disabled due to context in which it is running
2026-09-19 17:24:27.044 [main] INFO  c.c.e.w.c.WalletControllerIntegrationTest - Starting WalletControllerIntegrationTest using Java 23.0.2 with PID 16024 (started by AxlLN in E:\exchange\CryptoExchange)
2026-09-19 17:24:27.044 [main] DEBUG c.c.e.w.c.WalletControllerIntegrationTest - Running with Spring Boot v3.2.5, Spring v6.1.6
2026-09-19 17:24:27.044 [main] INFO  c.c.e.w.c.WalletControllerIntegrationTest - No active profile set, falling back to 1 default profile: "default"
2026-09-19 17:24:27.305 [main] INFO  o.s.s.web.DefaultSecurityFilterChain - Will secure any request with [org.springframework.security.web.session.DisableEncodeUrlFilter@683a51da, org.springframework.security.web.context.request.async.WebAsyncManagerIntegrationFilter@1490d449, org.springframework.security.web.context.SecurityContextHolderFilter@1b95f9cb, org.springframework.security.web.header.HeaderWriterFilter@a0d52a5, org.springframework.web.filter.CorsFilter@3a23441c, org.springframework.security.web.authentication.logout.LogoutFilter@78209eda, com.crypto.exchange.web.security.JwtAuthenticationFilter@8b61078, org.springframework.security.web.savedrequest.RequestCacheAwareFilter@42e15d43, org.springframework.security.web.servletapi.SecurityContextHolderAwareRequestFilter@2219b7c0, org.springframework.security.web.authentication.AnonymousAuthenticationFilter@3bc4e42a, org.springframework.security.web.session.SessionManagementFilter@3e0a065c, org.springframework.security.web.access.ExceptionTranslationFilter@97a1ae0, org.springframework.security.web.access.intercept.AuthorizationFilter@5f2bc9a3]
2026-09-19 17:24:27.377 [main] DEBUG c.c.e.w.s.JwtAuthenticationFilter - Filter 'jwtAuthenticationFilter' configured for use
2026-09-19 17:24:27.377 [main] INFO  o.s.b.t.m.w.SpringBootMockServletContext - Initializing Spring TestDispatcherServlet ''
2026-09-19 17:24:27.377 [main] INFO  o.s.t.w.s.TestDispatcherServlet - Initializing Servlet ''
2026-09-19 17:24:27.378 [main] INFO  o.s.t.w.s.TestDispatcherServlet - Completed initialization in 1 ms
2026-09-19 17:24:27.384 [main] INFO  c.c.e.w.c.WalletControllerIntegrationTest - Started WalletControllerIntegrationTest in 0.354 seconds (process running for 18.082)
2026-09-19 17:24:27.461 [main] INFO  o.s.t.c.s.AnnotationConfigContextLoaderUtils - Could not detect default configuration classes for test class [com.crypto.exchange.web.controller.UserControllerIntegrationTest]: UserControllerIntegrationTest does not declare any static, non-private, non-final, nested classes annotated with @Configuration.
2026-09-19 17:24:27.464 [main] INFO  o.s.b.t.c.SpringBootTestContextBootstrapper - Found @SpringBootConfiguration com.crypto.exchange.ExchangeApplication for test class com.crypto.exchange.web.controller.UserControllerIntegrationTest
2026-09-19 17:24:27.468 [main] INFO  o.s.b.d.r.RestartApplicationListener - Restart disabled due to context in which it is running
2026-09-19 17:24:27.481 [main] INFO  c.c.e.w.c.UserControllerIntegrationTest - Starting UserControllerIntegrationTest using Java 23.0.2 with PID 16024 (started by AxlLN in E:\exchange\CryptoExchange)
2026-09-19 17:24:27.482 [main] DEBUG c.c.e.w.c.UserControllerIntegrationTest - Running with Spring Boot v3.2.5, Spring v6.1.6
2026-09-19 17:24:27.482 [main] INFO  c.c.e.w.c.UserControllerIntegrationTest - No active profile set, falling back to 1 default profile: "default"
2026-09-19 17:24:27.720 [main] INFO  o.s.s.web.DefaultSecurityFilterChain - Will secure any request with [org.springframework.security.web.session.DisableEncodeUrlFilter@169cca31, org.springframework.security.web.context.request.async.WebAsyncManagerIntegrationFilter@4a56a3f3, org.springframework.security.web.context.SecurityContextHolderFilter@2e123fd1, org.springframework.security.web.header.HeaderWriterFilter@7ad463ae, org.springframework.web.filter.CorsFilter@36976203, org.springframework.security.web.authentication.logout.LogoutFilter@307d8d7c, com.crypto.exchange.web.security.JwtAuthenticationFilter@43e01652, org.springframework.security.web.savedrequest.RequestCacheAwareFilter@1398fc40, org.springframework.security.web.servletapi.SecurityContextHolderAwareRequestFilter@4a08248e, org.springframework.security.web.authentication.AnonymousAuthenticationFilter@7a63cd4f, org.springframework.security.web.session.SessionManagementFilter@136ad139, org.springframework.security.web.access.ExceptionTranslationFilter@6eba71b2, org.springframework.security.web.access.intercept.AuthorizationFilter@6ff4698f]
2026-09-19 17:24:27.776 [main] DEBUG c.c.e.w.s.JwtAuthenticationFilter - Filter 'jwtAuthenticationFilter' configured for use
2026-09-19 17:24:27.776 [main] INFO  o.s.b.t.m.w.SpringBootMockServletContext - Initializing Spring TestDispatcherServlet ''
2026-09-19 17:24:27.776 [main] INFO  o.s.t.w.s.TestDispatcherServlet - Initializing Servlet ''
2026-09-19 17:24:27.777 [main] INFO  o.s.t.w.s.TestDispatcherServlet - Completed initialization in 1 ms
2026-09-19 17:24:27.785 [main] INFO  c.c.e.w.c.UserControllerIntegrationTest - Started UserControllerIntegrationTest in 0.316 seconds (process running for 18.483)
2026-09-19 17:24:27.809 [main] INFO  o.s.t.c.s.AnnotationConfigContextLoaderUtils - Could not detect default configuration classes for test class [com.crypto.exchange.ExchangeApplicationTests]: ExchangeApplicationTests does not declare any static, non-private, non-final, nested classes annotated with @Configuration.
2026-09-19 17:24:27.815 [main] INFO  o.s.b.t.c.SpringBootTestContextBootstrapper - Found @SpringBootConfiguration com.crypto.exchange.ExchangeApplication for test class com.crypto.exchange.ExchangeApplicationTests
2026-09-19 17:24:27.818 [main] INFO  o.s.b.d.r.RestartApplicationListener - Restart disabled due to context in which it is running
2026-09-19 17:24:27.832 [main] INFO  c.c.e.ExchangeApplicationTests - Starting ExchangeApplicationTests using Java 23.0.2 with PID 16024 (started by AxlLN in E:\exchange\CryptoExchange)
2026-09-19 17:24:27.832 [main] DEBUG c.c.e.ExchangeApplicationTests - Running with Spring Boot v3.2.5, Spring v6.1.6
2026-09-19 17:24:27.832 [main] INFO  c.c.e.ExchangeApplicationTests - The following 1 profile is active: "test"
2026-09-19 17:24:28.008 [main] INFO  o.s.d.r.c.RepositoryConfigurationDelegate - Bootstrapping Spring Data JPA repositories in DEFAULT mode.
2026-09-19 17:24:28.023 [main] INFO  o.s.d.r.c.RepositoryConfigurationDelegate - Finished Spring Data repository scanning in 15 ms. Found 6 JPA repository interfaces.
2026-09-19 17:24:28.071 [main] WARN  o.s.c.s.PostProcessorRegistrationDelegate$BeanPostProcessorChecker - Bean 'org.springframework.ws.config.annotation.DelegatingWsConfiguration' of type [org.springframework.ws.config.annotation.DelegatingWsConfiguration$$SpringCGLIB$$0] is not eligible for getting processed by all BeanPostProcessors (for example: not eligible for auto-proxying). The currently created BeanPostProcessor [annotationActionEndpointMapping] is declared through a non-static factory method on that class; consider declaring it as static instead.
2026-09-19 17:24:28.072 [main] INFO  o.s.w.s.a.s.AnnotationActionEndpointMapping - Supporting [WS-Addressing August 2004, WS-Addressing 1.0]
2026-09-19 17:24:28.119 [main] INFO  o.h.jpa.internal.util.LogHelper - HHH000204: Processing PersistenceUnitInfo [name: default]
2026-09-19 17:24:28.121 [main] INFO  o.h.c.i.RegionFactoryInitiator - HHH000026: Second-level cache disabled
2026-09-19 17:24:28.126 [main] INFO  o.s.o.j.p.SpringPersistenceUnitInfo - No LoadTimeWeaver setup: ignoring JPA class transformer
2026-09-19 17:24:28.127 [main] INFO  com.zaxxer.hikari.HikariDataSource - HikariPool-2 - Starting...
2026-09-19 17:24:28.128 [main] INFO  com.zaxxer.hikari.pool.HikariPool - HikariPool-2 - Added connection conn10: url=jdbc:h2:mem:testdb user=SA
2026-09-19 17:24:28.128 [main] INFO  com.zaxxer.hikari.HikariDataSource - HikariPool-2 - Start completed.
2026-09-19 17:24:28.129 [main] WARN  org.hibernate.orm.deprecation - HHH90000025: H2Dialect does not need to be specified explicitly using 'hibernate.dialect' (remove the property setting and it will be selected by default)
2026-09-19 17:24:28.254 [main] INFO  o.h.e.t.j.p.i.JtaPlatformInitiator - HHH000489: No JTA platform available (set 'hibernate.transaction.jta.platform' to enable JTA platform integration)
2026-09-19 17:24:28.291 [main] INFO  o.s.o.j.LocalContainerEntityManagerFactoryBean - Initialized JPA EntityManagerFactory for persistence unit 'default'
2026-09-19 17:24:28.524 [main] WARN  o.s.b.a.o.j.JpaBaseConfiguration$JpaWebConfiguration - spring.jpa.open-in-view is enabled by default. Therefore, database queries may be performed during view rendering. Explicitly configure spring.jpa.open-in-view to disable this warning
2026-09-19 17:24:28.613 [main] INFO  o.s.s.web.DefaultSecurityFilterChain - Will secure any request with [org.springframework.security.web.session.DisableEncodeUrlFilter@70855a15, org.springframework.security.web.context.request.async.WebAsyncManagerIntegrationFilter@7fcc1ae8, org.springframework.security.web.context.SecurityContextHolderFilter@3bc32fd6, org.springframework.security.web.header.HeaderWriterFilter@ebf28ce, org.springframework.web.filter.CorsFilter@37a0d54b, org.springframework.security.web.authentication.logout.LogoutFilter@26453075, com.crypto.exchange.web.security.JwtAuthenticationFilter@2a792f9c, org.springframework.security.web.savedrequest.RequestCacheAwareFilter@5bd33a31, org.springframework.security.web.servletapi.SecurityContextHolderAwareRequestFilter@2c5d80dd, org.springframework.security.web.authentication.AnonymousAuthenticationFilter@6637e657, org.springframework.security.web.session.SessionManagementFilter@632970c9, org.springframework.security.web.access.ExceptionTranslationFilter@78a30a7d, org.springframework.security.web.access.intercept.AuthorizationFilter@241ebb0b]
2026-09-19 17:24:28.778 [main] INFO  c.c.e.ExchangeApplicationTests - Started ExchangeApplicationTests in 0.961 seconds (process running for 19.476)
2026-09-19 17:24:28.778 [scheduling-1] INFO  c.c.e.core.aspect.LoggingAspect - Enter: com.crypto.exchange.core.service.CryptoInitializerService.scheduledPriceUpdate() with argument(s) = []
2026-09-19 17:24:28.778 [scheduling-1] INFO  c.c.e.c.s.CryptoInitializerService - Starting crypto price synchronization...
2026-09-19 17:24:28.787 [main] DEBUG c.c.e.c.s.CryptoPriceHistoryService - Fetching price history for crypto ID: 999 with pageable: Page request [number: 0, size 10, sort: UNSORTED]
2026-09-19 17:24:28.791 [main] DEBUG c.c.e.c.s.CryptoPriceHistoryService - Fetching price history for crypto ID: 1 with pageable: Page request [number: 0, size 10, sort: UNSORTED]
2026-09-19 17:24:28.798 [main] INFO  o.s.t.c.s.AnnotationConfigContextLoaderUtils - Could not detect default configuration classes for test class [com.crypto.exchange.web.controller.AdminUserControllerIntegrationTest]: AdminUserControllerIntegrationTest does not declare any static, non-private, non-final, nested classes annotated with @Configuration.
2026-09-19 17:24:28.802 [main] INFO  o.s.b.t.c.SpringBootTestContextBootstrapper - Found @SpringBootConfiguration com.crypto.exchange.ExchangeApplication for test class com.crypto.exchange.web.controller.AdminUserControllerIntegrationTest
2026-09-19 17:24:28.805 [main] INFO  o.s.b.d.r.RestartApplicationListener - Restart disabled due to context in which it is running
2026-09-19 17:24:28.818 [main] INFO  c.c.e.w.c.AdminUserControllerIntegrationTest - Starting AdminUserControllerIntegrationTest using Java 23.0.2 with PID 16024 (started by AxlLN in E:\exchange\CryptoExchange)
2026-09-19 17:24:28.818 [main] DEBUG c.c.e.w.c.AdminUserControllerIntegrationTest - Running with Spring Boot v3.2.5, Spring v6.1.6
2026-09-19 17:24:28.818 [main] INFO  c.c.e.w.c.AdminUserControllerIntegrationTest - No active profile set, falling back to 1 default profile: "default"
2026-09-19 17:24:28.880 [scheduling-1] INFO  c.c.e.c.s.CryptoInitializerService - Success! Updated and mapped 8 cryptocurrencies with CoinLore IDs
2026-09-19 17:24:28.880 [scheduling-1] INFO  c.c.e.core.aspect.LoggingAspect - Exit: com.crypto.exchange.core.service.CryptoInitializerService.scheduledPriceUpdate() executed in 102 ms with result = null
2026-09-19 17:24:29.024 [main] INFO  o.s.s.web.DefaultSecurityFilterChain - Will secure any request with [org.springframework.security.web.session.DisableEncodeUrlFilter@2743b2f8, org.springframework.security.web.context.request.async.WebAsyncManagerIntegrationFilter@6e00ec0a, org.springframework.security.web.context.SecurityContextHolderFilter@340de65a, org.springframework.security.web.header.HeaderWriterFilter@24c89269, org.springframework.web.filter.CorsFilter@7db5fe3, org.springframework.security.web.authentication.logout.LogoutFilter@290c10da, com.crypto.exchange.web.security.JwtAuthenticationFilter@57797cea, org.springframework.security.web.savedrequest.RequestCacheAwareFilter@20bf2f39, org.springframework.security.web.servletapi.SecurityContextHolderAwareRequestFilter@4004ba9d, org.springframework.security.web.authentication.AnonymousAuthenticationFilter@279ac698, org.springframework.security.web.session.SessionManagementFilter@246130d, org.springframework.security.web.access.ExceptionTranslationFilter@41aaa19b, org.springframework.security.web.access.intercept.AuthorizationFilter@1526b8f8]
2026-09-19 17:24:29.071 [main] DEBUG c.c.e.w.s.JwtAuthenticationFilter - Filter 'jwtAuthenticationFilter' configured for use
2026-09-19 17:24:29.071 [main] INFO  o.s.b.t.m.w.SpringBootMockServletContext - Initializing Spring TestDispatcherServlet ''
2026-09-19 17:24:29.071 [main] INFO  o.s.t.w.s.TestDispatcherServlet - Initializing Servlet ''
2026-09-19 17:24:29.071 [main] INFO  o.s.t.w.s.TestDispatcherServlet - Completed initialization in 0 ms
2026-09-19 17:24:29.079 [main] INFO  c.c.e.w.c.AdminUserControllerIntegrationTest - Started AdminUserControllerIntegrationTest in 0.274 seconds (process running for 19.778)
2026-09-19 17:24:29.142 [main] INFO  o.s.t.c.s.AnnotationConfigContextLoaderUtils - Could not detect default configuration classes for test class [com.crypto.exchange.web.controller.AuthControllerIntegrationTest]: AuthControllerIntegrationTest does not declare any static, non-private, non-final, nested classes annotated with @Configuration.
2026-09-19 17:24:29.146 [main] INFO  o.s.b.t.c.SpringBootTestContextBootstrapper - Found @SpringBootConfiguration com.crypto.exchange.ExchangeApplication for test class com.crypto.exchange.web.controller.AuthControllerIntegrationTest
2026-09-19 17:24:29.149 [main] INFO  o.s.b.d.r.RestartApplicationListener - Restart disabled due to context in which it is running
2026-09-19 17:24:29.163 [main] INFO  c.c.e.w.c.AuthControllerIntegrationTest - Starting AuthControllerIntegrationTest using Java 23.0.2 with PID 16024 (started by AxlLN in E:\exchange\CryptoExchange)
2026-09-19 17:24:29.163 [main] DEBUG c.c.e.w.c.AuthControllerIntegrationTest - Running with Spring Boot v3.2.5, Spring v6.1.6
2026-09-19 17:24:29.163 [main] INFO  c.c.e.w.c.AuthControllerIntegrationTest - No active profile set, falling back to 1 default profile: "default"
2026-09-19 17:24:29.443 [main] INFO  o.s.s.web.DefaultSecurityFilterChain - Will secure any request with [org.springframework.security.web.session.DisableEncodeUrlFilter@631e766f, org.springframework.security.web.context.request.async.WebAsyncManagerIntegrationFilter@1566cca1, org.springframework.security.web.context.SecurityContextHolderFilter@5cf731a8, org.springframework.security.web.header.HeaderWriterFilter@3dc613e5, org.springframework.web.filter.CorsFilter@29b52907, org.springframework.security.web.authentication.logout.LogoutFilter@268a0085, com.crypto.exchange.web.security.JwtAuthenticationFilter@71934b23, org.springframework.security.web.savedrequest.RequestCacheAwareFilter@1f5fa31d, org.springframework.security.web.servletapi.SecurityContextHolderAwareRequestFilter@128bc228, org.springframework.security.web.authentication.AnonymousAuthenticationFilter@69cd747c, org.springframework.security.web.session.SessionManagementFilter@1be954db, org.springframework.security.web.access.ExceptionTranslationFilter@2e3daac9, org.springframework.security.web.access.intercept.AuthorizationFilter@879082d]
2026-09-19 17:24:29.505 [main] DEBUG c.c.e.w.s.JwtAuthenticationFilter - Filter 'jwtAuthenticationFilter' configured for use
2026-09-19 17:24:29.505 [main] INFO  o.s.b.t.m.w.SpringBootMockServletContext - Initializing Spring TestDispatcherServlet ''
2026-09-19 17:24:29.505 [main] INFO  o.s.t.w.s.TestDispatcherServlet - Initializing Servlet ''
2026-09-19 17:24:29.507 [main] INFO  o.s.t.w.s.TestDispatcherServlet - Completed initialization in 2 ms
2026-09-19 17:24:29.513 [main] INFO  c.c.e.w.c.AuthControllerIntegrationTest - Started AuthControllerIntegrationTest in 0.364 seconds (process running for 20.211)
2026-09-19 17:24:29.523 [main] WARN  c.c.e.c.e.GlobalExceptionHandler - Validation failed: password: Пароль не может быть пустым; 
2026-09-19 17:24:29.553 [main] WARN  c.c.e.c.e.GlobalExceptionHandler - Validation failed: email: Некорректный формат email; 
2026-09-19 17:24:29.732 [main] INFO  o.s.t.c.s.AnnotationConfigContextLoaderUtils - Could not detect default configuration classes for test class [com.crypto.exchange.web.security.JwtTokenProviderIntegrationTest]: JwtTokenProviderIntegrationTest does not declare any static, non-private, non-final, nested classes annotated with @Configuration.
2026-09-19 17:24:29.734 [main] INFO  o.s.b.t.c.SpringBootTestContextBootstrapper - Found @SpringBootConfiguration com.crypto.exchange.ExchangeApplication for test class com.crypto.exchange.web.security.JwtTokenProviderIntegrationTest
2026-09-19 17:24:29.994 [SpringApplicationShutdownHook] INFO  o.s.o.j.LocalContainerEntityManagerFactoryBean - Closing JPA EntityManagerFactory for persistence unit 'default'
2026-09-19 17:24:30.003 [SpringApplicationShutdownHook] INFO  com.zaxxer.hikari.HikariDataSource - HikariPool-1 - Shutdown initiated...
2026-09-19 17:24:30.005 [SpringApplicationShutdownHook] INFO  com.zaxxer.hikari.HikariDataSource - HikariPool-1 - Shutdown completed.
2026-09-19 17:24:30.010 [SpringApplicationShutdownHook] INFO  o.s.o.j.LocalContainerEntityManagerFactoryBean - Closing JPA EntityManagerFactory for persistence unit 'default'
2026-09-19 17:24:30.011 [SpringApplicationShutdownHook] INFO  com.zaxxer.hikari.HikariDataSource - HikariPool-2 - Shutdown initiated...
2026-09-19 17:24:30.012 [SpringApplicationShutdownHook] INFO  com.zaxxer.hikari.HikariDataSource - HikariPool-2 - Shutdown completed.
2026-09-19 17:27:53.037 [main] INFO  c.c.e.w.c.TransactionControllerIntegrationTest - Starting TransactionControllerIntegrationTest using Java 23.0.2 with PID 20920 (started by AxlLN in E:\exchange\CryptoExchange)
2026-09-19 17:27:53.038 [main] DEBUG c.c.e.w.c.TransactionControllerIntegrationTest - Running with Spring Boot v3.2.5, Spring v6.1.6
2026-09-19 17:27:53.039 [main] INFO  c.c.e.w.c.TransactionControllerIntegrationTest - No active profile set, falling back to 1 default profile: "default"
2026-09-19 17:27:56.772 [main] INFO  o.s.s.web.DefaultSecurityFilterChain - Will secure any request with [org.springframework.security.web.session.DisableEncodeUrlFilter@6fbf32a3, org.springframework.security.web.context.request.async.WebAsyncManagerIntegrationFilter@4ea4ac12, org.springframework.security.web.context.SecurityContextHolderFilter@4baf8341, org.springframework.security.web.header.HeaderWriterFilter@6e5df02a, org.springframework.web.filter.CorsFilter@4948ffbc, org.springframework.security.web.authentication.logout.LogoutFilter@65d8406a, com.crypto.exchange.web.security.JwtAuthenticationFilter@7da23eae, org.springframework.security.web.savedrequest.RequestCacheAwareFilter@49a69322, org.springframework.security.web.servletapi.SecurityContextHolderAwareRequestFilter@270e1c20, org.springframework.security.web.authentication.AnonymousAuthenticationFilter@90815d4, org.springframework.security.web.session.SessionManagementFilter@70cedb55, org.springframework.security.web.access.ExceptionTranslationFilter@51e8f53f, org.springframework.security.web.access.intercept.AuthorizationFilter@b3541ff]
2026-09-19 17:27:57.145 [main] DEBUG c.c.e.w.s.JwtAuthenticationFilter - Filter 'jwtAuthenticationFilter' configured for use
2026-09-19 17:27:57.146 [main] INFO  o.s.b.t.m.w.SpringBootMockServletContext - Initializing Spring TestDispatcherServlet ''
2026-09-19 17:27:57.146 [main] INFO  o.s.t.w.s.TestDispatcherServlet - Initializing Servlet ''
2026-09-19 17:27:57.147 [main] INFO  o.s.t.w.s.TestDispatcherServlet - Completed initialization in 1 ms
2026-09-19 17:27:57.190 [main] INFO  c.c.e.w.c.TransactionControllerIntegrationTest - Started TransactionControllerIntegrationTest in 4.787 seconds (process running for 10.103)
2026-09-19 17:27:57.397 [main] INFO  o.s.t.c.s.AnnotationConfigContextLoaderUtils - Could not detect default configuration classes for test class [com.crypto.exchange.web.security.SecurityConfigIntegrationTest]: SecurityConfigIntegrationTest does not declare any static, non-private, non-final, nested classes annotated with @Configuration.
2026-09-19 17:27:57.418 [main] INFO  o.s.b.t.c.SpringBootTestContextBootstrapper - Found @SpringBootConfiguration com.crypto.exchange.ExchangeApplication for test class com.crypto.exchange.web.security.SecurityConfigIntegrationTest
2026-09-19 17:27:57.428 [main] INFO  o.s.b.d.r.RestartApplicationListener - Restart disabled due to context in which it is running
2026-09-19 17:27:57.466 [main] INFO  c.c.e.w.s.SecurityConfigIntegrationTest - Starting SecurityConfigIntegrationTest using Java 23.0.2 with PID 20920 (started by AxlLN in E:\exchange\CryptoExchange)
2026-09-19 17:27:57.466 [main] DEBUG c.c.e.w.s.SecurityConfigIntegrationTest - Running with Spring Boot v3.2.5, Spring v6.1.6
2026-09-19 17:27:57.466 [main] INFO  c.c.e.w.s.SecurityConfigIntegrationTest - The following 1 profile is active: "test"
2026-09-19 17:27:58.378 [main] INFO  o.s.d.r.c.RepositoryConfigurationDelegate - Bootstrapping Spring Data JPA repositories in DEFAULT mode.
2026-09-19 17:27:58.456 [main] INFO  o.s.d.r.c.RepositoryConfigurationDelegate - Finished Spring Data repository scanning in 66 ms. Found 6 JPA repository interfaces.
2026-09-19 17:27:58.757 [main] WARN  o.s.c.s.PostProcessorRegistrationDelegate$BeanPostProcessorChecker - Bean 'org.springframework.ws.config.annotation.DelegatingWsConfiguration' of type [org.springframework.ws.config.annotation.DelegatingWsConfiguration$$SpringCGLIB$$0] is not eligible for getting processed by all BeanPostProcessors (for example: not eligible for auto-proxying). The currently created BeanPostProcessor [annotationActionEndpointMapping] is declared through a non-static factory method on that class; consider declaring it as static instead.
2026-09-19 17:27:58.788 [main] INFO  o.s.w.s.a.s.AnnotationActionEndpointMapping - Supporting [WS-Addressing August 2004, WS-Addressing 1.0]
2026-09-19 17:27:59.241 [main] INFO  o.h.jpa.internal.util.LogHelper - HHH000204: Processing PersistenceUnitInfo [name: default]
2026-09-19 17:27:59.336 [main] INFO  org.hibernate.Version - HHH000412: Hibernate ORM core version 6.4.4.Final
2026-09-19 17:27:59.406 [main] INFO  o.h.c.i.RegionFactoryInitiator - HHH000026: Second-level cache disabled
2026-09-19 17:27:59.622 [main] INFO  o.s.o.j.p.SpringPersistenceUnitInfo - No LoadTimeWeaver setup: ignoring JPA class transformer
2026-09-19 17:27:59.664 [main] INFO  com.zaxxer.hikari.HikariDataSource - HikariPool-1 - Starting...
2026-09-19 17:28:00.313 [main] INFO  com.zaxxer.hikari.pool.HikariPool - HikariPool-1 - Added connection conn0: url=jdbc:h2:mem:testdb user=SA
2026-09-19 17:28:00.316 [main] INFO  com.zaxxer.hikari.HikariDataSource - HikariPool-1 - Start completed.
2026-09-19 17:28:00.360 [main] WARN  org.hibernate.orm.deprecation - HHH90000025: H2Dialect does not need to be specified explicitly using 'hibernate.dialect' (remove the property setting and it will be selected by default)
2026-09-19 17:28:01.958 [main] INFO  o.h.e.t.j.p.i.JtaPlatformInitiator - HHH000489: No JTA platform available (set 'hibernate.transaction.jta.platform' to enable JTA platform integration)
2026-09-19 17:28:02.091 [main] INFO  o.s.o.j.LocalContainerEntityManagerFactoryBean - Initialized JPA EntityManagerFactory for persistence unit 'default'
2026-09-19 17:28:02.612 [main] INFO  o.s.d.j.r.query.QueryEnhancerFactory - Hibernate is in classpath; If applicable, HQL parser will be used.
2026-09-19 17:28:03.972 [main] WARN  o.s.b.a.o.j.JpaBaseConfiguration$JpaWebConfiguration - spring.jpa.open-in-view is enabled by default. Therefore, database queries may be performed during view rendering. Explicitly configure spring.jpa.open-in-view to disable this warning
2026-09-19 17:28:04.116 [main] INFO  o.s.s.web.DefaultSecurityFilterChain - Will secure any request with [org.springframework.security.web.session.DisableEncodeUrlFilter@34bb7a71, org.springframework.security.web.context.request.async.WebAsyncManagerIntegrationFilter@bbf04b1, org.springframework.security.web.context.SecurityContextHolderFilter@16ca6766, org.springframework.security.web.header.HeaderWriterFilter@4ba9d432, org.springframework.web.filter.CorsFilter@42c0fc39, org.springframework.security.web.authentication.logout.LogoutFilter@4a76394, com.crypto.exchange.web.security.JwtAuthenticationFilter@76c673a5, org.springframework.security.web.savedrequest.RequestCacheAwareFilter@3da1cf57, org.springframework.security.web.servletapi.SecurityContextHolderAwareRequestFilter@382c9495, org.springframework.security.web.authentication.AnonymousAuthenticationFilter@720079fc, org.springframework.security.web.session.SessionManagementFilter@6a42709f, org.springframework.security.web.access.ExceptionTranslationFilter@8147a82, org.springframework.security.web.access.intercept.AuthorizationFilter@6b1b6d70]
2026-09-19 17:28:04.560 [main] DEBUG c.c.e.w.s.JwtAuthenticationFilter - Filter 'jwtAuthenticationFilter' configured for use
2026-09-19 17:28:04.560 [main] INFO  o.s.b.t.m.w.SpringBootMockServletContext - Initializing Spring TestDispatcherServlet ''
2026-09-19 17:28:04.560 [main] INFO  o.s.t.w.s.TestDispatcherServlet - Initializing Servlet ''
2026-09-19 17:28:04.561 [main] INFO  o.s.t.w.s.TestDispatcherServlet - Completed initialization in 1 ms
2026-09-19 17:28:04.578 [main] INFO  c.c.e.w.s.SecurityConfigIntegrationTest - Started SecurityConfigIntegrationTest in 7.15 seconds (process running for 17.491)
2026-09-19 17:28:04.595 [scheduling-1] INFO  c.c.e.core.aspect.LoggingAspect - Enter: com.crypto.exchange.core.service.CryptoInitializerService.scheduledPriceUpdate() with argument(s) = []
2026-09-19 17:28:04.597 [scheduling-1] INFO  c.c.e.c.s.CryptoInitializerService - Starting crypto price synchronization...
2026-09-19 17:28:04.872 [main] WARN  c.c.e.c.s.CryptoInitializerService - No matching cryptocurrency symbols found in API response.
2026-09-19 17:28:04.910 [main] INFO  c.c.e.c.s.CryptoInitializerService - Success! Updated and mapped 1 cryptocurrencies with CoinLore IDs
2026-09-19 17:28:04.934 [main] INFO  o.s.t.c.s.AnnotationConfigContextLoaderUtils - Could not detect default configuration classes for test class [com.crypto.exchange.web.controller.TransferControllerIntegrationTest]: TransferControllerIntegrationTest does not declare any static, non-private, non-final, nested classes annotated with @Configuration.
2026-09-19 17:28:04.944 [main] INFO  o.s.b.t.c.SpringBootTestContextBootstrapper - Found @SpringBootConfiguration com.crypto.exchange.ExchangeApplication for test class com.crypto.exchange.web.controller.TransferControllerIntegrationTest
2026-09-19 17:28:04.948 [main] INFO  o.s.b.d.r.RestartApplicationListener - Restart disabled due to context in which it is running
2026-09-19 17:28:04.972 [main] INFO  c.c.e.w.c.TransferControllerIntegrationTest - Starting TransferControllerIntegrationTest using Java 23.0.2 with PID 20920 (started by AxlLN in E:\exchange\CryptoExchange)
2026-09-19 17:28:04.972 [main] DEBUG c.c.e.w.c.TransferControllerIntegrationTest - Running with Spring Boot v3.2.5, Spring v6.1.6
2026-09-19 17:28:04.972 [main] INFO  c.c.e.w.c.TransferControllerIntegrationTest - No active profile set, falling back to 1 default profile: "default"
2026-09-19 17:28:05.296 [main] INFO  o.s.s.web.DefaultSecurityFilterChain - Will secure any request with [org.springframework.security.web.session.DisableEncodeUrlFilter@6cde217d, org.springframework.security.web.context.request.async.WebAsyncManagerIntegrationFilter@7c2ba652, org.springframework.security.web.context.SecurityContextHolderFilter@497fd62, org.springframework.security.web.header.HeaderWriterFilter@164c05, org.springframework.web.filter.CorsFilter@10fe5a7b, org.springframework.security.web.authentication.logout.LogoutFilter@69df375b, com.crypto.exchange.web.security.JwtAuthenticationFilter@71d0db7c, org.springframework.security.web.savedrequest.RequestCacheAwareFilter@2f9bbb05, org.springframework.security.web.servletapi.SecurityContextHolderAwareRequestFilter@1d5fbc97, org.springframework.security.web.authentication.AnonymousAuthenticationFilter@41aadbea, org.springframework.security.web.session.SessionManagementFilter@43519b20, org.springframework.security.web.access.ExceptionTranslationFilter@71ab5184, org.springframework.security.web.access.intercept.AuthorizationFilter@7bb55618]
2026-09-19 17:28:05.398 [main] DEBUG c.c.e.w.s.JwtAuthenticationFilter - Filter 'jwtAuthenticationFilter' configured for use
2026-09-19 17:28:05.398 [main] INFO  o.s.b.t.m.w.SpringBootMockServletContext - Initializing Spring TestDispatcherServlet ''
2026-09-19 17:28:05.399 [main] INFO  o.s.t.w.s.TestDispatcherServlet - Initializing Servlet ''
2026-09-19 17:28:05.399 [main] INFO  o.s.t.w.s.TestDispatcherServlet - Completed initialization in 0 ms
2026-09-19 17:28:05.409 [main] INFO  c.c.e.w.c.TransferControllerIntegrationTest - Started TransferControllerIntegrationTest in 0.462 seconds (process running for 18.322)
2026-09-19 17:28:05.618 [main] WARN  c.c.e.c.e.GlobalExceptionHandler - Validation failed: cryptoExternalId: Укажите external_id криптовалюты (например, bitcoin, ethereum); amount: Сумма должна быть больше 0; fromWalletId: Укажите ID кошелька списания; recipientAddress: Укажите адрес кошелька получателя; 
2026-09-19 17:28:06.452 [scheduling-1] INFO  c.c.e.c.s.CryptoInitializerService - Success! Updated and mapped 8 cryptocurrencies with CoinLore IDs
2026-09-19 17:28:06.452 [scheduling-1] INFO  c.c.e.core.aspect.LoggingAspect - Exit: com.crypto.exchange.core.service.CryptoInitializerService.scheduledPriceUpdate() executed in 1855 ms with result = null
2026-09-19 17:28:06.522 [main] WARN  c.c.e.c.n.EmailNotificationListener - Пропуск отправки письма: email не указан для транзакции #1
2026-09-19 17:28:06.522 [main] WARN  c.c.e.c.n.EmailNotificationListener - Пропуск отправки письма: email не указан для транзакции #1
2026-09-19 17:28:06.586 [main] INFO  c.c.e.c.n.EmailNotificationListener - Квитанция отправлена на test@example.com по транзакции #1
2026-09-19 17:28:06.601 [main] ERROR c.c.e.c.n.EmailNotificationListener - Ошибка при отправке письма для транзакции #1
java.lang.RuntimeException: SMTP server error
	at org.springframework.mail.javamail.JavaMailSender.send(JavaMailSender.java:101)
	at com.crypto.exchange.core.notification.EmailNotificationListener.handleTransactionCompleted(EmailNotificationListener.java:44)
	at com.crypto.exchange.core.notification.EmailNotificationListenerTest.handleTransactionCompleted_shouldCatchExceptionAndNotThrow(EmailNotificationListenerTest.java:110)
	at java.base/jdk.internal.reflect.DirectMethodHandleAccessor.invoke(DirectMethodHandleAccessor.java:103)
	at java.base/java.lang.reflect.Method.invoke(Method.java:580)
	at org.junit.platform.commons.util.ReflectionUtils.invokeMethod(ReflectionUtils.java:728)
	at org.junit.jupiter.engine.execution.MethodInvocation.proceed(MethodInvocation.java:60)
	at org.junit.jupiter.engine.execution.InvocationInterceptorChain$ValidatingInvocation.proceed(InvocationInterceptorChain.java:131)
	at org.junit.jupiter.engine.extension.TimeoutExtension.intercept(TimeoutExtension.java:156)
	at org.junit.jupiter.engine.extension.TimeoutExtension.interceptTestableMethod(TimeoutExtension.java:147)
	at org.junit.jupiter.engine.extension.TimeoutExtension.interceptTestMethod(TimeoutExtension.java:86)
	at org.junit.jupiter.engine.execution.InterceptingExecutableInvoker$ReflectiveInterceptorCall.lambda$ofVoidMethod$0(InterceptingExecutableInvoker.java:103)
	at org.junit.jupiter.engine.execution.InterceptingExecutableInvoker.lambda$invoke$0(InterceptingExecutableInvoker.java:93)
	at org.junit.jupiter.engine.execution.InvocationInterceptorChain$InterceptedInvocation.proceed(InvocationInterceptorChain.java:106)
	at org.junit.jupiter.engine.execution.InvocationInterceptorChain.proceed(InvocationInterceptorChain.java:64)
	at org.junit.jupiter.engine.execution.InvocationInterceptorChain.chainAndInvoke(InvocationInterceptorChain.java:45)
	at org.junit.jupiter.engine.execution.InvocationInterceptorChain.invoke(InvocationInterceptorChain.java:37)
	at org.junit.jupiter.engine.execution.InterceptingExecutableInvoker.invoke(InterceptingExecutableInvoker.java:92)
	at org.junit.jupiter.engine.execution.InterceptingExecutableInvoker.invoke(InterceptingExecutableInvoker.java:86)
	at org.junit.jupiter.engine.descriptor.TestMethodTestDescriptor.lambda$invokeTestMethod$7(TestMethodTestDescriptor.java:218)
	at org.junit.platform.engine.support.hierarchical.ThrowableCollector.execute(ThrowableCollector.java:73)
	at org.junit.jupiter.engine.descriptor.TestMethodTestDescriptor.invokeTestMethod(TestMethodTestDescriptor.java:214)
	at org.junit.jupiter.engine.descriptor.TestMethodTestDescriptor.execute(TestMethodTestDescriptor.java:139)
	at org.junit.jupiter.engine.descriptor.TestMethodTestDescriptor.execute(TestMethodTestDescriptor.java:69)
	at org.junit.platform.engine.support.hierarchical.NodeTestTask.lambda$executeRecursively$6(NodeTestTask.java:151)
	at org.junit.platform.engine.support.hierarchical.ThrowableCollector.execute(ThrowableCollector.java:73)
	at org.junit.platform.engine.support.hierarchical.NodeTestTask.lambda$executeRecursively$8(NodeTestTask.java:141)
	at org.junit.platform.engine.support.hierarchical.Node.around(Node.java:137)
	at org.junit.platform.engine.support.hierarchical.NodeTestTask.lambda$executeRecursively$9(NodeTestTask.java:139)
	at org.junit.platform.engine.support.hierarchical.ThrowableCollector.execute(ThrowableCollector.java:73)
	at org.junit.platform.engine.support.hierarchical.NodeTestTask.executeRecursively(NodeTestTask.java:138)
	at org.junit.platform.engine.support.hierarchical.NodeTestTask.execute(NodeTestTask.java:95)
	at java.base/java.util.ArrayList.forEach(ArrayList.java:1597)
	at org.junit.platform.engine.support.hierarchical.SameThreadHierarchicalTestExecutorService.invokeAll(SameThreadHierarchicalTestExecutorService.java:41)
	at org.junit.platform.engine.support.hierarchical.NodeTestTask.lambda$executeRecursively$6(NodeTestTask.java:155)
	at org.junit.platform.engine.support.hierarchical.ThrowableCollector.execute(ThrowableCollector.java:73)
	at org.junit.platform.engine.support.hierarchical.NodeTestTask.lambda$executeRecursively$8(NodeTestTask.java:141)
	at org.junit.platform.engine.support.hierarchical.Node.around(Node.java:137)
	at org.junit.platform.engine.support.hierarchical.NodeTestTask.lambda$executeRecursively$9(NodeTestTask.java:139)
	at org.junit.platform.engine.support.hierarchical.ThrowableCollector.execute(ThrowableCollector.java:73)
	at org.junit.platform.engine.support.hierarchical.NodeTestTask.executeRecursively(NodeTestTask.java:138)
	at org.junit.platform.engine.support.hierarchical.NodeTestTask.execute(NodeTestTask.java:95)
	at java.base/java.util.ArrayList.forEach(ArrayList.java:1597)
	at org.junit.platform.engine.support.hierarchical.SameThreadHierarchicalTestExecutorService.invokeAll(SameThreadHierarchicalTestExecutorService.java:41)
	at org.junit.platform.engine.support.hierarchical.NodeTestTask.lambda$executeRecursively$6(NodeTestTask.java:155)
	at org.junit.platform.engine.support.hierarchical.ThrowableCollector.execute(ThrowableCollector.java:73)
	at org.junit.platform.engine.support.hierarchical.NodeTestTask.lambda$executeRecursively$8(NodeTestTask.java:141)
	at org.junit.platform.engine.support.hierarchical.Node.around(Node.java:137)
	at org.junit.platform.engine.support.hierarchical.NodeTestTask.lambda$executeRecursively$9(NodeTestTask.java:139)
	at org.junit.platform.engine.support.hierarchical.ThrowableCollector.execute(ThrowableCollector.java:73)
	at org.junit.platform.engine.support.hierarchical.NodeTestTask.executeRecursively(NodeTestTask.java:138)
	at org.junit.platform.engine.support.hierarchical.NodeTestTask.execute(NodeTestTask.java:95)
	at org.junit.platform.engine.support.hierarchical.SameThreadHierarchicalTestExecutorService.submit(SameThreadHierarchicalTestExecutorService.java:35)
	at org.junit.platform.engine.support.hierarchical.HierarchicalTestExecutor.execute(HierarchicalTestExecutor.java:57)
	at org.junit.platform.engine.support.hierarchical.HierarchicalTestEngine.execute(HierarchicalTestEngine.java:54)
	at org.junit.platform.launcher.core.EngineExecutionOrchestrator.execute(EngineExecutionOrchestrator.java:198)
	at org.junit.platform.launcher.core.EngineExecutionOrchestrator.execute(EngineExecutionOrchestrator.java:169)
	at org.junit.platform.launcher.core.EngineExecutionOrchestrator.execute(EngineExecutionOrchestrator.java:93)
	at org.junit.platform.launcher.core.EngineExecutionOrchestrator.lambda$execute$0(EngineExecutionOrchestrator.java:58)
	at org.junit.platform.launcher.core.EngineExecutionOrchestrator.withInterceptedStreams(EngineExecutionOrchestrator.java:141)
	at org.junit.platform.launcher.core.EngineExecutionOrchestrator.execute(EngineExecutionOrchestrator.java:57)
	at org.junit.platform.launcher.core.DefaultLauncher.execute(DefaultLauncher.java:103)
	at org.junit.platform.launcher.core.DefaultLauncher.execute(DefaultLauncher.java:85)
	at org.junit.platform.launcher.core.DelegatingLauncher.execute(DelegatingLauncher.java:47)
	at org.junit.platform.launcher.core.SessionPerRequestLauncher.execute(SessionPerRequestLauncher.java:63)
	at com.intellij.junit5.JUnit5IdeaTestRunner.startRunnerWithArgs(JUnit5IdeaTestRunner.java:66)
	at com.intellij.rt.junit.IdeaTestRunner$Repeater$1.execute(IdeaTestRunner.java:38)
	at com.intellij.rt.execution.junit.TestsRepeater.repeat(TestsRepeater.java:11)
	at com.intellij.rt.junit.IdeaTestRunner$Repeater.startRunnerWithArgs(IdeaTestRunner.java:35)
	at com.intellij.rt.junit.JUnitStarter.prepareStreamsAndStart(JUnitStarter.java:237)
	at com.intellij.rt.junit.JUnitStarter.main(JUnitStarter.java:58)
2026-09-19 17:28:06.681 [main] INFO  o.s.t.c.s.AnnotationConfigContextLoaderUtils - Could not detect default configuration classes for test class [com.crypto.exchange.web.controller.CryptoCurrencyControllerIntegrationTest]: CryptoCurrencyControllerIntegrationTest does not declare any static, non-private, non-final, nested classes annotated with @Configuration.
2026-09-19 17:28:06.688 [main] INFO  o.s.b.t.c.SpringBootTestContextBootstrapper - Found @SpringBootConfiguration com.crypto.exchange.ExchangeApplication for test class com.crypto.exchange.web.controller.CryptoCurrencyControllerIntegrationTest
2026-09-19 17:28:06.691 [main] INFO  o.s.b.d.r.RestartApplicationListener - Restart disabled due to context in which it is running
2026-09-19 17:28:06.712 [main] INFO  c.c.e.w.c.CryptoCurrencyControllerIntegrationTest - Starting CryptoCurrencyControllerIntegrationTest using Java 23.0.2 with PID 20920 (started by AxlLN in E:\exchange\CryptoExchange)
2026-09-19 17:28:06.712 [main] DEBUG c.c.e.w.c.CryptoCurrencyControllerIntegrationTest - Running with Spring Boot v3.2.5, Spring v6.1.6
2026-09-19 17:28:06.712 [main] INFO  c.c.e.w.c.CryptoCurrencyControllerIntegrationTest - No active profile set, falling back to 1 default profile: "default"
2026-09-19 17:28:07.074 [main] INFO  o.s.s.web.DefaultSecurityFilterChain - Will secure any request with [org.springframework.security.web.session.DisableEncodeUrlFilter@389b76ed, org.springframework.security.web.context.request.async.WebAsyncManagerIntegrationFilter@707b6b2d, org.springframework.security.web.context.SecurityContextHolderFilter@31a547c4, org.springframework.security.web.header.HeaderWriterFilter@1045505, org.springframework.web.filter.CorsFilter@5a20c3c0, org.springframework.security.web.authentication.logout.LogoutFilter@31ff3ae1, com.crypto.exchange.web.security.JwtAuthenticationFilter@233db523, org.springframework.security.web.savedrequest.RequestCacheAwareFilter@e8ec0a3, org.springframework.security.web.servletapi.SecurityContextHolderAwareRequestFilter@2d81000a, org.springframework.security.web.authentication.AnonymousAuthenticationFilter@739f099d, org.springframework.security.web.session.SessionManagementFilter@2c057f88, org.springframework.security.web.access.ExceptionTranslationFilter@4ebe2546, org.springframework.security.web.access.intercept.AuthorizationFilter@6c28a7ce]
2026-09-19 17:28:07.141 [main] DEBUG c.c.e.w.s.JwtAuthenticationFilter - Filter 'jwtAuthenticationFilter' configured for use
2026-09-19 17:28:07.142 [main] INFO  o.s.b.t.m.w.SpringBootMockServletContext - Initializing Spring TestDispatcherServlet ''
2026-09-19 17:28:07.142 [main] INFO  o.s.t.w.s.TestDispatcherServlet - Initializing Servlet ''
2026-09-19 17:28:07.142 [main] INFO  o.s.t.w.s.TestDispatcherServlet - Completed initialization in 0 ms
2026-09-19 17:28:07.151 [main] INFO  c.c.e.w.c.CryptoCurrencyControllerIntegrationTest - Started CryptoCurrencyControllerIntegrationTest in 0.46 seconds (process running for 20.063)
2026-09-19 17:28:07.471 [main] INFO  o.s.t.c.s.AnnotationConfigContextLoaderUtils - Could not detect default configuration classes for test class [com.crypto.exchange.web.controller.WalletControllerIntegrationTest]: WalletControllerIntegrationTest does not declare any static, non-private, non-final, nested classes annotated with @Configuration.
2026-09-19 17:28:07.479 [main] INFO  o.s.b.t.c.SpringBootTestContextBootstrapper - Found @SpringBootConfiguration com.crypto.exchange.ExchangeApplication for test class com.crypto.exchange.web.controller.WalletControllerIntegrationTest
2026-09-19 17:28:07.483 [main] INFO  o.s.b.d.r.RestartApplicationListener - Restart disabled due to context in which it is running
2026-09-19 17:28:07.500 [main] INFO  c.c.e.w.c.WalletControllerIntegrationTest - Starting WalletControllerIntegrationTest using Java 23.0.2 with PID 20920 (started by AxlLN in E:\exchange\CryptoExchange)
2026-09-19 17:28:07.501 [main] DEBUG c.c.e.w.c.WalletControllerIntegrationTest - Running with Spring Boot v3.2.5, Spring v6.1.6
2026-09-19 17:28:07.501 [main] INFO  c.c.e.w.c.WalletControllerIntegrationTest - No active profile set, falling back to 1 default profile: "default"
2026-09-19 17:28:07.765 [main] INFO  o.s.s.web.DefaultSecurityFilterChain - Will secure any request with [org.springframework.security.web.session.DisableEncodeUrlFilter@2219b7c0, org.springframework.security.web.context.request.async.WebAsyncManagerIntegrationFilter@4c4f6d39, org.springframework.security.web.context.SecurityContextHolderFilter@188596de, org.springframework.security.web.header.HeaderWriterFilter@56c12958, org.springframework.web.filter.CorsFilter@78209eda, org.springframework.security.web.authentication.logout.LogoutFilter@3e0a065c, com.crypto.exchange.web.security.JwtAuthenticationFilter@4b52703f, org.springframework.security.web.savedrequest.RequestCacheAwareFilter@562e6294, org.springframework.security.web.servletapi.SecurityContextHolderAwareRequestFilter@97a1ae0, org.springframework.security.web.authentication.AnonymousAuthenticationFilter@3063dfd8, org.springframework.security.web.session.SessionManagementFilter@775e8557, org.springframework.security.web.access.ExceptionTranslationFilter@50f3d2c8, org.springframework.security.web.access.intercept.AuthorizationFilter@42e15d43]
2026-09-19 17:28:07.824 [main] DEBUG c.c.e.w.s.JwtAuthenticationFilter - Filter 'jwtAuthenticationFilter' configured for use
2026-09-19 17:28:07.824 [main] INFO  o.s.b.t.m.w.SpringBootMockServletContext - Initializing Spring TestDispatcherServlet ''
2026-09-19 17:28:07.824 [main] INFO  o.s.t.w.s.TestDispatcherServlet - Initializing Servlet ''
2026-09-19 17:28:07.824 [main] INFO  o.s.t.w.s.TestDispatcherServlet - Completed initialization in 0 ms
2026-09-19 17:28:07.832 [main] INFO  c.c.e.w.c.WalletControllerIntegrationTest - Started WalletControllerIntegrationTest in 0.349 seconds (process running for 20.745)
2026-09-19 17:28:07.927 [main] INFO  o.s.t.c.s.AnnotationConfigContextLoaderUtils - Could not detect default configuration classes for test class [com.crypto.exchange.web.controller.UserControllerIntegrationTest]: UserControllerIntegrationTest does not declare any static, non-private, non-final, nested classes annotated with @Configuration.
2026-09-19 17:28:07.933 [main] INFO  o.s.b.t.c.SpringBootTestContextBootstrapper - Found @SpringBootConfiguration com.crypto.exchange.ExchangeApplication for test class com.crypto.exchange.web.controller.UserControllerIntegrationTest
2026-09-19 17:28:07.938 [main] INFO  o.s.b.d.r.RestartApplicationListener - Restart disabled due to context in which it is running
2026-09-19 17:28:07.951 [main] INFO  c.c.e.w.c.UserControllerIntegrationTest - Starting UserControllerIntegrationTest using Java 23.0.2 with PID 20920 (started by AxlLN in E:\exchange\CryptoExchange)
2026-09-19 17:28:07.951 [main] DEBUG c.c.e.w.c.UserControllerIntegrationTest - Running with Spring Boot v3.2.5, Spring v6.1.6
2026-09-19 17:28:07.951 [main] INFO  c.c.e.w.c.UserControllerIntegrationTest - No active profile set, falling back to 1 default profile: "default"
2026-09-19 17:28:08.234 [main] INFO  o.s.s.web.DefaultSecurityFilterChain - Will secure any request with [org.springframework.security.web.session.DisableEncodeUrlFilter@2e123fd1, org.springframework.security.web.context.request.async.WebAsyncManagerIntegrationFilter@1398fc40, org.springframework.security.web.context.SecurityContextHolderFilter@1740dc6b, org.springframework.security.web.header.HeaderWriterFilter@63860803, org.springframework.web.filter.CorsFilter@4a08248e, org.springframework.security.web.authentication.logout.LogoutFilter@6eba71b2, com.crypto.exchange.web.security.JwtAuthenticationFilter@523905cd, org.springframework.security.web.savedrequest.RequestCacheAwareFilter@853952e, org.springframework.security.web.servletapi.SecurityContextHolderAwareRequestFilter@5b464237, org.springframework.security.web.authentication.AnonymousAuthenticationFilter@faed7ef, org.springframework.security.web.session.SessionManagementFilter@717ab209, org.springframework.security.web.access.ExceptionTranslationFilter@27b7077a, org.springframework.security.web.access.intercept.AuthorizationFilter@136ad139]
2026-09-19 17:28:08.306 [main] DEBUG c.c.e.w.s.JwtAuthenticationFilter - Filter 'jwtAuthenticationFilter' configured for use
2026-09-19 17:28:08.306 [main] INFO  o.s.b.t.m.w.SpringBootMockServletContext - Initializing Spring TestDispatcherServlet ''
2026-09-19 17:28:08.306 [main] INFO  o.s.t.w.s.TestDispatcherServlet - Initializing Servlet ''
2026-09-19 17:28:08.307 [main] INFO  o.s.t.w.s.TestDispatcherServlet - Completed initialization in 1 ms
2026-09-19 17:28:08.314 [main] INFO  c.c.e.w.c.UserControllerIntegrationTest - Started UserControllerIntegrationTest in 0.377 seconds (process running for 21.226)
2026-09-19 17:28:08.350 [main] INFO  o.s.t.c.s.AnnotationConfigContextLoaderUtils - Could not detect default configuration classes for test class [com.crypto.exchange.ExchangeApplicationTests]: ExchangeApplicationTests does not declare any static, non-private, non-final, nested classes annotated with @Configuration.
2026-09-19 17:28:08.356 [main] INFO  o.s.b.t.c.SpringBootTestContextBootstrapper - Found @SpringBootConfiguration com.crypto.exchange.ExchangeApplication for test class com.crypto.exchange.ExchangeApplicationTests
2026-09-19 17:28:08.360 [main] INFO  o.s.b.d.r.RestartApplicationListener - Restart disabled due to context in which it is running
2026-09-19 17:28:08.389 [main] INFO  c.c.e.ExchangeApplicationTests - Starting ExchangeApplicationTests using Java 23.0.2 with PID 20920 (started by AxlLN in E:\exchange\CryptoExchange)
2026-09-19 17:28:08.390 [main] DEBUG c.c.e.ExchangeApplicationTests - Running with Spring Boot v3.2.5, Spring v6.1.6
2026-09-19 17:28:08.390 [main] INFO  c.c.e.ExchangeApplicationTests - The following 1 profile is active: "test"
2026-09-19 17:28:08.577 [main] INFO  o.s.d.r.c.RepositoryConfigurationDelegate - Bootstrapping Spring Data JPA repositories in DEFAULT mode.
2026-09-19 17:28:08.596 [main] INFO  o.s.d.r.c.RepositoryConfigurationDelegate - Finished Spring Data repository scanning in 18 ms. Found 6 JPA repository interfaces.
2026-09-19 17:28:08.663 [main] WARN  o.s.c.s.PostProcessorRegistrationDelegate$BeanPostProcessorChecker - Bean 'org.springframework.ws.config.annotation.DelegatingWsConfiguration' of type [org.springframework.ws.config.annotation.DelegatingWsConfiguration$$SpringCGLIB$$0] is not eligible for getting processed by all BeanPostProcessors (for example: not eligible for auto-proxying). The currently created BeanPostProcessor [annotationActionEndpointMapping] is declared through a non-static factory method on that class; consider declaring it as static instead.
2026-09-19 17:28:08.666 [main] INFO  o.s.w.s.a.s.AnnotationActionEndpointMapping - Supporting [WS-Addressing August 2004, WS-Addressing 1.0]
2026-09-19 17:28:08.746 [main] INFO  o.h.jpa.internal.util.LogHelper - HHH000204: Processing PersistenceUnitInfo [name: default]
2026-09-19 17:28:08.749 [main] INFO  o.h.c.i.RegionFactoryInitiator - HHH000026: Second-level cache disabled
2026-09-19 17:28:08.752 [main] INFO  o.s.o.j.p.SpringPersistenceUnitInfo - No LoadTimeWeaver setup: ignoring JPA class transformer
2026-09-19 17:28:08.753 [main] INFO  com.zaxxer.hikari.HikariDataSource - HikariPool-2 - Starting...
2026-09-19 17:28:08.754 [main] INFO  com.zaxxer.hikari.pool.HikariPool - HikariPool-2 - Added connection conn10: url=jdbc:h2:mem:testdb user=SA
2026-09-19 17:28:08.754 [main] INFO  com.zaxxer.hikari.HikariDataSource - HikariPool-2 - Start completed.
2026-09-19 17:28:08.754 [main] WARN  org.hibernate.orm.deprecation - HHH90000025: H2Dialect does not need to be specified explicitly using 'hibernate.dialect' (remove the property setting and it will be selected by default)
2026-09-19 17:28:08.865 [main] INFO  o.h.e.t.j.p.i.JtaPlatformInitiator - HHH000489: No JTA platform available (set 'hibernate.transaction.jta.platform' to enable JTA platform integration)
2026-09-19 17:28:08.910 [main] INFO  o.s.o.j.LocalContainerEntityManagerFactoryBean - Initialized JPA EntityManagerFactory for persistence unit 'default'
2026-09-19 17:28:09.230 [main] WARN  o.s.b.a.o.j.JpaBaseConfiguration$JpaWebConfiguration - spring.jpa.open-in-view is enabled by default. Therefore, database queries may be performed during view rendering. Explicitly configure spring.jpa.open-in-view to disable this warning
2026-09-19 17:28:09.357 [main] INFO  o.s.s.web.DefaultSecurityFilterChain - Will secure any request with [org.springframework.security.web.session.DisableEncodeUrlFilter@3bc32fd6, org.springframework.security.web.context.request.async.WebAsyncManagerIntegrationFilter@5bd33a31, org.springframework.security.web.context.SecurityContextHolderFilter@2c1fb263, org.springframework.security.web.header.HeaderWriterFilter@7e355b0b, org.springframework.web.filter.CorsFilter@2c5d80dd, org.springframework.security.web.authentication.logout.LogoutFilter@78a30a7d, com.crypto.exchange.web.security.JwtAuthenticationFilter@7008550b, org.springframework.security.web.savedrequest.RequestCacheAwareFilter@58d5d7f0, org.springframework.security.web.servletapi.SecurityContextHolderAwareRequestFilter@c6c22e2, org.springframework.security.web.authentication.AnonymousAuthenticationFilter@4da02a7, org.springframework.security.web.session.SessionManagementFilter@6e9975c9, org.springframework.security.web.access.ExceptionTranslationFilter@35483ede, org.springframework.security.web.access.intercept.AuthorizationFilter@632970c9]
2026-09-19 17:28:09.513 [main] INFO  c.c.e.ExchangeApplicationTests - Started ExchangeApplicationTests in 1.153 seconds (process running for 22.425)
2026-09-19 17:28:09.514 [scheduling-1] INFO  c.c.e.core.aspect.LoggingAspect - Enter: com.crypto.exchange.core.service.CryptoInitializerService.scheduledPriceUpdate() with argument(s) = []
2026-09-19 17:28:09.514 [scheduling-1] INFO  c.c.e.c.s.CryptoInitializerService - Starting crypto price synchronization...
2026-09-19 17:28:09.526 [main] DEBUG c.c.e.c.s.CryptoPriceHistoryService - Fetching price history for crypto ID: 999 with pageable: Page request [number: 0, size 10, sort: UNSORTED]
2026-09-19 17:28:09.531 [main] DEBUG c.c.e.c.s.CryptoPriceHistoryService - Fetching price history for crypto ID: 1 with pageable: Page request [number: 0, size 10, sort: UNSORTED]
2026-09-19 17:28:09.538 [main] INFO  o.s.t.c.s.AnnotationConfigContextLoaderUtils - Could not detect default configuration classes for test class [com.crypto.exchange.web.controller.AdminUserControllerIntegrationTest]: AdminUserControllerIntegrationTest does not declare any static, non-private, non-final, nested classes annotated with @Configuration.
2026-09-19 17:28:09.542 [main] INFO  o.s.b.t.c.SpringBootTestContextBootstrapper - Found @SpringBootConfiguration com.crypto.exchange.ExchangeApplication for test class com.crypto.exchange.web.controller.AdminUserControllerIntegrationTest
2026-09-19 17:28:09.545 [main] INFO  o.s.b.d.r.RestartApplicationListener - Restart disabled due to context in which it is running
2026-09-19 17:28:09.558 [main] INFO  c.c.e.w.c.AdminUserControllerIntegrationTest - Starting AdminUserControllerIntegrationTest using Java 23.0.2 with PID 20920 (started by AxlLN in E:\exchange\CryptoExchange)
2026-09-19 17:28:09.559 [main] DEBUG c.c.e.w.c.AdminUserControllerIntegrationTest - Running with Spring Boot v3.2.5, Spring v6.1.6
2026-09-19 17:28:09.559 [main] INFO  c.c.e.w.c.AdminUserControllerIntegrationTest - No active profile set, falling back to 1 default profile: "default"
2026-09-19 17:28:09.595 [scheduling-1] INFO  c.c.e.c.s.CryptoInitializerService - Success! Updated and mapped 8 cryptocurrencies with CoinLore IDs
2026-09-19 17:28:09.596 [scheduling-1] INFO  c.c.e.core.aspect.LoggingAspect - Exit: com.crypto.exchange.core.service.CryptoInitializerService.scheduledPriceUpdate() executed in 82 ms with result = null
2026-09-19 17:28:09.776 [main] INFO  o.s.s.web.DefaultSecurityFilterChain - Will secure any request with [org.springframework.security.web.session.DisableEncodeUrlFilter@246130d, org.springframework.security.web.context.request.async.WebAsyncManagerIntegrationFilter@340de65a, org.springframework.security.web.context.SecurityContextHolderFilter@4af45463, org.springframework.security.web.header.HeaderWriterFilter@7071fbca, org.springframework.web.filter.CorsFilter@20bf2f39, org.springframework.security.web.authentication.logout.LogoutFilter@5b7db017, com.crypto.exchange.web.security.JwtAuthenticationFilter@7501772, org.springframework.security.web.savedrequest.RequestCacheAwareFilter@39747734, org.springframework.security.web.servletapi.SecurityContextHolderAwareRequestFilter@46a4647b, org.springframework.security.web.authentication.AnonymousAuthenticationFilter@4004ba9d, org.springframework.security.web.session.SessionManagementFilter@64c23a3d, org.springframework.security.web.access.ExceptionTranslationFilter@3db9d950, org.springframework.security.web.access.intercept.AuthorizationFilter@24c89269]
2026-09-19 17:28:09.842 [main] DEBUG c.c.e.w.s.JwtAuthenticationFilter - Filter 'jwtAuthenticationFilter' configured for use
2026-09-19 17:28:09.842 [main] INFO  o.s.b.t.m.w.SpringBootMockServletContext - Initializing Spring TestDispatcherServlet ''
2026-09-19 17:28:09.842 [main] INFO  o.s.t.w.s.TestDispatcherServlet - Initializing Servlet ''
2026-09-19 17:28:09.842 [main] INFO  o.s.t.w.s.TestDispatcherServlet - Completed initialization in 0 ms
2026-09-19 17:28:09.849 [main] INFO  c.c.e.w.c.AdminUserControllerIntegrationTest - Started AdminUserControllerIntegrationTest in 0.305 seconds (process running for 22.761)
2026-09-19 17:28:09.909 [main] INFO  o.s.t.c.s.AnnotationConfigContextLoaderUtils - Could not detect default configuration classes for test class [com.crypto.exchange.web.controller.AuthControllerIntegrationTest]: AuthControllerIntegrationTest does not declare any static, non-private, non-final, nested classes annotated with @Configuration.
2026-09-19 17:28:09.912 [main] INFO  o.s.b.t.c.SpringBootTestContextBootstrapper - Found @SpringBootConfiguration com.crypto.exchange.ExchangeApplication for test class com.crypto.exchange.web.controller.AuthControllerIntegrationTest
2026-09-19 17:28:09.914 [main] INFO  o.s.b.d.r.RestartApplicationListener - Restart disabled due to context in which it is running
2026-09-19 17:28:09.925 [main] INFO  c.c.e.w.c.AuthControllerIntegrationTest - Starting AuthControllerIntegrationTest using Java 23.0.2 with PID 20920 (started by AxlLN in E:\exchange\CryptoExchange)
2026-09-19 17:28:09.926 [main] DEBUG c.c.e.w.c.AuthControllerIntegrationTest - Running with Spring Boot v3.2.5, Spring v6.1.6
2026-09-19 17:28:09.926 [main] INFO  c.c.e.w.c.AuthControllerIntegrationTest - No active profile set, falling back to 1 default profile: "default"
2026-09-19 17:28:10.154 [main] INFO  o.s.s.web.DefaultSecurityFilterChain - Will secure any request with [org.springframework.security.web.session.DisableEncodeUrlFilter@1be954db, org.springframework.security.web.context.request.async.WebAsyncManagerIntegrationFilter@5cf731a8, org.springframework.security.web.context.SecurityContextHolderFilter@4403b7a1, org.springframework.security.web.header.HeaderWriterFilter@7d68f06, org.springframework.web.filter.CorsFilter@1f5fa31d, org.springframework.security.web.authentication.logout.LogoutFilter@666437b1, com.crypto.exchange.web.security.JwtAuthenticationFilter@45afc38b, org.springframework.security.web.savedrequest.RequestCacheAwareFilter@691430a4, org.springframework.security.web.servletapi.SecurityContextHolderAwareRequestFilter@5a092c3f, org.springframework.security.web.authentication.AnonymousAuthenticationFilter@128bc228, org.springframework.security.web.session.SessionManagementFilter@6c2139d8, org.springframework.security.web.access.ExceptionTranslationFilter@34933530, org.springframework.security.web.access.intercept.AuthorizationFilter@3dc613e5]
2026-09-19 17:28:10.238 [main] DEBUG c.c.e.w.s.JwtAuthenticationFilter - Filter 'jwtAuthenticationFilter' configured for use
2026-09-19 17:28:10.238 [main] INFO  o.s.b.t.m.w.SpringBootMockServletContext - Initializing Spring TestDispatcherServlet ''
2026-09-19 17:28:10.238 [main] INFO  o.s.t.w.s.TestDispatcherServlet - Initializing Servlet ''
2026-09-19 17:28:10.239 [main] INFO  o.s.t.w.s.TestDispatcherServlet - Completed initialization in 1 ms
2026-09-19 17:28:10.247 [main] INFO  c.c.e.w.c.AuthControllerIntegrationTest - Started AuthControllerIntegrationTest in 0.333 seconds (process running for 23.16)
2026-09-19 17:28:10.259 [main] WARN  c.c.e.c.e.GlobalExceptionHandler - Validation failed: password: Пароль не может быть пустым; 
2026-09-19 17:28:10.304 [main] WARN  c.c.e.c.e.GlobalExceptionHandler - Validation failed: email: Некорректный формат email; 
2026-09-19 17:28:10.483 [main] INFO  o.s.t.c.s.AnnotationConfigContextLoaderUtils - Could not detect default configuration classes for test class [com.crypto.exchange.web.security.JwtTokenProviderIntegrationTest]: JwtTokenProviderIntegrationTest does not declare any static, non-private, non-final, nested classes annotated with @Configuration.
2026-09-19 17:28:10.484 [main] INFO  o.s.b.t.c.SpringBootTestContextBootstrapper - Found @SpringBootConfiguration com.crypto.exchange.ExchangeApplication for test class com.crypto.exchange.web.security.JwtTokenProviderIntegrationTest
2026-09-19 17:28:10.741 [SpringApplicationShutdownHook] INFO  o.s.o.j.LocalContainerEntityManagerFactoryBean - Closing JPA EntityManagerFactory for persistence unit 'default'
2026-09-19 17:28:10.750 [SpringApplicationShutdownHook] INFO  com.zaxxer.hikari.HikariDataSource - HikariPool-1 - Shutdown initiated...
2026-09-19 17:28:10.752 [SpringApplicationShutdownHook] INFO  com.zaxxer.hikari.HikariDataSource - HikariPool-1 - Shutdown completed.
2026-09-19 17:28:10.758 [SpringApplicationShutdownHook] INFO  o.s.o.j.LocalContainerEntityManagerFactoryBean - Closing JPA EntityManagerFactory for persistence unit 'default'
2026-09-19 17:28:10.759 [SpringApplicationShutdownHook] INFO  com.zaxxer.hikari.HikariDataSource - HikariPool-2 - Shutdown initiated...
2026-09-19 17:28:10.759 [SpringApplicationShutdownHook] INFO  com.zaxxer.hikari.HikariDataSource - HikariPool-2 - Shutdown completed.
2026-09-19 17:43:27.434 [background-preinit] INFO  o.h.validator.internal.util.Version - HV000001: Hibernate Validator 8.0.1.Final
2026-09-19 17:43:27.481 [restartedMain] INFO  c.c.exchange.ExchangeApplication - Starting ExchangeApplication using Java 23.0.2 with PID 22664 (E:\exchange\CryptoExchange\target\classes started by AxlLN in E:\exchange\CryptoExchange)
2026-09-19 17:43:27.481 [restartedMain] DEBUG c.c.exchange.ExchangeApplication - Running with Spring Boot v3.2.5, Spring v6.1.6
2026-09-19 17:43:27.482 [restartedMain] INFO  c.c.exchange.ExchangeApplication - No active profile set, falling back to 1 default profile: "default"
2026-09-19 17:43:27.554 [restartedMain] INFO  o.s.b.d.e.DevToolsPropertyDefaultsPostProcessor - Devtools property defaults active! Set 'spring.devtools.add-properties' to 'false' to disable
2026-09-19 17:43:27.554 [restartedMain] INFO  o.s.b.d.e.DevToolsPropertyDefaultsPostProcessor - For additional web related logging consider setting the 'logging.level.web' property to 'DEBUG'
2026-09-19 17:43:28.575 [restartedMain] INFO  o.s.d.r.c.RepositoryConfigurationDelegate - Bootstrapping Spring Data JPA repositories in DEFAULT mode.
2026-09-19 17:43:28.647 [restartedMain] INFO  o.s.d.r.c.RepositoryConfigurationDelegate - Finished Spring Data repository scanning in 64 ms. Found 6 JPA repository interfaces.
2026-09-19 17:43:28.971 [restartedMain] WARN  o.s.c.s.PostProcessorRegistrationDelegate$BeanPostProcessorChecker - Bean 'org.springframework.ws.config.annotation.DelegatingWsConfiguration' of type [org.springframework.ws.config.annotation.DelegatingWsConfiguration$$SpringCGLIB$$0] is not eligible for getting processed by all BeanPostProcessors (for example: not eligible for auto-proxying). The currently created BeanPostProcessor [annotationActionEndpointMapping] is declared through a non-static factory method on that class; consider declaring it as static instead.
2026-09-19 17:43:28.989 [restartedMain] INFO  o.s.w.s.a.s.AnnotationActionEndpointMapping - Supporting [WS-Addressing August 2004, WS-Addressing 1.0]
2026-09-19 17:43:29.586 [restartedMain] INFO  o.s.b.w.e.tomcat.TomcatWebServer - Tomcat initialized with port 8080 (http)
2026-09-19 17:43:29.599 [restartedMain] INFO  o.a.coyote.http11.Http11NioProtocol - Initializing ProtocolHandler ["http-nio-8080"]
2026-09-19 17:43:29.602 [restartedMain] INFO  o.a.catalina.core.StandardService - Starting service [Tomcat]
2026-09-19 17:43:29.602 [restartedMain] INFO  o.a.catalina.core.StandardEngine - Starting Servlet engine: [Apache Tomcat/10.1.20]
2026-09-19 17:43:29.661 [restartedMain] INFO  o.a.c.c.C.[Tomcat].[localhost].[/] - Initializing Spring embedded WebApplicationContext
2026-09-19 17:43:29.662 [restartedMain] INFO  o.s.b.w.s.c.ServletWebServerApplicationContext - Root WebApplicationContext: initialization completed in 2106 ms
2026-09-19 17:43:29.743 [restartedMain] DEBUG c.c.e.w.s.JwtAuthenticationFilter - Filter 'jwtAuthenticationFilter' configured for use
2026-09-19 17:43:29.880 [restartedMain] INFO  o.h.jpa.internal.util.LogHelper - HHH000204: Processing PersistenceUnitInfo [name: default]
2026-09-19 17:43:29.931 [restartedMain] INFO  org.hibernate.Version - HHH000412: Hibernate ORM core version 6.4.4.Final
2026-09-19 17:43:29.960 [restartedMain] INFO  o.h.c.i.RegionFactoryInitiator - HHH000026: Second-level cache disabled
2026-09-19 17:43:30.152 [restartedMain] INFO  o.s.o.j.p.SpringPersistenceUnitInfo - No LoadTimeWeaver setup: ignoring JPA class transformer
2026-09-19 17:43:30.179 [restartedMain] INFO  com.zaxxer.hikari.HikariDataSource - HikariPool-1 - Starting...
2026-09-19 17:43:30.353 [restartedMain] INFO  com.zaxxer.hikari.pool.HikariPool - HikariPool-1 - Added connection org.postgresql.jdbc.PgConnection@5f17766c
2026-09-19 17:43:30.355 [restartedMain] INFO  com.zaxxer.hikari.HikariDataSource - HikariPool-1 - Start completed.
2026-09-19 17:43:31.317 [restartedMain] INFO  o.h.e.t.j.p.i.JtaPlatformInitiator - HHH000489: No JTA platform available (set 'hibernate.transaction.jta.platform' to enable JTA platform integration)
2026-09-19 17:43:31.483 [restartedMain] INFO  o.s.o.j.LocalContainerEntityManagerFactoryBean - Initialized JPA EntityManagerFactory for persistence unit 'default'
2026-09-19 17:43:31.904 [restartedMain] INFO  o.s.d.j.r.query.QueryEnhancerFactory - Hibernate is in classpath; If applicable, HQL parser will be used.
2026-09-19 17:43:32.726 [restartedMain] WARN  o.s.b.a.o.j.JpaBaseConfiguration$JpaWebConfiguration - spring.jpa.open-in-view is enabled by default. Therefore, database queries may be performed during view rendering. Explicitly configure spring.jpa.open-in-view to disable this warning
2026-09-19 17:43:33.032 [restartedMain] INFO  o.s.s.web.DefaultSecurityFilterChain - Will secure any request with [org.springframework.security.web.session.DisableEncodeUrlFilter@30dec643, org.springframework.security.web.context.request.async.WebAsyncManagerIntegrationFilter@476407c, org.springframework.security.web.context.SecurityContextHolderFilter@15cb590c, org.springframework.security.web.header.HeaderWriterFilter@36231d77, org.springframework.web.filter.CorsFilter@e8f7ead, org.springframework.security.web.authentication.logout.LogoutFilter@6c9443db, com.crypto.exchange.web.security.JwtAuthenticationFilter@4cdc55bb, org.springframework.security.web.savedrequest.RequestCacheAwareFilter@3f580484, org.springframework.security.web.servletapi.SecurityContextHolderAwareRequestFilter@143a9530, org.springframework.security.web.authentication.AnonymousAuthenticationFilter@5915dd52, org.springframework.security.web.session.SessionManagementFilter@3355f0de, org.springframework.security.web.access.ExceptionTranslationFilter@58430f56, org.springframework.security.web.access.intercept.AuthorizationFilter@7ef95cb8]
2026-09-19 17:43:33.450 [restartedMain] INFO  o.s.b.d.a.OptionalLiveReloadServer - LiveReload server is running on port 35729
2026-09-19 17:43:33.467 [restartedMain] INFO  o.a.coyote.http11.Http11NioProtocol - Starting ProtocolHandler ["http-nio-8080"]
2026-09-19 17:43:33.485 [restartedMain] INFO  o.s.b.w.e.tomcat.TomcatWebServer - Tomcat started on port 8080 (http) with context path ''
2026-09-19 17:43:33.496 [restartedMain] INFO  c.c.exchange.ExchangeApplication - Started ExchangeApplication in 6.513 seconds (process running for 6.987)
2026-09-19 17:43:33.502 [scheduling-1] INFO  c.c.e.core.aspect.LoggingAspect - Enter: com.crypto.exchange.core.service.CryptoInitializerService.scheduledPriceUpdate() with argument(s) = []
2026-09-19 17:43:33.502 [scheduling-1] INFO  c.c.e.c.s.CryptoInitializerService - Starting crypto price synchronization...
2026-09-19 17:43:34.206 [scheduling-1] INFO  c.c.e.c.s.CryptoInitializerService - Success! Updated and mapped 8 cryptocurrencies with CoinLore IDs
2026-09-19 17:43:34.206 [scheduling-1] INFO  c.c.e.core.aspect.LoggingAspect - Exit: com.crypto.exchange.core.service.CryptoInitializerService.scheduledPriceUpdate() executed in 704 ms with result = null
2026-09-19 17:43:36.261 [SpringApplicationShutdownHook] INFO  o.s.o.j.LocalContainerEntityManagerFactoryBean - Closing JPA EntityManagerFactory for persistence unit 'default'
2026-09-19 17:43:36.265 [SpringApplicationShutdownHook] INFO  com.zaxxer.hikari.HikariDataSource - HikariPool-1 - Shutdown initiated...
2026-09-19 17:43:36.267 [SpringApplicationShutdownHook] INFO  com.zaxxer.hikari.HikariDataSource - HikariPool-1 - Shutdown completed.
2026-09-19 17:43:52.669 [main] INFO  c.c.e.w.c.TransactionControllerIntegrationTest - Starting TransactionControllerIntegrationTest using Java 23.0.2 with PID 7868 (started by AxlLN in E:\exchange\CryptoExchange)
2026-09-19 17:43:52.671 [main] DEBUG c.c.e.w.c.TransactionControllerIntegrationTest - Running with Spring Boot v3.2.5, Spring v6.1.6
2026-09-19 17:43:52.671 [main] INFO  c.c.e.w.c.TransactionControllerIntegrationTest - No active profile set, falling back to 1 default profile: "default"
2026-09-19 17:43:55.907 [main] INFO  o.s.s.web.DefaultSecurityFilterChain - Will secure any request with [org.springframework.security.web.session.DisableEncodeUrlFilter@2432bf28, org.springframework.security.web.context.request.async.WebAsyncManagerIntegrationFilter@d9b1ac1, org.springframework.security.web.context.SecurityContextHolderFilter@7f8c1678, org.springframework.security.web.header.HeaderWriterFilter@63d18fb0, org.springframework.web.filter.CorsFilter@6d7e2fe7, org.springframework.security.web.authentication.logout.LogoutFilter@74d002ba, com.crypto.exchange.web.security.JwtAuthenticationFilter@70624d1a, org.springframework.security.web.savedrequest.RequestCacheAwareFilter@43d84b02, org.springframework.security.web.servletapi.SecurityContextHolderAwareRequestFilter@56a4cfbf, org.springframework.security.web.authentication.AnonymousAuthenticationFilter@1d272499, org.springframework.security.web.session.SessionManagementFilter@f9a931b, org.springframework.security.web.access.ExceptionTranslationFilter@4fe11f87, org.springframework.security.web.access.intercept.AuthorizationFilter@240881b4]
2026-09-19 17:43:56.225 [main] DEBUG c.c.e.w.s.JwtAuthenticationFilter - Filter 'jwtAuthenticationFilter' configured for use
2026-09-19 17:43:56.225 [main] INFO  o.s.b.t.m.w.SpringBootMockServletContext - Initializing Spring TestDispatcherServlet ''
2026-09-19 17:43:56.225 [main] INFO  o.s.t.w.s.TestDispatcherServlet - Initializing Servlet ''
2026-09-19 17:43:56.226 [main] INFO  o.s.t.w.s.TestDispatcherServlet - Completed initialization in 1 ms
2026-09-19 17:43:56.282 [main] INFO  c.c.e.w.c.TransactionControllerIntegrationTest - Started TransactionControllerIntegrationTest in 4.231 seconds (process running for 8.444)
2026-09-19 17:43:56.486 [main] INFO  o.s.t.c.s.AnnotationConfigContextLoaderUtils - Could not detect default configuration classes for test class [com.crypto.exchange.web.security.SecurityConfigIntegrationTest]: SecurityConfigIntegrationTest does not declare any static, non-private, non-final, nested classes annotated with @Configuration.
2026-09-19 17:43:56.510 [main] INFO  o.s.b.t.c.SpringBootTestContextBootstrapper - Found @SpringBootConfiguration com.crypto.exchange.ExchangeApplication for test class com.crypto.exchange.web.security.SecurityConfigIntegrationTest
2026-09-19 17:43:56.522 [main] INFO  o.s.b.d.r.RestartApplicationListener - Restart disabled due to context in which it is running
2026-09-19 17:43:56.555 [main] INFO  c.c.e.w.s.SecurityConfigIntegrationTest - Starting SecurityConfigIntegrationTest using Java 23.0.2 with PID 7868 (started by AxlLN in E:\exchange\CryptoExchange)
2026-09-19 17:43:56.556 [main] DEBUG c.c.e.w.s.SecurityConfigIntegrationTest - Running with Spring Boot v3.2.5, Spring v6.1.6
2026-09-19 17:43:56.556 [main] INFO  c.c.e.w.s.SecurityConfigIntegrationTest - The following 1 profile is active: "test"
2026-09-19 17:43:57.155 [main] INFO  o.s.d.r.c.RepositoryConfigurationDelegate - Bootstrapping Spring Data JPA repositories in DEFAULT mode.
2026-09-19 17:43:57.239 [main] INFO  o.s.d.r.c.RepositoryConfigurationDelegate - Finished Spring Data repository scanning in 74 ms. Found 6 JPA repository interfaces.
2026-09-19 17:43:57.507 [main] WARN  o.s.c.s.PostProcessorRegistrationDelegate$BeanPostProcessorChecker - Bean 'org.springframework.ws.config.annotation.DelegatingWsConfiguration' of type [org.springframework.ws.config.annotation.DelegatingWsConfiguration$$SpringCGLIB$$0] is not eligible for getting processed by all BeanPostProcessors (for example: not eligible for auto-proxying). The currently created BeanPostProcessor [annotationActionEndpointMapping] is declared through a non-static factory method on that class; consider declaring it as static instead.
2026-09-19 17:43:57.540 [main] INFO  o.s.w.s.a.s.AnnotationActionEndpointMapping - Supporting [WS-Addressing August 2004, WS-Addressing 1.0]
2026-09-19 17:43:57.938 [main] INFO  o.h.jpa.internal.util.LogHelper - HHH000204: Processing PersistenceUnitInfo [name: default]
2026-09-19 17:43:58.057 [main] INFO  org.hibernate.Version - HHH000412: Hibernate ORM core version 6.4.4.Final
2026-09-19 17:43:58.176 [main] INFO  o.h.c.i.RegionFactoryInitiator - HHH000026: Second-level cache disabled
2026-09-19 17:43:58.365 [main] INFO  o.s.o.j.p.SpringPersistenceUnitInfo - No LoadTimeWeaver setup: ignoring JPA class transformer
2026-09-19 17:43:58.409 [main] INFO  com.zaxxer.hikari.HikariDataSource - HikariPool-1 - Starting...
2026-09-19 17:43:58.947 [main] INFO  com.zaxxer.hikari.pool.HikariPool - HikariPool-1 - Added connection conn0: url=jdbc:h2:mem:testdb user=SA
2026-09-19 17:43:58.949 [main] INFO  com.zaxxer.hikari.HikariDataSource - HikariPool-1 - Start completed.
2026-09-19 17:43:58.999 [main] WARN  org.hibernate.orm.deprecation - HHH90000025: H2Dialect does not need to be specified explicitly using 'hibernate.dialect' (remove the property setting and it will be selected by default)
2026-09-19 17:44:00.509 [main] INFO  o.h.e.t.j.p.i.JtaPlatformInitiator - HHH000489: No JTA platform available (set 'hibernate.transaction.jta.platform' to enable JTA platform integration)
2026-09-19 17:44:00.636 [main] INFO  o.s.o.j.LocalContainerEntityManagerFactoryBean - Initialized JPA EntityManagerFactory for persistence unit 'default'
2026-09-19 17:44:01.110 [main] INFO  o.s.d.j.r.query.QueryEnhancerFactory - Hibernate is in classpath; If applicable, HQL parser will be used.
2026-09-19 17:44:02.498 [main] WARN  o.s.b.a.o.j.JpaBaseConfiguration$JpaWebConfiguration - spring.jpa.open-in-view is enabled by default. Therefore, database queries may be performed during view rendering. Explicitly configure spring.jpa.open-in-view to disable this warning
2026-09-19 17:44:02.633 [main] INFO  o.s.s.web.DefaultSecurityFilterChain - Will secure any request with [org.springframework.security.web.session.DisableEncodeUrlFilter@1bcdc898, org.springframework.security.web.context.request.async.WebAsyncManagerIntegrationFilter@2bce3179, org.springframework.security.web.context.SecurityContextHolderFilter@57514b1b, org.springframework.security.web.header.HeaderWriterFilter@1049215a, org.springframework.web.filter.CorsFilter@345805d7, org.springframework.security.web.authentication.logout.LogoutFilter@5ebdc1d1, com.crypto.exchange.web.security.JwtAuthenticationFilter@7efb6c58, org.springframework.security.web.savedrequest.RequestCacheAwareFilter@ab7a667, org.springframework.security.web.servletapi.SecurityContextHolderAwareRequestFilter@532d159a, org.springframework.security.web.authentication.AnonymousAuthenticationFilter@4256facc, org.springframework.security.web.session.SessionManagementFilter@54d0989b, org.springframework.security.web.access.ExceptionTranslationFilter@15d91c5a, org.springframework.security.web.access.intercept.AuthorizationFilter@52b48991]
2026-09-19 17:44:03.126 [main] DEBUG c.c.e.w.s.JwtAuthenticationFilter - Filter 'jwtAuthenticationFilter' configured for use
2026-09-19 17:44:03.126 [main] INFO  o.s.b.t.m.w.SpringBootMockServletContext - Initializing Spring TestDispatcherServlet ''
2026-09-19 17:44:03.126 [main] INFO  o.s.t.w.s.TestDispatcherServlet - Initializing Servlet ''
2026-09-19 17:44:03.127 [main] INFO  o.s.t.w.s.TestDispatcherServlet - Completed initialization in 1 ms
2026-09-19 17:44:03.157 [main] INFO  c.c.e.w.s.SecurityConfigIntegrationTest - Started SecurityConfigIntegrationTest in 6.636 seconds (process running for 15.318)
2026-09-19 17:44:03.178 [scheduling-1] INFO  c.c.e.core.aspect.LoggingAspect - Enter: com.crypto.exchange.core.service.CryptoInitializerService.scheduledPriceUpdate() with argument(s) = []
2026-09-19 17:44:03.179 [scheduling-1] INFO  c.c.e.c.s.CryptoInitializerService - Starting crypto price synchronization...
2026-09-19 17:44:03.586 [main] INFO  c.c.e.c.s.CryptoInitializerService - Success! Updated and mapped 1 cryptocurrencies with CoinLore IDs
2026-09-19 17:44:03.608 [main] WARN  c.c.e.c.s.CryptoInitializerService - No matching cryptocurrency symbols found in API response.
2026-09-19 17:44:03.619 [main] INFO  o.s.t.c.s.AnnotationConfigContextLoaderUtils - Could not detect default configuration classes for test class [com.crypto.exchange.web.controller.TransferControllerIntegrationTest]: TransferControllerIntegrationTest does not declare any static, non-private, non-final, nested classes annotated with @Configuration.
2026-09-19 17:44:03.626 [main] INFO  o.s.b.t.c.SpringBootTestContextBootstrapper - Found @SpringBootConfiguration com.crypto.exchange.ExchangeApplication for test class com.crypto.exchange.web.controller.TransferControllerIntegrationTest
2026-09-19 17:44:03.629 [main] INFO  o.s.b.d.r.RestartApplicationListener - Restart disabled due to context in which it is running
2026-09-19 17:44:03.669 [main] INFO  c.c.e.w.c.TransferControllerIntegrationTest - Starting TransferControllerIntegrationTest using Java 23.0.2 with PID 7868 (started by AxlLN in E:\exchange\CryptoExchange)
2026-09-19 17:44:03.669 [main] DEBUG c.c.e.w.c.TransferControllerIntegrationTest - Running with Spring Boot v3.2.5, Spring v6.1.6
2026-09-19 17:44:03.669 [main] INFO  c.c.e.w.c.TransferControllerIntegrationTest - No active profile set, falling back to 1 default profile: "default"
2026-09-19 17:44:04.104 [main] INFO  o.s.s.web.DefaultSecurityFilterChain - Will secure any request with [org.springframework.security.web.session.DisableEncodeUrlFilter@4df7876b, org.springframework.security.web.context.request.async.WebAsyncManagerIntegrationFilter@3c1ff374, org.springframework.security.web.context.SecurityContextHolderFilter@d6cbac6, org.springframework.security.web.header.HeaderWriterFilter@1ac819a, org.springframework.web.filter.CorsFilter@3dbf47d7, org.springframework.security.web.authentication.logout.LogoutFilter@fffdcd5, com.crypto.exchange.web.security.JwtAuthenticationFilter@5405ec37, org.springframework.security.web.savedrequest.RequestCacheAwareFilter@2fb02aa2, org.springframework.security.web.servletapi.SecurityContextHolderAwareRequestFilter@4a75ce9f, org.springframework.security.web.authentication.AnonymousAuthenticationFilter@71ab5184, org.springframework.security.web.session.SessionManagementFilter@18a6aa6f, org.springframework.security.web.access.ExceptionTranslationFilter@3c83cfb6, org.springframework.security.web.access.intercept.AuthorizationFilter@4551313d]
2026-09-19 17:44:04.207 [main] DEBUG c.c.e.w.s.JwtAuthenticationFilter - Filter 'jwtAuthenticationFilter' configured for use
2026-09-19 17:44:04.207 [main] INFO  o.s.b.t.m.w.SpringBootMockServletContext - Initializing Spring TestDispatcherServlet ''
2026-09-19 17:44:04.207 [main] INFO  o.s.t.w.s.TestDispatcherServlet - Initializing Servlet ''
2026-09-19 17:44:04.208 [main] INFO  o.s.t.w.s.TestDispatcherServlet - Completed initialization in 1 ms
2026-09-19 17:44:04.222 [main] INFO  c.c.e.w.c.TransferControllerIntegrationTest - Started TransferControllerIntegrationTest in 0.593 seconds (process running for 16.383)
2026-09-19 17:44:04.368 [main] WARN  c.c.e.c.e.GlobalExceptionHandler - Validation failed: fromWalletId: Укажите ID кошелька списания; cryptoExternalId: Укажите external_id криптовалюты (например, bitcoin, ethereum); recipientAddress: Укажите адрес кошелька получателя; amount: Сумма должна быть больше 0; 
2026-09-19 17:44:05.316 [scheduling-1] INFO  c.c.e.c.s.CryptoInitializerService - Success! Updated and mapped 8 cryptocurrencies with CoinLore IDs
2026-09-19 17:44:05.317 [scheduling-1] INFO  c.c.e.core.aspect.LoggingAspect - Exit: com.crypto.exchange.core.service.CryptoInitializerService.scheduledPriceUpdate() executed in 2138 ms with result = null
2026-09-19 17:44:05.399 [main] INFO  c.c.e.c.n.EmailNotificationListener - Квитанция отправлена на test@example.com по транзакции #1
2026-09-19 17:44:05.419 [main] WARN  c.c.e.c.n.EmailNotificationListener - Пропуск отправки письма: email не указан для транзакции #1
2026-09-19 17:44:05.419 [main] WARN  c.c.e.c.n.EmailNotificationListener - Пропуск отправки письма: email не указан для транзакции #1
2026-09-19 17:44:05.478 [main] ERROR c.c.e.c.n.EmailNotificationListener - Ошибка при отправке письма для транзакции #1
java.lang.RuntimeException: SMTP server error
	at org.springframework.mail.javamail.JavaMailSender.send(JavaMailSender.java:101)
	at com.crypto.exchange.core.notification.EmailNotificationListener.handleTransactionCompleted(EmailNotificationListener.java:44)
	at com.crypto.exchange.core.notification.EmailNotificationListenerTest.handleTransactionCompletedShouldCatchExceptionAndNotThrow(EmailNotificationListenerTest.java:110)
	at java.base/jdk.internal.reflect.DirectMethodHandleAccessor.invoke(DirectMethodHandleAccessor.java:103)
	at java.base/java.lang.reflect.Method.invoke(Method.java:580)
	at org.junit.platform.commons.util.ReflectionUtils.invokeMethod(ReflectionUtils.java:728)
	at org.junit.jupiter.engine.execution.MethodInvocation.proceed(MethodInvocation.java:60)
	at org.junit.jupiter.engine.execution.InvocationInterceptorChain$ValidatingInvocation.proceed(InvocationInterceptorChain.java:131)
	at org.junit.jupiter.engine.extension.TimeoutExtension.intercept(TimeoutExtension.java:156)
	at org.junit.jupiter.engine.extension.TimeoutExtension.interceptTestableMethod(TimeoutExtension.java:147)
	at org.junit.jupiter.engine.extension.TimeoutExtension.interceptTestMethod(TimeoutExtension.java:86)
	at org.junit.jupiter.engine.execution.InterceptingExecutableInvoker$ReflectiveInterceptorCall.lambda$ofVoidMethod$0(InterceptingExecutableInvoker.java:103)
	at org.junit.jupiter.engine.execution.InterceptingExecutableInvoker.lambda$invoke$0(InterceptingExecutableInvoker.java:93)
	at org.junit.jupiter.engine.execution.InvocationInterceptorChain$InterceptedInvocation.proceed(InvocationInterceptorChain.java:106)
	at org.junit.jupiter.engine.execution.InvocationInterceptorChain.proceed(InvocationInterceptorChain.java:64)
	at org.junit.jupiter.engine.execution.InvocationInterceptorChain.chainAndInvoke(InvocationInterceptorChain.java:45)
	at org.junit.jupiter.engine.execution.InvocationInterceptorChain.invoke(InvocationInterceptorChain.java:37)
	at org.junit.jupiter.engine.execution.InterceptingExecutableInvoker.invoke(InterceptingExecutableInvoker.java:92)
	at org.junit.jupiter.engine.execution.InterceptingExecutableInvoker.invoke(InterceptingExecutableInvoker.java:86)
	at org.junit.jupiter.engine.descriptor.TestMethodTestDescriptor.lambda$invokeTestMethod$7(TestMethodTestDescriptor.java:218)
	at org.junit.platform.engine.support.hierarchical.ThrowableCollector.execute(ThrowableCollector.java:73)
	at org.junit.jupiter.engine.descriptor.TestMethodTestDescriptor.invokeTestMethod(TestMethodTestDescriptor.java:214)
	at org.junit.jupiter.engine.descriptor.TestMethodTestDescriptor.execute(TestMethodTestDescriptor.java:139)
	at org.junit.jupiter.engine.descriptor.TestMethodTestDescriptor.execute(TestMethodTestDescriptor.java:69)
	at org.junit.platform.engine.support.hierarchical.NodeTestTask.lambda$executeRecursively$6(NodeTestTask.java:151)
	at org.junit.platform.engine.support.hierarchical.ThrowableCollector.execute(ThrowableCollector.java:73)
	at org.junit.platform.engine.support.hierarchical.NodeTestTask.lambda$executeRecursively$8(NodeTestTask.java:141)
	at org.junit.platform.engine.support.hierarchical.Node.around(Node.java:137)
	at org.junit.platform.engine.support.hierarchical.NodeTestTask.lambda$executeRecursively$9(NodeTestTask.java:139)
	at org.junit.platform.engine.support.hierarchical.ThrowableCollector.execute(ThrowableCollector.java:73)
	at org.junit.platform.engine.support.hierarchical.NodeTestTask.executeRecursively(NodeTestTask.java:138)
	at org.junit.platform.engine.support.hierarchical.NodeTestTask.execute(NodeTestTask.java:95)
	at java.base/java.util.ArrayList.forEach(ArrayList.java:1597)
	at org.junit.platform.engine.support.hierarchical.SameThreadHierarchicalTestExecutorService.invokeAll(SameThreadHierarchicalTestExecutorService.java:41)
	at org.junit.platform.engine.support.hierarchical.NodeTestTask.lambda$executeRecursively$6(NodeTestTask.java:155)
	at org.junit.platform.engine.support.hierarchical.ThrowableCollector.execute(ThrowableCollector.java:73)
	at org.junit.platform.engine.support.hierarchical.NodeTestTask.lambda$executeRecursively$8(NodeTestTask.java:141)
	at org.junit.platform.engine.support.hierarchical.Node.around(Node.java:137)
	at org.junit.platform.engine.support.hierarchical.NodeTestTask.lambda$executeRecursively$9(NodeTestTask.java:139)
	at org.junit.platform.engine.support.hierarchical.ThrowableCollector.execute(ThrowableCollector.java:73)
	at org.junit.platform.engine.support.hierarchical.NodeTestTask.executeRecursively(NodeTestTask.java:138)
	at org.junit.platform.engine.support.hierarchical.NodeTestTask.execute(NodeTestTask.java:95)
	at java.base/java.util.ArrayList.forEach(ArrayList.java:1597)
	at org.junit.platform.engine.support.hierarchical.SameThreadHierarchicalTestExecutorService.invokeAll(SameThreadHierarchicalTestExecutorService.java:41)
	at org.junit.platform.engine.support.hierarchical.NodeTestTask.lambda$executeRecursively$6(NodeTestTask.java:155)
	at org.junit.platform.engine.support.hierarchical.ThrowableCollector.execute(ThrowableCollector.java:73)
	at org.junit.platform.engine.support.hierarchical.NodeTestTask.lambda$executeRecursively$8(NodeTestTask.java:141)
	at org.junit.platform.engine.support.hierarchical.Node.around(Node.java:137)
	at org.junit.platform.engine.support.hierarchical.NodeTestTask.lambda$executeRecursively$9(NodeTestTask.java:139)
	at org.junit.platform.engine.support.hierarchical.ThrowableCollector.execute(ThrowableCollector.java:73)
	at org.junit.platform.engine.support.hierarchical.NodeTestTask.executeRecursively(NodeTestTask.java:138)
	at org.junit.platform.engine.support.hierarchical.NodeTestTask.execute(NodeTestTask.java:95)
	at org.junit.platform.engine.support.hierarchical.SameThreadHierarchicalTestExecutorService.submit(SameThreadHierarchicalTestExecutorService.java:35)
	at org.junit.platform.engine.support.hierarchical.HierarchicalTestExecutor.execute(HierarchicalTestExecutor.java:57)
	at org.junit.platform.engine.support.hierarchical.HierarchicalTestEngine.execute(HierarchicalTestEngine.java:54)
	at org.junit.platform.launcher.core.EngineExecutionOrchestrator.execute(EngineExecutionOrchestrator.java:198)
	at org.junit.platform.launcher.core.EngineExecutionOrchestrator.execute(EngineExecutionOrchestrator.java:169)
	at org.junit.platform.launcher.core.EngineExecutionOrchestrator.execute(EngineExecutionOrchestrator.java:93)
	at org.junit.platform.launcher.core.EngineExecutionOrchestrator.lambda$execute$0(EngineExecutionOrchestrator.java:58)
	at org.junit.platform.launcher.core.EngineExecutionOrchestrator.withInterceptedStreams(EngineExecutionOrchestrator.java:141)
	at org.junit.platform.launcher.core.EngineExecutionOrchestrator.execute(EngineExecutionOrchestrator.java:57)
	at org.junit.platform.launcher.core.DefaultLauncher.execute(DefaultLauncher.java:103)
	at org.junit.platform.launcher.core.DefaultLauncher.execute(DefaultLauncher.java:85)
	at org.junit.platform.launcher.core.DelegatingLauncher.execute(DelegatingLauncher.java:47)
	at org.junit.platform.launcher.core.SessionPerRequestLauncher.execute(SessionPerRequestLauncher.java:63)
	at com.intellij.junit5.JUnit5IdeaTestRunner.startRunnerWithArgs(JUnit5IdeaTestRunner.java:66)
	at com.intellij.rt.junit.IdeaTestRunner$Repeater$1.execute(IdeaTestRunner.java:38)
	at com.intellij.rt.execution.junit.TestsRepeater.repeat(TestsRepeater.java:11)
	at com.intellij.rt.junit.IdeaTestRunner$Repeater.startRunnerWithArgs(IdeaTestRunner.java:35)
	at com.intellij.rt.junit.JUnitStarter.prepareStreamsAndStart(JUnitStarter.java:237)
	at com.intellij.rt.junit.JUnitStarter.main(JUnitStarter.java:58)
2026-09-19 17:44:05.578 [main] INFO  o.s.t.c.s.AnnotationConfigContextLoaderUtils - Could not detect default configuration classes for test class [com.crypto.exchange.web.controller.CryptoCurrencyControllerIntegrationTest]: CryptoCurrencyControllerIntegrationTest does not declare any static, non-private, non-final, nested classes annotated with @Configuration.
2026-09-19 17:44:05.587 [main] INFO  o.s.b.t.c.SpringBootTestContextBootstrapper - Found @SpringBootConfiguration com.crypto.exchange.ExchangeApplication for test class com.crypto.exchange.web.controller.CryptoCurrencyControllerIntegrationTest
2026-09-19 17:44:05.590 [main] INFO  o.s.b.d.r.RestartApplicationListener - Restart disabled due to context in which it is running
2026-09-19 17:44:05.615 [main] INFO  c.c.e.w.c.CryptoCurrencyControllerIntegrationTest - Starting CryptoCurrencyControllerIntegrationTest using Java 23.0.2 with PID 7868 (started by AxlLN in E:\exchange\CryptoExchange)
2026-09-19 17:44:05.615 [main] DEBUG c.c.e.w.c.CryptoCurrencyControllerIntegrationTest - Running with Spring Boot v3.2.5, Spring v6.1.6
2026-09-19 17:44:05.616 [main] INFO  c.c.e.w.c.CryptoCurrencyControllerIntegrationTest - No active profile set, falling back to 1 default profile: "default"
2026-09-19 17:44:06.198 [main] INFO  o.s.s.web.DefaultSecurityFilterChain - Will secure any request with [org.springframework.security.web.session.DisableEncodeUrlFilter@4111cc98, org.springframework.security.web.context.request.async.WebAsyncManagerIntegrationFilter@47dd4e3b, org.springframework.security.web.context.SecurityContextHolderFilter@7413bcc7, org.springframework.security.web.header.HeaderWriterFilter@33b46c71, org.springframework.web.filter.CorsFilter@62bfe04c, org.springframework.security.web.authentication.logout.LogoutFilter@648c48c1, com.crypto.exchange.web.security.JwtAuthenticationFilter@6af45b21, org.springframework.security.web.savedrequest.RequestCacheAwareFilter@32866075, org.springframework.security.web.servletapi.SecurityContextHolderAwareRequestFilter@22c145b0, org.springframework.security.web.authentication.AnonymousAuthenticationFilter@4ebe2546, org.springframework.security.web.session.SessionManagementFilter@804ff4f, org.springframework.security.web.access.ExceptionTranslationFilter@161a1921, org.springframework.security.web.access.intercept.AuthorizationFilter@4d4c3c29]
2026-09-19 17:44:06.290 [main] DEBUG c.c.e.w.s.JwtAuthenticationFilter - Filter 'jwtAuthenticationFilter' configured for use
2026-09-19 17:44:06.290 [main] INFO  o.s.b.t.m.w.SpringBootMockServletContext - Initializing Spring TestDispatcherServlet ''
2026-09-19 17:44:06.290 [main] INFO  o.s.t.w.s.TestDispatcherServlet - Initializing Servlet ''
2026-09-19 17:44:06.290 [main] INFO  o.s.t.w.s.TestDispatcherServlet - Completed initialization in 0 ms
2026-09-19 17:44:06.300 [main] INFO  c.c.e.w.c.CryptoCurrencyControllerIntegrationTest - Started CryptoCurrencyControllerIntegrationTest in 0.709 seconds (process running for 18.461)
2026-09-19 17:44:06.720 [main] INFO  o.s.t.c.s.AnnotationConfigContextLoaderUtils - Could not detect default configuration classes for test class [com.crypto.exchange.web.controller.WalletControllerIntegrationTest]: WalletControllerIntegrationTest does not declare any static, non-private, non-final, nested classes annotated with @Configuration.
2026-09-19 17:44:06.725 [main] INFO  o.s.b.t.c.SpringBootTestContextBootstrapper - Found @SpringBootConfiguration com.crypto.exchange.ExchangeApplication for test class com.crypto.exchange.web.controller.WalletControllerIntegrationTest
2026-09-19 17:44:06.728 [main] INFO  o.s.b.d.r.RestartApplicationListener - Restart disabled due to context in which it is running
2026-09-19 17:44:06.747 [main] INFO  c.c.e.w.c.WalletControllerIntegrationTest - Starting WalletControllerIntegrationTest using Java 23.0.2 with PID 7868 (started by AxlLN in E:\exchange\CryptoExchange)
2026-09-19 17:44:06.747 [main] DEBUG c.c.e.w.c.WalletControllerIntegrationTest - Running with Spring Boot v3.2.5, Spring v6.1.6
2026-09-19 17:44:06.747 [main] INFO  c.c.e.w.c.WalletControllerIntegrationTest - No active profile set, falling back to 1 default profile: "default"
2026-09-19 17:44:07.116 [main] INFO  o.s.s.web.DefaultSecurityFilterChain - Will secure any request with [org.springframework.security.web.session.DisableEncodeUrlFilter@565a1dcb, org.springframework.security.web.context.request.async.WebAsyncManagerIntegrationFilter@6638f0df, org.springframework.security.web.context.SecurityContextHolderFilter@2e895b1f, org.springframework.security.web.header.HeaderWriterFilter@51b34de5, org.springframework.web.filter.CorsFilter@183ee15b, org.springframework.security.web.authentication.logout.LogoutFilter@5bfd65ea, com.crypto.exchange.web.security.JwtAuthenticationFilter@3365ee45, org.springframework.security.web.savedrequest.RequestCacheAwareFilter@3c86742f, org.springframework.security.web.servletapi.SecurityContextHolderAwareRequestFilter@7791ca3f, org.springframework.security.web.authentication.AnonymousAuthenticationFilter@50f3d2c8, org.springframework.security.web.session.SessionManagementFilter@2bfc6db7, org.springframework.security.web.access.ExceptionTranslationFilter@e2387d6, org.springframework.security.web.access.intercept.AuthorizationFilter@2d6cbd21]
2026-09-19 17:44:07.219 [main] DEBUG c.c.e.w.s.JwtAuthenticationFilter - Filter 'jwtAuthenticationFilter' configured for use
2026-09-19 17:44:07.219 [main] INFO  o.s.b.t.m.w.SpringBootMockServletContext - Initializing Spring TestDispatcherServlet ''
2026-09-19 17:44:07.219 [main] INFO  o.s.t.w.s.TestDispatcherServlet - Initializing Servlet ''
2026-09-19 17:44:07.220 [main] INFO  o.s.t.w.s.TestDispatcherServlet - Completed initialization in 1 ms
2026-09-19 17:44:07.230 [main] INFO  c.c.e.w.c.WalletControllerIntegrationTest - Started WalletControllerIntegrationTest in 0.502 seconds (process running for 19.391)
2026-09-19 17:44:07.366 [main] INFO  o.s.t.c.s.AnnotationConfigContextLoaderUtils - Could not detect default configuration classes for test class [com.crypto.exchange.web.controller.UserControllerIntegrationTest]: UserControllerIntegrationTest does not declare any static, non-private, non-final, nested classes annotated with @Configuration.
2026-09-19 17:44:07.373 [main] INFO  o.s.b.t.c.SpringBootTestContextBootstrapper - Found @SpringBootConfiguration com.crypto.exchange.ExchangeApplication for test class com.crypto.exchange.web.controller.UserControllerIntegrationTest
2026-09-19 17:44:07.378 [main] INFO  o.s.b.d.r.RestartApplicationListener - Restart disabled due to context in which it is running
2026-09-19 17:44:07.395 [main] INFO  c.c.e.w.c.UserControllerIntegrationTest - Starting UserControllerIntegrationTest using Java 23.0.2 with PID 7868 (started by AxlLN in E:\exchange\CryptoExchange)
2026-09-19 17:44:07.395 [main] DEBUG c.c.e.w.c.UserControllerIntegrationTest - Running with Spring Boot v3.2.5, Spring v6.1.6
2026-09-19 17:44:07.395 [main] INFO  c.c.e.w.c.UserControllerIntegrationTest - No active profile set, falling back to 1 default profile: "default"
2026-09-19 17:44:07.755 [main] INFO  o.s.s.web.DefaultSecurityFilterChain - Will secure any request with [org.springframework.security.web.session.DisableEncodeUrlFilter@1f7f2461, org.springframework.security.web.context.request.async.WebAsyncManagerIntegrationFilter@27b7077a, org.springframework.security.web.context.SecurityContextHolderFilter@1f2806b0, org.springframework.security.web.header.HeaderWriterFilter@5ee996de, org.springframework.web.filter.CorsFilter@63860803, org.springframework.security.web.authentication.logout.LogoutFilter@1775e0b4, com.crypto.exchange.web.security.JwtAuthenticationFilter@44a34703, org.springframework.security.web.savedrequest.RequestCacheAwareFilter@21e8276c, org.springframework.security.web.servletapi.SecurityContextHolderAwareRequestFilter@33a50ae9, org.springframework.security.web.authentication.AnonymousAuthenticationFilter@717ab209, org.springframework.security.web.session.SessionManagementFilter@74d1f71e, org.springframework.security.web.access.ExceptionTranslationFilter@55dd7465, org.springframework.security.web.access.intercept.AuthorizationFilter@6c2fd832]
2026-09-19 17:44:07.824 [main] DEBUG c.c.e.w.s.JwtAuthenticationFilter - Filter 'jwtAuthenticationFilter' configured for use
2026-09-19 17:44:07.824 [main] INFO  o.s.b.t.m.w.SpringBootMockServletContext - Initializing Spring TestDispatcherServlet ''
2026-09-19 17:44:07.824 [main] INFO  o.s.t.w.s.TestDispatcherServlet - Initializing Servlet ''
2026-09-19 17:44:07.824 [main] INFO  o.s.t.w.s.TestDispatcherServlet - Completed initialization in 0 ms
2026-09-19 17:44:07.834 [main] INFO  c.c.e.w.c.UserControllerIntegrationTest - Started UserControllerIntegrationTest in 0.457 seconds (process running for 19.995)
2026-09-19 17:44:07.863 [main] INFO  o.s.t.c.s.AnnotationConfigContextLoaderUtils - Could not detect default configuration classes for test class [com.crypto.exchange.ExchangeApplicationTests]: ExchangeApplicationTests does not declare any static, non-private, non-final, nested classes annotated with @Configuration.
2026-09-19 17:44:07.868 [main] INFO  o.s.b.t.c.SpringBootTestContextBootstrapper - Found @SpringBootConfiguration com.crypto.exchange.ExchangeApplication for test class com.crypto.exchange.ExchangeApplicationTests
2026-09-19 17:44:07.872 [main] INFO  o.s.b.d.r.RestartApplicationListener - Restart disabled due to context in which it is running
2026-09-19 17:44:07.888 [main] INFO  c.c.e.ExchangeApplicationTests - Starting ExchangeApplicationTests using Java 23.0.2 with PID 7868 (started by AxlLN in E:\exchange\CryptoExchange)
2026-09-19 17:44:07.888 [main] DEBUG c.c.e.ExchangeApplicationTests - Running with Spring Boot v3.2.5, Spring v6.1.6
2026-09-19 17:44:07.888 [main] INFO  c.c.e.ExchangeApplicationTests - The following 1 profile is active: "test"
2026-09-19 17:44:08.512 [main] INFO  o.s.d.r.c.RepositoryConfigurationDelegate - Bootstrapping Spring Data JPA repositories in DEFAULT mode.
2026-09-19 17:44:08.535 [main] INFO  o.s.d.r.c.RepositoryConfigurationDelegate - Finished Spring Data repository scanning in 22 ms. Found 6 JPA repository interfaces.
2026-09-19 17:44:08.610 [main] WARN  o.s.c.s.PostProcessorRegistrationDelegate$BeanPostProcessorChecker - Bean 'org.springframework.ws.config.annotation.DelegatingWsConfiguration' of type [org.springframework.ws.config.annotation.DelegatingWsConfiguration$$SpringCGLIB$$0] is not eligible for getting processed by all BeanPostProcessors (for example: not eligible for auto-proxying). The currently created BeanPostProcessor [annotationActionEndpointMapping] is declared through a non-static factory method on that class; consider declaring it as static instead.
2026-09-19 17:44:08.613 [main] INFO  o.s.w.s.a.s.AnnotationActionEndpointMapping - Supporting [WS-Addressing August 2004, WS-Addressing 1.0]
2026-09-19 17:44:08.694 [main] INFO  o.h.jpa.internal.util.LogHelper - HHH000204: Processing PersistenceUnitInfo [name: default]
2026-09-19 17:44:08.698 [main] INFO  o.h.c.i.RegionFactoryInitiator - HHH000026: Second-level cache disabled
2026-09-19 17:44:08.708 [main] INFO  o.s.o.j.p.SpringPersistenceUnitInfo - No LoadTimeWeaver setup: ignoring JPA class transformer
2026-09-19 17:44:08.710 [main] INFO  com.zaxxer.hikari.HikariDataSource - HikariPool-2 - Starting...
2026-09-19 17:44:08.712 [main] INFO  com.zaxxer.hikari.pool.HikariPool - HikariPool-2 - Added connection conn10: url=jdbc:h2:mem:testdb user=SA
2026-09-19 17:44:08.713 [main] INFO  com.zaxxer.hikari.HikariDataSource - HikariPool-2 - Start completed.
2026-09-19 17:44:08.713 [main] WARN  org.hibernate.orm.deprecation - HHH90000025: H2Dialect does not need to be specified explicitly using 'hibernate.dialect' (remove the property setting and it will be selected by default)
2026-09-19 17:44:08.979 [main] INFO  o.h.e.t.j.p.i.JtaPlatformInitiator - HHH000489: No JTA platform available (set 'hibernate.transaction.jta.platform' to enable JTA platform integration)
2026-09-19 17:44:09.027 [main] INFO  o.s.o.j.LocalContainerEntityManagerFactoryBean - Initialized JPA EntityManagerFactory for persistence unit 'default'
2026-09-19 17:44:09.492 [main] WARN  o.s.b.a.o.j.JpaBaseConfiguration$JpaWebConfiguration - spring.jpa.open-in-view is enabled by default. Therefore, database queries may be performed during view rendering. Explicitly configure spring.jpa.open-in-view to disable this warning
2026-09-19 17:44:09.682 [main] INFO  o.s.s.web.DefaultSecurityFilterChain - Will secure any request with [org.springframework.security.web.session.DisableEncodeUrlFilter@175b9da9, org.springframework.security.web.context.request.async.WebAsyncManagerIntegrationFilter@1690c589, org.springframework.security.web.context.SecurityContextHolderFilter@160b1a7d, org.springframework.security.web.header.HeaderWriterFilter@68508213, org.springframework.web.filter.CorsFilter@7bf72667, org.springframework.security.web.authentication.logout.LogoutFilter@670cc8db, com.crypto.exchange.web.security.JwtAuthenticationFilter@2abf313a, org.springframework.security.web.savedrequest.RequestCacheAwareFilter@7aaad3de, org.springframework.security.web.servletapi.SecurityContextHolderAwareRequestFilter@16868682, org.springframework.security.web.authentication.AnonymousAuthenticationFilter@35483ede, org.springframework.security.web.session.SessionManagementFilter@18e4e8e5, org.springframework.security.web.access.ExceptionTranslationFilter@3dfa36f4, org.springframework.security.web.access.intercept.AuthorizationFilter@6984feb1]
2026-09-19 17:44:10.025 [main] INFO  c.c.e.ExchangeApplicationTests - Started ExchangeApplicationTests in 2.154 seconds (process running for 22.186)
2026-09-19 17:44:10.025 [scheduling-1] INFO  c.c.e.core.aspect.LoggingAspect - Enter: com.crypto.exchange.core.service.CryptoInitializerService.scheduledPriceUpdate() with argument(s) = []
2026-09-19 17:44:10.025 [scheduling-1] INFO  c.c.e.c.s.CryptoInitializerService - Starting crypto price synchronization...
2026-09-19 17:44:10.040 [main] DEBUG c.c.e.c.s.CryptoPriceHistoryService - Fetching price history for crypto ID: 1 with pageable: Page request [number: 0, size 10, sort: UNSORTED]
2026-09-19 17:44:10.050 [main] DEBUG c.c.e.c.s.CryptoPriceHistoryService - Fetching price history for crypto ID: 999 with pageable: Page request [number: 0, size 10, sort: UNSORTED]
2026-09-19 17:44:10.055 [main] INFO  o.s.t.c.s.AnnotationConfigContextLoaderUtils - Could not detect default configuration classes for test class [com.crypto.exchange.web.controller.AdminUserControllerIntegrationTest]: AdminUserControllerIntegrationTest does not declare any static, non-private, non-final, nested classes annotated with @Configuration.
2026-09-19 17:44:10.063 [main] INFO  o.s.b.t.c.SpringBootTestContextBootstrapper - Found @SpringBootConfiguration com.crypto.exchange.ExchangeApplication for test class com.crypto.exchange.web.controller.AdminUserControllerIntegrationTest
2026-09-19 17:44:10.068 [main] INFO  o.s.b.d.r.RestartApplicationListener - Restart disabled due to context in which it is running
2026-09-19 17:44:10.092 [main] INFO  c.c.e.w.c.AdminUserControllerIntegrationTest - Starting AdminUserControllerIntegrationTest using Java 23.0.2 with PID 7868 (started by AxlLN in E:\exchange\CryptoExchange)
2026-09-19 17:44:10.092 [main] DEBUG c.c.e.w.c.AdminUserControllerIntegrationTest - Running with Spring Boot v3.2.5, Spring v6.1.6
2026-09-19 17:44:10.093 [main] INFO  c.c.e.w.c.AdminUserControllerIntegrationTest - No active profile set, falling back to 1 default profile: "default"
2026-09-19 17:44:10.193 [scheduling-1] INFO  c.c.e.c.s.CryptoInitializerService - Success! Updated and mapped 8 cryptocurrencies with CoinLore IDs
2026-09-19 17:44:10.193 [scheduling-1] INFO  c.c.e.core.aspect.LoggingAspect - Exit: com.crypto.exchange.core.service.CryptoInitializerService.scheduledPriceUpdate() executed in 168 ms with result = null
2026-09-19 17:44:10.506 [main] INFO  o.s.s.web.DefaultSecurityFilterChain - Will secure any request with [org.springframework.security.web.session.DisableEncodeUrlFilter@6745480d, org.springframework.security.web.context.request.async.WebAsyncManagerIntegrationFilter@2ba7f001, org.springframework.security.web.context.SecurityContextHolderFilter@3d13d24b, org.springframework.security.web.header.HeaderWriterFilter@b059eac, org.springframework.web.filter.CorsFilter@42cd9abc, org.springframework.security.web.authentication.logout.LogoutFilter@7797aee, com.crypto.exchange.web.security.JwtAuthenticationFilter@7e51b72e, org.springframework.security.web.savedrequest.RequestCacheAwareFilter@fae712d, org.springframework.security.web.servletapi.SecurityContextHolderAwareRequestFilter@28797e8a, org.springframework.security.web.authentication.AnonymousAuthenticationFilter@3db9d950, org.springframework.security.web.session.SessionManagementFilter@7d6e2801, org.springframework.security.web.access.ExceptionTranslationFilter@301053ef, org.springframework.security.web.access.intercept.AuthorizationFilter@184ce8f5]
2026-09-19 17:44:10.628 [main] DEBUG c.c.e.w.s.JwtAuthenticationFilter - Filter 'jwtAuthenticationFilter' configured for use
2026-09-19 17:44:10.628 [main] INFO  o.s.b.t.m.w.SpringBootMockServletContext - Initializing Spring TestDispatcherServlet ''
2026-09-19 17:44:10.628 [main] INFO  o.s.t.w.s.TestDispatcherServlet - Initializing Servlet ''
2026-09-19 17:44:10.629 [main] INFO  o.s.t.w.s.TestDispatcherServlet - Completed initialization in 0 ms
2026-09-19 17:44:10.643 [main] INFO  c.c.e.w.c.AdminUserControllerIntegrationTest - Started AdminUserControllerIntegrationTest in 0.576 seconds (process running for 22.804)
2026-09-19 17:44:10.782 [main] INFO  o.s.t.c.s.AnnotationConfigContextLoaderUtils - Could not detect default configuration classes for test class [com.crypto.exchange.web.controller.AuthControllerIntegrationTest]: AuthControllerIntegrationTest does not declare any static, non-private, non-final, nested classes annotated with @Configuration.
2026-09-19 17:44:10.789 [main] INFO  o.s.b.t.c.SpringBootTestContextBootstrapper - Found @SpringBootConfiguration com.crypto.exchange.ExchangeApplication for test class com.crypto.exchange.web.controller.AuthControllerIntegrationTest
2026-09-19 17:44:10.793 [main] INFO  o.s.b.d.r.RestartApplicationListener - Restart disabled due to context in which it is running
2026-09-19 17:44:10.818 [main] INFO  c.c.e.w.c.AuthControllerIntegrationTest - Starting AuthControllerIntegrationTest using Java 23.0.2 with PID 7868 (started by AxlLN in E:\exchange\CryptoExchange)
2026-09-19 17:44:10.818 [main] DEBUG c.c.e.w.c.AuthControllerIntegrationTest - Running with Spring Boot v3.2.5, Spring v6.1.6
2026-09-19 17:44:10.818 [main] INFO  c.c.e.w.c.AuthControllerIntegrationTest - No active profile set, falling back to 1 default profile: "default"
2026-09-19 17:44:11.389 [main] INFO  o.s.s.web.DefaultSecurityFilterChain - Will secure any request with [org.springframework.security.web.session.DisableEncodeUrlFilter@94c5a0e, org.springframework.security.web.context.request.async.WebAsyncManagerIntegrationFilter@21412974, org.springframework.security.web.context.SecurityContextHolderFilter@999c6ad, org.springframework.security.web.header.HeaderWriterFilter@11ff62ef, org.springframework.web.filter.CorsFilter@34933530, org.springframework.security.web.authentication.logout.LogoutFilter@439d7704, com.crypto.exchange.web.security.JwtAuthenticationFilter@1d594c16, org.springframework.security.web.savedrequest.RequestCacheAwareFilter@54de93af, org.springframework.security.web.servletapi.SecurityContextHolderAwareRequestFilter@3e5c6bc1, org.springframework.security.web.authentication.AnonymousAuthenticationFilter@7d68f06, org.springframework.security.web.session.SessionManagementFilter@7858591a, org.springframework.security.web.access.ExceptionTranslationFilter@10a9b67f, org.springframework.security.web.access.intercept.AuthorizationFilter@3ea1aafe]
2026-09-19 17:44:11.496 [main] DEBUG c.c.e.w.s.JwtAuthenticationFilter - Filter 'jwtAuthenticationFilter' configured for use
2026-09-19 17:44:11.496 [main] INFO  o.s.b.t.m.w.SpringBootMockServletContext - Initializing Spring TestDispatcherServlet ''
2026-09-19 17:44:11.496 [main] INFO  o.s.t.w.s.TestDispatcherServlet - Initializing Servlet ''
2026-09-19 17:44:11.497 [main] INFO  o.s.t.w.s.TestDispatcherServlet - Completed initialization in 1 ms
2026-09-19 17:44:11.510 [main] INFO  c.c.e.w.c.AuthControllerIntegrationTest - Started AuthControllerIntegrationTest in 0.717 seconds (process running for 23.67)
2026-09-19 17:44:11.556 [main] WARN  c.c.e.c.e.GlobalExceptionHandler - Validation failed: email: Некорректный формат email; 
2026-09-19 17:44:11.578 [main] WARN  c.c.e.c.e.GlobalExceptionHandler - Validation failed: password: Пароль не может быть пустым; 
2026-09-19 17:44:11.891 [main] INFO  o.s.t.c.s.AnnotationConfigContextLoaderUtils - Could not detect default configuration classes for test class [com.crypto.exchange.web.security.JwtTokenProviderIntegrationTest]: JwtTokenProviderIntegrationTest does not declare any static, non-private, non-final, nested classes annotated with @Configuration.
2026-09-19 17:44:11.893 [main] INFO  o.s.b.t.c.SpringBootTestContextBootstrapper - Found @SpringBootConfiguration com.crypto.exchange.ExchangeApplication for test class com.crypto.exchange.web.security.JwtTokenProviderIntegrationTest
2026-09-19 17:44:12.410 [SpringApplicationShutdownHook] INFO  o.s.o.j.LocalContainerEntityManagerFactoryBean - Closing JPA EntityManagerFactory for persistence unit 'default'
2026-09-19 17:44:12.425 [SpringApplicationShutdownHook] INFO  com.zaxxer.hikari.HikariDataSource - HikariPool-1 - Shutdown initiated...
2026-09-19 17:44:12.427 [SpringApplicationShutdownHook] INFO  com.zaxxer.hikari.HikariDataSource - HikariPool-1 - Shutdown completed.
2026-09-19 17:44:12.433 [SpringApplicationShutdownHook] INFO  o.s.o.j.LocalContainerEntityManagerFactoryBean - Closing JPA EntityManagerFactory for persistence unit 'default'
2026-09-19 17:44:12.438 [SpringApplicationShutdownHook] INFO  com.zaxxer.hikari.HikariDataSource - HikariPool-2 - Shutdown initiated...
2026-09-19 17:44:12.440 [SpringApplicationShutdownHook] INFO  com.zaxxer.hikari.HikariDataSource - HikariPool-2 - Shutdown completed.
