2026-09-15 01:25:34.058 [background-preinit] INFO  o.h.validator.internal.util.Version - HV000001: Hibernate Validator 8.0.1.Final
2026-09-15 01:25:34.105 [restartedMain] INFO  c.c.exchange.ExchangeApplication - Starting ExchangeApplication using Java 23.0.2 with PID 5272 (E:\bsuirapp\exchange\target\classes started by AxlLN in E:\bsuirapp\exchange)
2026-09-15 01:25:34.105 [restartedMain] DEBUG c.c.exchange.ExchangeApplication - Running with Spring Boot v3.2.5, Spring v6.1.6
2026-09-15 01:25:34.106 [restartedMain] INFO  c.c.exchange.ExchangeApplication - No active profile set, falling back to 1 default profile: "default"
2026-09-15 01:25:34.170 [restartedMain] INFO  o.s.b.d.e.DevToolsPropertyDefaultsPostProcessor - Devtools property defaults active! Set 'spring.devtools.add-properties' to 'false' to disable
2026-09-15 01:25:34.170 [restartedMain] INFO  o.s.b.d.e.DevToolsPropertyDefaultsPostProcessor - For additional web related logging consider setting the 'logging.level.web' property to 'DEBUG'
2026-09-15 01:25:35.192 [restartedMain] INFO  o.s.d.r.c.RepositoryConfigurationDelegate - Bootstrapping Spring Data JPA repositories in DEFAULT mode.
2026-09-15 01:25:35.261 [restartedMain] INFO  o.s.d.r.c.RepositoryConfigurationDelegate - Finished Spring Data repository scanning in 62 ms. Found 6 JPA repository interfaces.
2026-09-15 01:25:35.587 [restartedMain] WARN  o.s.c.s.PostProcessorRegistrationDelegate$BeanPostProcessorChecker - Bean 'org.springframework.ws.config.annotation.DelegatingWsConfiguration' of type [org.springframework.ws.config.annotation.DelegatingWsConfiguration$$SpringCGLIB$$0] is not eligible for getting processed by all BeanPostProcessors (for example: not eligible for auto-proxying). The currently created BeanPostProcessor [annotationActionEndpointMapping] is declared through a non-static factory method on that class; consider declaring it as static instead.
2026-09-15 01:25:35.608 [restartedMain] INFO  o.s.w.s.a.s.AnnotationActionEndpointMapping - Supporting [WS-Addressing August 2004, WS-Addressing 1.0]
2026-09-15 01:25:36.026 [restartedMain] INFO  o.s.b.w.e.tomcat.TomcatWebServer - Tomcat initialized with port 8080 (http)
2026-09-15 01:25:36.040 [restartedMain] INFO  o.a.coyote.http11.Http11NioProtocol - Initializing ProtocolHandler ["http-nio-8080"]
2026-09-15 01:25:36.044 [restartedMain] INFO  o.a.catalina.core.StandardService - Starting service [Tomcat]
2026-09-15 01:25:36.045 [restartedMain] INFO  o.a.catalina.core.StandardEngine - Starting Servlet engine: [Apache Tomcat/10.1.20]
2026-09-15 01:25:36.109 [restartedMain] INFO  o.a.c.c.C.[Tomcat].[localhost].[/] - Initializing Spring embedded WebApplicationContext
2026-09-15 01:25:36.110 [restartedMain] INFO  o.s.b.w.s.c.ServletWebServerApplicationContext - Root WebApplicationContext: initialization completed in 1938 ms
2026-09-15 01:25:36.363 [restartedMain] INFO  o.h.jpa.internal.util.LogHelper - HHH000204: Processing PersistenceUnitInfo [name: default]
2026-09-15 01:25:36.424 [restartedMain] INFO  org.hibernate.Version - HHH000412: Hibernate ORM core version 6.4.4.Final
2026-09-15 01:25:36.459 [restartedMain] INFO  o.h.c.i.RegionFactoryInitiator - HHH000026: Second-level cache disabled
2026-09-15 01:25:36.749 [restartedMain] INFO  o.s.o.j.p.SpringPersistenceUnitInfo - No LoadTimeWeaver setup: ignoring JPA class transformer
2026-09-15 01:25:36.782 [restartedMain] INFO  com.zaxxer.hikari.HikariDataSource - HikariPool-1 - Starting...
2026-09-15 01:25:37.106 [restartedMain] INFO  com.zaxxer.hikari.pool.HikariPool - HikariPool-1 - Added connection org.postgresql.jdbc.PgConnection@787f251b
2026-09-15 01:25:37.108 [restartedMain] INFO  com.zaxxer.hikari.HikariDataSource - HikariPool-1 - Start completed.
2026-09-15 01:25:38.078 [restartedMain] INFO  o.h.e.t.j.p.i.JtaPlatformInitiator - HHH000489: No JTA platform available (set 'hibernate.transaction.jta.platform' to enable JTA platform integration)
2026-09-15 01:25:38.207 [restartedMain] INFO  o.s.o.j.LocalContainerEntityManagerFactoryBean - Initialized JPA EntityManagerFactory for persistence unit 'default'
2026-09-15 01:25:38.489 [restartedMain] INFO  o.s.d.j.r.query.QueryEnhancerFactory - Hibernate is in classpath; If applicable, HQL parser will be used.
2026-09-15 01:25:38.803 [restartedMain] WARN  o.s.b.a.o.j.JpaBaseConfiguration$JpaWebConfiguration - spring.jpa.open-in-view is enabled by default. Therefore, database queries may be performed during view rendering. Explicitly configure spring.jpa.open-in-view to disable this warning
2026-09-15 01:25:38.829 [restartedMain] WARN  o.s.b.a.s.s.UserDetailsServiceAutoConfiguration - 

Using generated security password: 93aec369-5dc9-4166-a7e6-f08fb163be35

This generated password is for development use only. Your security configuration must be updated before running your application in production.

2026-09-15 01:25:39.119 [restartedMain] INFO  o.s.s.web.DefaultSecurityFilterChain - Will secure any request with [org.springframework.security.web.session.DisableEncodeUrlFilter@16c9aa1a, org.springframework.security.web.context.request.async.WebAsyncManagerIntegrationFilter@7470f00d, org.springframework.security.web.context.SecurityContextHolderFilter@24112726, org.springframework.security.web.header.HeaderWriterFilter@2bf23708, org.springframework.web.filter.CorsFilter@71cf80fa, org.springframework.security.web.authentication.logout.LogoutFilter@78a66d67, org.springframework.security.web.savedrequest.RequestCacheAwareFilter@76fd7da5, org.springframework.security.web.servletapi.SecurityContextHolderAwareRequestFilter@6f5e3d83, org.springframework.security.web.authentication.AnonymousAuthenticationFilter@70dddb4a, org.springframework.security.web.access.ExceptionTranslationFilter@783e1736, org.springframework.security.web.access.intercept.AuthorizationFilter@69017b5d]
2026-09-15 01:25:39.514 [restartedMain] INFO  o.s.b.d.a.OptionalLiveReloadServer - LiveReload server is running on port 35729
2026-09-15 01:25:39.528 [restartedMain] INFO  o.a.coyote.http11.Http11NioProtocol - Starting ProtocolHandler ["http-nio-8080"]
2026-09-15 01:25:39.555 [restartedMain] INFO  o.s.b.w.e.tomcat.TomcatWebServer - Tomcat started on port 8080 (http) with context path ''
2026-09-15 01:25:39.568 [restartedMain] INFO  c.c.exchange.ExchangeApplication - Started ExchangeApplication in 5.986 seconds (process running for 6.437)
2026-09-15 01:25:39.573 [scheduling-1] INFO  c.c.e.core.aspect.LoggingAspect - Enter: com.crypto.exchange.core.service.CryptoInitializerService.scheduledPriceUpdate() with argument(s) = []
2026-09-15 01:25:39.573 [scheduling-1] INFO  c.c.e.c.s.CryptoInitializerService - Starting crypto price synchronization...
2026-09-15 01:25:40.276 [scheduling-1] INFO  c.c.e.c.s.CryptoInitializerService - Success! Updated 8 cryptocurrencies
2026-09-15 01:25:40.276 [scheduling-1] INFO  c.c.e.core.aspect.LoggingAspect - Exit: com.crypto.exchange.core.service.CryptoInitializerService.scheduledPriceUpdate() executed in 703 ms with result = null
2026-09-15 01:26:22.210 [SpringApplicationShutdownHook] INFO  o.s.o.j.LocalContainerEntityManagerFactoryBean - Closing JPA EntityManagerFactory for persistence unit 'default'
2026-09-15 01:26:22.214 [SpringApplicationShutdownHook] INFO  com.zaxxer.hikari.HikariDataSource - HikariPool-1 - Shutdown initiated...
2026-09-15 01:26:22.219 [SpringApplicationShutdownHook] INFO  com.zaxxer.hikari.HikariDataSource - HikariPool-1 - Shutdown completed.
2026-09-15 01:32:14.867 [background-preinit] INFO  o.h.validator.internal.util.Version - HV000001: Hibernate Validator 8.0.1.Final
2026-09-15 01:32:14.913 [restartedMain] INFO  c.c.exchange.ExchangeApplication - Starting ExchangeApplication using Java 23.0.2 with PID 13912 (E:\bsuirapp\exchange\target\classes started by AxlLN in E:\bsuirapp\exchange)
2026-09-15 01:32:14.913 [restartedMain] DEBUG c.c.exchange.ExchangeApplication - Running with Spring Boot v3.2.5, Spring v6.1.6
2026-09-15 01:32:14.914 [restartedMain] INFO  c.c.exchange.ExchangeApplication - No active profile set, falling back to 1 default profile: "default"
2026-09-15 01:32:14.983 [restartedMain] INFO  o.s.b.d.e.DevToolsPropertyDefaultsPostProcessor - Devtools property defaults active! Set 'spring.devtools.add-properties' to 'false' to disable
2026-09-15 01:32:14.983 [restartedMain] INFO  o.s.b.d.e.DevToolsPropertyDefaultsPostProcessor - For additional web related logging consider setting the 'logging.level.web' property to 'DEBUG'
2026-09-15 01:32:15.893 [restartedMain] INFO  o.s.d.r.c.RepositoryConfigurationDelegate - Bootstrapping Spring Data JPA repositories in DEFAULT mode.
2026-09-15 01:32:15.953 [restartedMain] INFO  o.s.d.r.c.RepositoryConfigurationDelegate - Finished Spring Data repository scanning in 53 ms. Found 6 JPA repository interfaces.
2026-09-15 01:32:16.303 [restartedMain] WARN  o.s.c.s.PostProcessorRegistrationDelegate$BeanPostProcessorChecker - Bean 'org.springframework.ws.config.annotation.DelegatingWsConfiguration' of type [org.springframework.ws.config.annotation.DelegatingWsConfiguration$$SpringCGLIB$$0] is not eligible for getting processed by all BeanPostProcessors (for example: not eligible for auto-proxying). The currently created BeanPostProcessor [annotationActionEndpointMapping] is declared through a non-static factory method on that class; consider declaring it as static instead.
2026-09-15 01:32:16.322 [restartedMain] INFO  o.s.w.s.a.s.AnnotationActionEndpointMapping - Supporting [WS-Addressing August 2004, WS-Addressing 1.0]
2026-09-15 01:32:16.720 [restartedMain] INFO  o.s.b.w.e.tomcat.TomcatWebServer - Tomcat initialized with port 8080 (http)
2026-09-15 01:32:16.731 [restartedMain] INFO  o.a.coyote.http11.Http11NioProtocol - Initializing ProtocolHandler ["http-nio-8080"]
2026-09-15 01:32:16.733 [restartedMain] INFO  o.a.catalina.core.StandardService - Starting service [Tomcat]
2026-09-15 01:32:16.733 [restartedMain] INFO  o.a.catalina.core.StandardEngine - Starting Servlet engine: [Apache Tomcat/10.1.20]
2026-09-15 01:32:16.795 [restartedMain] INFO  o.a.c.c.C.[Tomcat].[localhost].[/] - Initializing Spring embedded WebApplicationContext
2026-09-15 01:32:16.796 [restartedMain] INFO  o.s.b.w.s.c.ServletWebServerApplicationContext - Root WebApplicationContext: initialization completed in 1812 ms
2026-09-15 01:32:16.991 [restartedMain] INFO  o.h.jpa.internal.util.LogHelper - HHH000204: Processing PersistenceUnitInfo [name: default]
2026-09-15 01:32:17.042 [restartedMain] INFO  org.hibernate.Version - HHH000412: Hibernate ORM core version 6.4.4.Final
2026-09-15 01:32:17.073 [restartedMain] INFO  o.h.c.i.RegionFactoryInitiator - HHH000026: Second-level cache disabled
2026-09-15 01:32:17.271 [restartedMain] INFO  o.s.o.j.p.SpringPersistenceUnitInfo - No LoadTimeWeaver setup: ignoring JPA class transformer
2026-09-15 01:32:17.290 [restartedMain] INFO  com.zaxxer.hikari.HikariDataSource - HikariPool-1 - Starting...
2026-09-15 01:32:17.446 [restartedMain] INFO  com.zaxxer.hikari.pool.HikariPool - HikariPool-1 - Added connection org.postgresql.jdbc.PgConnection@21e93791
2026-09-15 01:32:17.448 [restartedMain] INFO  com.zaxxer.hikari.HikariDataSource - HikariPool-1 - Start completed.
2026-09-15 01:32:18.381 [restartedMain] INFO  o.h.e.t.j.p.i.JtaPlatformInitiator - HHH000489: No JTA platform available (set 'hibernate.transaction.jta.platform' to enable JTA platform integration)
2026-09-15 01:32:18.499 [restartedMain] INFO  o.s.o.j.LocalContainerEntityManagerFactoryBean - Initialized JPA EntityManagerFactory for persistence unit 'default'
2026-09-15 01:32:18.821 [restartedMain] INFO  o.s.d.j.r.query.QueryEnhancerFactory - Hibernate is in classpath; If applicable, HQL parser will be used.
2026-09-15 01:32:19.045 [restartedMain] WARN  o.s.b.a.o.j.JpaBaseConfiguration$JpaWebConfiguration - spring.jpa.open-in-view is enabled by default. Therefore, database queries may be performed during view rendering. Explicitly configure spring.jpa.open-in-view to disable this warning
2026-09-15 01:32:19.066 [restartedMain] WARN  o.s.b.a.s.s.UserDetailsServiceAutoConfiguration - 

Using generated security password: 4902dfcf-6f14-439c-a08f-8ffd3fede024

This generated password is for development use only. Your security configuration must be updated before running your application in production.

2026-09-15 01:32:19.345 [restartedMain] INFO  o.s.s.web.DefaultSecurityFilterChain - Will secure any request with [org.springframework.security.web.session.DisableEncodeUrlFilter@71cf80fa, org.springframework.security.web.context.request.async.WebAsyncManagerIntegrationFilter@70dddb4a, org.springframework.security.web.context.SecurityContextHolderFilter@76fd7da5, org.springframework.security.web.header.HeaderWriterFilter@4d5a9c0d, org.springframework.web.filter.CorsFilter@2b9f2631, org.springframework.security.web.authentication.logout.LogoutFilter@3cc405ed, org.springframework.security.web.savedrequest.RequestCacheAwareFilter@42db0f59, org.springframework.security.web.servletapi.SecurityContextHolderAwareRequestFilter@545a461f, org.springframework.security.web.authentication.AnonymousAuthenticationFilter@581c4bd7, org.springframework.security.web.access.ExceptionTranslationFilter@2bf23708, org.springframework.security.web.access.intercept.AuthorizationFilter@c61be4f]
2026-09-15 01:32:19.739 [restartedMain] INFO  o.s.b.d.a.OptionalLiveReloadServer - LiveReload server is running on port 35729
2026-09-15 01:32:19.755 [restartedMain] INFO  o.a.coyote.http11.Http11NioProtocol - Starting ProtocolHandler ["http-nio-8080"]
2026-09-15 01:32:19.771 [restartedMain] INFO  o.s.b.w.e.tomcat.TomcatWebServer - Tomcat started on port 8080 (http) with context path ''
2026-09-15 01:32:19.786 [restartedMain] INFO  c.c.exchange.ExchangeApplication - Started ExchangeApplication in 5.353 seconds (process running for 5.813)
2026-09-15 01:32:19.792 [scheduling-1] INFO  c.c.e.core.aspect.LoggingAspect - Enter: com.crypto.exchange.core.service.CryptoInitializerService.scheduledPriceUpdate() with argument(s) = []
2026-09-15 01:32:19.792 [scheduling-1] INFO  c.c.e.c.s.CryptoInitializerService - Starting crypto price synchronization...
2026-09-15 01:32:20.479 [scheduling-1] INFO  c.c.e.c.s.CryptoInitializerService - Success! Updated 8 cryptocurrencies
2026-09-15 01:32:20.480 [scheduling-1] INFO  c.c.e.core.aspect.LoggingAspect - Exit: com.crypto.exchange.core.service.CryptoInitializerService.scheduledPriceUpdate() executed in 688 ms with result = null
2026-09-15 01:32:43.629 [http-nio-8080-exec-1] INFO  o.a.c.c.C.[Tomcat].[localhost].[/] - Initializing Spring DispatcherServlet 'dispatcherServlet'
2026-09-15 01:32:43.630 [http-nio-8080-exec-1] INFO  o.s.web.servlet.DispatcherServlet - Initializing Servlet 'dispatcherServlet'
2026-09-15 01:32:43.631 [http-nio-8080-exec-1] INFO  o.s.web.servlet.DispatcherServlet - Completed initialization in 1 ms
2026-09-15 01:32:44.540 [http-nio-8080-exec-4] INFO  o.s.api.AbstractOpenApiResource - Init duration for springdoc-openapi is: 359 ms
2026-09-15 10:08:28.656 [HikariPool-1 housekeeper] WARN  com.zaxxer.hikari.pool.HikariPool - HikariPool-1 - Thread starvation or clock leap detected (housekeeper delta=8h32m37s964ms422µs400ns).
2026-09-15 12:38:05.385 [HikariPool-1 housekeeper] WARN  com.zaxxer.hikari.pool.HikariPool - HikariPool-1 - Thread starvation or clock leap detected (housekeeper delta=2h29m36s729ms55µs900ns).
2026-09-15 12:38:37.537 [scheduling-1] INFO  c.c.e.core.aspect.LoggingAspect - Enter: com.crypto.exchange.core.service.CryptoInitializerService.scheduledPriceUpdate() with argument(s) = []
2026-09-15 12:38:37.537 [scheduling-1] INFO  c.c.e.c.s.CryptoInitializerService - Starting crypto price synchronization...
2026-09-15 12:38:38.249 [scheduling-1] INFO  c.c.e.c.s.CryptoInitializerService - Success! Updated 8 cryptocurrencies
2026-09-15 12:38:38.250 [scheduling-1] INFO  c.c.e.core.aspect.LoggingAspect - Exit: com.crypto.exchange.core.service.CryptoInitializerService.scheduledPriceUpdate() executed in 713 ms with result = null
2026-09-15 12:38:38.250 [scheduling-1] INFO  c.c.e.core.aspect.LoggingAspect - Enter: com.crypto.exchange.core.service.CryptoInitializerService.scheduledPriceUpdate() with argument(s) = []
2026-09-15 12:38:38.250 [scheduling-1] INFO  c.c.e.c.s.CryptoInitializerService - Starting crypto price synchronization...
2026-09-15 12:38:38.637 [scheduling-1] INFO  c.c.e.c.s.CryptoInitializerService - Success! Updated 8 cryptocurrencies
2026-09-15 12:38:38.637 [scheduling-1] INFO  c.c.e.core.aspect.LoggingAspect - Exit: com.crypto.exchange.core.service.CryptoInitializerService.scheduledPriceUpdate() executed in 387 ms with result = null
2026-09-15 12:38:38.638 [scheduling-1] INFO  c.c.e.core.aspect.LoggingAspect - Enter: com.crypto.exchange.core.service.CryptoInitializerService.scheduledPriceUpdate() with argument(s) = []
2026-09-15 12:38:38.638 [scheduling-1] INFO  c.c.e.c.s.CryptoInitializerService - Starting crypto price synchronization...
2026-09-15 12:38:38.903 [scheduling-1] INFO  c.c.e.c.s.CryptoInitializerService - Success! Updated 8 cryptocurrencies
2026-09-15 12:38:38.904 [scheduling-1] INFO  c.c.e.core.aspect.LoggingAspect - Exit: com.crypto.exchange.core.service.CryptoInitializerService.scheduledPriceUpdate() executed in 266 ms with result = null
2026-09-15 12:38:38.904 [scheduling-1] INFO  c.c.e.core.aspect.LoggingAspect - Enter: com.crypto.exchange.core.service.CryptoInitializerService.scheduledPriceUpdate() with argument(s) = []
2026-09-15 12:38:38.904 [scheduling-1] INFO  c.c.e.c.s.CryptoInitializerService - Starting crypto price synchronization...
2026-09-15 12:38:39.086 [scheduling-1] INFO  c.c.e.c.s.CryptoInitializerService - Success! Updated 8 cryptocurrencies
2026-09-15 12:38:39.087 [scheduling-1] INFO  c.c.e.core.aspect.LoggingAspect - Exit: com.crypto.exchange.core.service.CryptoInitializerService.scheduledPriceUpdate() executed in 183 ms with result = null
2026-09-15 12:38:39.088 [scheduling-1] INFO  c.c.e.core.aspect.LoggingAspect - Enter: com.crypto.exchange.core.service.CryptoInitializerService.scheduledPriceUpdate() with argument(s) = []
2026-09-15 12:38:39.088 [scheduling-1] INFO  c.c.e.c.s.CryptoInitializerService - Starting crypto price synchronization...
2026-09-15 12:38:39.227 [scheduling-1] INFO  c.c.e.c.s.CryptoInitializerService - Success! Updated 8 cryptocurrencies
2026-09-15 12:38:39.228 [scheduling-1] INFO  c.c.e.core.aspect.LoggingAspect - Exit: com.crypto.exchange.core.service.CryptoInitializerService.scheduledPriceUpdate() executed in 140 ms with result = null
2026-09-15 12:38:39.228 [scheduling-1] INFO  c.c.e.core.aspect.LoggingAspect - Enter: com.crypto.exchange.core.service.CryptoInitializerService.scheduledPriceUpdate() with argument(s) = []
2026-09-15 12:38:39.228 [scheduling-1] INFO  c.c.e.c.s.CryptoInitializerService - Starting crypto price synchronization...
2026-09-15 12:38:39.305 [scheduling-1] INFO  c.c.e.c.s.CryptoInitializerService - Success! Updated 8 cryptocurrencies
2026-09-15 12:38:39.305 [scheduling-1] INFO  c.c.e.core.aspect.LoggingAspect - Exit: com.crypto.exchange.core.service.CryptoInitializerService.scheduledPriceUpdate() executed in 77 ms with result = null
2026-09-15 12:38:39.306 [scheduling-1] INFO  c.c.e.core.aspect.LoggingAspect - Enter: com.crypto.exchange.core.service.CryptoInitializerService.scheduledPriceUpdate() with argument(s) = []
2026-09-15 12:38:39.306 [scheduling-1] INFO  c.c.e.c.s.CryptoInitializerService - Starting crypto price synchronization...
2026-09-15 12:38:39.436 [scheduling-1] INFO  c.c.e.c.s.CryptoInitializerService - Success! Updated 8 cryptocurrencies
2026-09-15 12:38:39.436 [scheduling-1] INFO  c.c.e.core.aspect.LoggingAspect - Exit: com.crypto.exchange.core.service.CryptoInitializerService.scheduledPriceUpdate() executed in 130 ms with result = null
2026-09-15 12:38:39.436 [scheduling-1] INFO  c.c.e.core.aspect.LoggingAspect - Enter: com.crypto.exchange.core.service.CryptoInitializerService.scheduledPriceUpdate() with argument(s) = []
2026-09-15 12:38:39.436 [scheduling-1] INFO  c.c.e.c.s.CryptoInitializerService - Starting crypto price synchronization...
2026-09-15 12:38:39.509 [scheduling-1] INFO  c.c.e.c.s.CryptoInitializerService - Success! Updated 8 cryptocurrencies
2026-09-15 12:38:39.510 [scheduling-1] INFO  c.c.e.core.aspect.LoggingAspect - Exit: com.crypto.exchange.core.service.CryptoInitializerService.scheduledPriceUpdate() executed in 74 ms with result = null
2026-09-15 12:38:39.510 [scheduling-1] INFO  c.c.e.core.aspect.LoggingAspect - Enter: com.crypto.exchange.core.service.CryptoInitializerService.scheduledPriceUpdate() with argument(s) = []
2026-09-15 12:38:39.510 [scheduling-1] INFO  c.c.e.c.s.CryptoInitializerService - Starting crypto price synchronization...
2026-09-15 12:38:39.588 [scheduling-1] INFO  c.c.e.c.s.CryptoInitializerService - Success! Updated 8 cryptocurrencies
2026-09-15 12:38:39.589 [scheduling-1] INFO  c.c.e.core.aspect.LoggingAspect - Exit: com.crypto.exchange.core.service.CryptoInitializerService.scheduledPriceUpdate() executed in 79 ms with result = null
2026-09-15 12:38:39.589 [scheduling-1] INFO  c.c.e.core.aspect.LoggingAspect - Enter: com.crypto.exchange.core.service.CryptoInitializerService.scheduledPriceUpdate() with argument(s) = []
2026-09-15 12:38:39.589 [scheduling-1] INFO  c.c.e.c.s.CryptoInitializerService - Starting crypto price synchronization...
2026-09-15 12:38:39.670 [scheduling-1] INFO  c.c.e.c.s.CryptoInitializerService - Success! Updated 8 cryptocurrencies
2026-09-15 12:38:39.670 [scheduling-1] INFO  c.c.e.core.aspect.LoggingAspect - Exit: com.crypto.exchange.core.service.CryptoInitializerService.scheduledPriceUpdate() executed in 81 ms with result = null
2026-09-15 12:38:39.671 [scheduling-1] INFO  c.c.e.core.aspect.LoggingAspect - Enter: com.crypto.exchange.core.service.CryptoInitializerService.scheduledPriceUpdate() with argument(s) = []
2026-09-15 12:38:39.671 [scheduling-1] INFO  c.c.e.c.s.CryptoInitializerService - Starting crypto price synchronization...
2026-09-15 12:38:39.772 [scheduling-1] INFO  c.c.e.c.s.CryptoInitializerService - Success! Updated 8 cryptocurrencies
2026-09-15 12:38:39.772 [scheduling-1] INFO  c.c.e.core.aspect.LoggingAspect - Exit: com.crypto.exchange.core.service.CryptoInitializerService.scheduledPriceUpdate() executed in 101 ms with result = null
2026-09-15 12:38:39.772 [scheduling-1] INFO  c.c.e.core.aspect.LoggingAspect - Enter: com.crypto.exchange.core.service.CryptoInitializerService.scheduledPriceUpdate() with argument(s) = []
2026-09-15 12:38:39.772 [scheduling-1] INFO  c.c.e.c.s.CryptoInitializerService - Starting crypto price synchronization...
2026-09-15 12:38:39.847 [scheduling-1] INFO  c.c.e.c.s.CryptoInitializerService - Success! Updated 8 cryptocurrencies
2026-09-15 12:38:39.847 [scheduling-1] INFO  c.c.e.core.aspect.LoggingAspect - Exit: com.crypto.exchange.core.service.CryptoInitializerService.scheduledPriceUpdate() executed in 75 ms with result = null
2026-09-15 12:38:39.847 [scheduling-1] INFO  c.c.e.core.aspect.LoggingAspect - Enter: com.crypto.exchange.core.service.CryptoInitializerService.scheduledPriceUpdate() with argument(s) = []
2026-09-15 12:38:39.848 [scheduling-1] INFO  c.c.e.c.s.CryptoInitializerService - Starting crypto price synchronization...
2026-09-15 12:38:39.942 [scheduling-1] INFO  c.c.e.c.s.CryptoInitializerService - Success! Updated 8 cryptocurrencies
2026-09-15 12:38:39.943 [scheduling-1] INFO  c.c.e.core.aspect.LoggingAspect - Exit: com.crypto.exchange.core.service.CryptoInitializerService.scheduledPriceUpdate() executed in 96 ms with result = null
2026-09-15 12:38:39.943 [scheduling-1] INFO  c.c.e.core.aspect.LoggingAspect - Enter: com.crypto.exchange.core.service.CryptoInitializerService.scheduledPriceUpdate() with argument(s) = []
2026-09-15 12:38:39.943 [scheduling-1] INFO  c.c.e.c.s.CryptoInitializerService - Starting crypto price synchronization...
2026-09-15 12:38:40.029 [scheduling-1] INFO  c.c.e.c.s.CryptoInitializerService - Success! Updated 8 cryptocurrencies
2026-09-15 12:38:40.029 [scheduling-1] INFO  c.c.e.core.aspect.LoggingAspect - Exit: com.crypto.exchange.core.service.CryptoInitializerService.scheduledPriceUpdate() executed in 86 ms with result = null
2026-09-15 12:38:40.029 [scheduling-1] INFO  c.c.e.core.aspect.LoggingAspect - Enter: com.crypto.exchange.core.service.CryptoInitializerService.scheduledPriceUpdate() with argument(s) = []
2026-09-15 12:38:40.029 [scheduling-1] INFO  c.c.e.c.s.CryptoInitializerService - Starting crypto price synchronization...
2026-09-15 12:38:40.124 [scheduling-1] INFO  c.c.e.c.s.CryptoInitializerService - Success! Updated 8 cryptocurrencies
2026-09-15 12:38:40.124 [scheduling-1] INFO  c.c.e.core.aspect.LoggingAspect - Exit: com.crypto.exchange.core.service.CryptoInitializerService.scheduledPriceUpdate() executed in 95 ms with result = null
2026-09-15 12:38:40.125 [scheduling-1] INFO  c.c.e.core.aspect.LoggingAspect - Enter: com.crypto.exchange.core.service.CryptoInitializerService.scheduledPriceUpdate() with argument(s) = []
2026-09-15 12:38:40.125 [scheduling-1] INFO  c.c.e.c.s.CryptoInitializerService - Starting crypto price synchronization...
2026-09-15 12:38:40.207 [scheduling-1] INFO  c.c.e.c.s.CryptoInitializerService - Success! Updated 8 cryptocurrencies
2026-09-15 12:38:40.207 [scheduling-1] INFO  c.c.e.core.aspect.LoggingAspect - Exit: com.crypto.exchange.core.service.CryptoInitializerService.scheduledPriceUpdate() executed in 82 ms with result = null
2026-09-15 12:38:40.209 [scheduling-1] INFO  c.c.e.core.aspect.LoggingAspect - Enter: com.crypto.exchange.core.service.CryptoInitializerService.scheduledPriceUpdate() with argument(s) = []
2026-09-15 12:38:40.209 [scheduling-1] INFO  c.c.e.c.s.CryptoInitializerService - Starting crypto price synchronization...
2026-09-15 12:38:40.450 [scheduling-1] INFO  c.c.e.c.s.CryptoInitializerService - Success! Updated 8 cryptocurrencies
2026-09-15 12:38:40.451 [scheduling-1] INFO  c.c.e.core.aspect.LoggingAspect - Exit: com.crypto.exchange.core.service.CryptoInitializerService.scheduledPriceUpdate() executed in 242 ms with result = null
2026-09-15 12:38:40.451 [scheduling-1] INFO  c.c.e.core.aspect.LoggingAspect - Enter: com.crypto.exchange.core.service.CryptoInitializerService.scheduledPriceUpdate() with argument(s) = []
2026-09-15 12:38:40.451 [scheduling-1] INFO  c.c.e.c.s.CryptoInitializerService - Starting crypto price synchronization...
2026-09-15 12:38:40.603 [scheduling-1] INFO  c.c.e.c.s.CryptoInitializerService - Success! Updated 8 cryptocurrencies
2026-09-15 12:38:40.603 [scheduling-1] INFO  c.c.e.core.aspect.LoggingAspect - Exit: com.crypto.exchange.core.service.CryptoInitializerService.scheduledPriceUpdate() executed in 152 ms with result = null
2026-09-15 12:38:40.604 [scheduling-1] INFO  c.c.e.core.aspect.LoggingAspect - Enter: com.crypto.exchange.core.service.CryptoInitializerService.scheduledPriceUpdate() with argument(s) = []
2026-09-15 12:38:40.604 [scheduling-1] INFO  c.c.e.c.s.CryptoInitializerService - Starting crypto price synchronization...
2026-09-15 12:38:40.777 [scheduling-1] INFO  c.c.e.c.s.CryptoInitializerService - Success! Updated 8 cryptocurrencies
2026-09-15 12:38:40.778 [scheduling-1] INFO  c.c.e.core.aspect.LoggingAspect - Exit: com.crypto.exchange.core.service.CryptoInitializerService.scheduledPriceUpdate() executed in 174 ms with result = null
2026-09-15 12:38:40.778 [scheduling-1] INFO  c.c.e.core.aspect.LoggingAspect - Enter: com.crypto.exchange.core.service.CryptoInitializerService.scheduledPriceUpdate() with argument(s) = []
2026-09-15 12:38:40.778 [scheduling-1] INFO  c.c.e.c.s.CryptoInitializerService - Starting crypto price synchronization...
2026-09-15 12:38:40.847 [scheduling-1] INFO  c.c.e.c.s.CryptoInitializerService - Success! Updated 8 cryptocurrencies
2026-09-15 12:38:40.848 [scheduling-1] INFO  c.c.e.core.aspect.LoggingAspect - Exit: com.crypto.exchange.core.service.CryptoInitializerService.scheduledPriceUpdate() executed in 70 ms with result = null
2026-09-15 12:38:40.848 [scheduling-1] INFO  c.c.e.core.aspect.LoggingAspect - Enter: com.crypto.exchange.core.service.CryptoInitializerService.scheduledPriceUpdate() with argument(s) = []
2026-09-15 12:38:40.848 [scheduling-1] INFO  c.c.e.c.s.CryptoInitializerService - Starting crypto price synchronization...
2026-09-15 12:38:40.931 [scheduling-1] INFO  c.c.e.c.s.CryptoInitializerService - Success! Updated 8 cryptocurrencies
2026-09-15 12:38:40.931 [scheduling-1] INFO  c.c.e.core.aspect.LoggingAspect - Exit: com.crypto.exchange.core.service.CryptoInitializerService.scheduledPriceUpdate() executed in 83 ms with result = null
2026-09-15 12:38:40.931 [scheduling-1] INFO  c.c.e.core.aspect.LoggingAspect - Enter: com.crypto.exchange.core.service.CryptoInitializerService.scheduledPriceUpdate() with argument(s) = []
2026-09-15 12:38:40.931 [scheduling-1] INFO  c.c.e.c.s.CryptoInitializerService - Starting crypto price synchronization...
2026-09-15 12:38:40.999 [scheduling-1] INFO  c.c.e.c.s.CryptoInitializerService - Success! Updated 8 cryptocurrencies
2026-09-15 12:38:40.999 [scheduling-1] INFO  c.c.e.core.aspect.LoggingAspect - Exit: com.crypto.exchange.core.service.CryptoInitializerService.scheduledPriceUpdate() executed in 68 ms with result = null
2026-09-15 12:38:40.999 [scheduling-1] INFO  c.c.e.core.aspect.LoggingAspect - Enter: com.crypto.exchange.core.service.CryptoInitializerService.scheduledPriceUpdate() with argument(s) = []
2026-09-15 12:38:40.999 [scheduling-1] INFO  c.c.e.c.s.CryptoInitializerService - Starting crypto price synchronization...
2026-09-15 12:38:41.060 [scheduling-1] INFO  c.c.e.c.s.CryptoInitializerService - Success! Updated 8 cryptocurrencies
2026-09-15 12:38:41.060 [scheduling-1] INFO  c.c.e.core.aspect.LoggingAspect - Exit: com.crypto.exchange.core.service.CryptoInitializerService.scheduledPriceUpdate() executed in 61 ms with result = null
2026-09-15 12:38:41.060 [scheduling-1] INFO  c.c.e.core.aspect.LoggingAspect - Enter: com.crypto.exchange.core.service.CryptoInitializerService.scheduledPriceUpdate() with argument(s) = []
2026-09-15 12:38:41.060 [scheduling-1] INFO  c.c.e.c.s.CryptoInitializerService - Starting crypto price synchronization...
2026-09-15 12:38:41.214 [scheduling-1] INFO  c.c.e.c.s.CryptoInitializerService - Success! Updated 8 cryptocurrencies
2026-09-15 12:38:41.214 [scheduling-1] INFO  c.c.e.core.aspect.LoggingAspect - Exit: com.crypto.exchange.core.service.CryptoInitializerService.scheduledPriceUpdate() executed in 154 ms with result = null
2026-09-15 12:38:41.214 [scheduling-1] INFO  c.c.e.core.aspect.LoggingAspect - Enter: com.crypto.exchange.core.service.CryptoInitializerService.scheduledPriceUpdate() with argument(s) = []
2026-09-15 12:38:41.214 [scheduling-1] INFO  c.c.e.c.s.CryptoInitializerService - Starting crypto price synchronization...
2026-09-15 12:38:41.268 [scheduling-1] INFO  c.c.e.c.s.CryptoInitializerService - Success! Updated 8 cryptocurrencies
2026-09-15 12:38:41.268 [scheduling-1] INFO  c.c.e.core.aspect.LoggingAspect - Exit: com.crypto.exchange.core.service.CryptoInitializerService.scheduledPriceUpdate() executed in 54 ms with result = null
2026-09-15 12:38:41.268 [scheduling-1] INFO  c.c.e.core.aspect.LoggingAspect - Enter: com.crypto.exchange.core.service.CryptoInitializerService.scheduledPriceUpdate() with argument(s) = []
2026-09-15 12:38:41.268 [scheduling-1] INFO  c.c.e.c.s.CryptoInitializerService - Starting crypto price synchronization...
2026-09-15 12:38:41.333 [scheduling-1] INFO  c.c.e.c.s.CryptoInitializerService - Success! Updated 8 cryptocurrencies
2026-09-15 12:38:41.333 [scheduling-1] INFO  c.c.e.core.aspect.LoggingAspect - Exit: com.crypto.exchange.core.service.CryptoInitializerService.scheduledPriceUpdate() executed in 65 ms with result = null
2026-09-15 12:38:41.333 [scheduling-1] INFO  c.c.e.core.aspect.LoggingAspect - Enter: com.crypto.exchange.core.service.CryptoInitializerService.scheduledPriceUpdate() with argument(s) = []
2026-09-15 12:38:41.333 [scheduling-1] INFO  c.c.e.c.s.CryptoInitializerService - Starting crypto price synchronization...
2026-09-15 12:38:41.394 [scheduling-1] INFO  c.c.e.c.s.CryptoInitializerService - Success! Updated 8 cryptocurrencies
2026-09-15 12:38:41.394 [scheduling-1] INFO  c.c.e.core.aspect.LoggingAspect - Exit: com.crypto.exchange.core.service.CryptoInitializerService.scheduledPriceUpdate() executed in 61 ms with result = null
2026-09-15 12:38:41.395 [scheduling-1] INFO  c.c.e.core.aspect.LoggingAspect - Enter: com.crypto.exchange.core.service.CryptoInitializerService.scheduledPriceUpdate() with argument(s) = []
2026-09-15 12:38:41.395 [scheduling-1] INFO  c.c.e.c.s.CryptoInitializerService - Starting crypto price synchronization...
2026-09-15 12:38:41.461 [scheduling-1] INFO  c.c.e.c.s.CryptoInitializerService - Success! Updated 8 cryptocurrencies
2026-09-15 12:38:41.461 [scheduling-1] INFO  c.c.e.core.aspect.LoggingAspect - Exit: com.crypto.exchange.core.service.CryptoInitializerService.scheduledPriceUpdate() executed in 66 ms with result = null
2026-09-15 12:38:41.461 [scheduling-1] INFO  c.c.e.core.aspect.LoggingAspect - Enter: com.crypto.exchange.core.service.CryptoInitializerService.scheduledPriceUpdate() with argument(s) = []
2026-09-15 12:38:41.461 [scheduling-1] INFO  c.c.e.c.s.CryptoInitializerService - Starting crypto price synchronization...
2026-09-15 12:38:41.523 [scheduling-1] INFO  c.c.e.c.s.CryptoInitializerService - Success! Updated 8 cryptocurrencies
2026-09-15 12:38:41.523 [scheduling-1] INFO  c.c.e.core.aspect.LoggingAspect - Exit: com.crypto.exchange.core.service.CryptoInitializerService.scheduledPriceUpdate() executed in 62 ms with result = null
2026-09-15 12:38:41.523 [scheduling-1] INFO  c.c.e.core.aspect.LoggingAspect - Enter: com.crypto.exchange.core.service.CryptoInitializerService.scheduledPriceUpdate() with argument(s) = []
2026-09-15 12:38:41.523 [scheduling-1] INFO  c.c.e.c.s.CryptoInitializerService - Starting crypto price synchronization...
2026-09-15 12:38:41.595 [scheduling-1] INFO  c.c.e.c.s.CryptoInitializerService - Success! Updated 8 cryptocurrencies
2026-09-15 12:38:41.595 [scheduling-1] INFO  c.c.e.core.aspect.LoggingAspect - Exit: com.crypto.exchange.core.service.CryptoInitializerService.scheduledPriceUpdate() executed in 72 ms with result = null
2026-09-15 12:38:41.595 [scheduling-1] INFO  c.c.e.core.aspect.LoggingAspect - Enter: com.crypto.exchange.core.service.CryptoInitializerService.scheduledPriceUpdate() with argument(s) = []
2026-09-15 12:38:41.595 [scheduling-1] INFO  c.c.e.c.s.CryptoInitializerService - Starting crypto price synchronization...
2026-09-15 12:38:41.752 [scheduling-1] INFO  c.c.e.c.s.CryptoInitializerService - Success! Updated 8 cryptocurrencies
2026-09-15 12:38:41.753 [scheduling-1] INFO  c.c.e.core.aspect.LoggingAspect - Exit: com.crypto.exchange.core.service.CryptoInitializerService.scheduledPriceUpdate() executed in 158 ms with result = null
2026-09-15 12:38:41.753 [scheduling-1] INFO  c.c.e.core.aspect.LoggingAspect - Enter: com.crypto.exchange.core.service.CryptoInitializerService.scheduledPriceUpdate() with argument(s) = []
2026-09-15 12:38:41.753 [scheduling-1] INFO  c.c.e.c.s.CryptoInitializerService - Starting crypto price synchronization...
2026-09-15 12:38:41.833 [scheduling-1] INFO  c.c.e.c.s.CryptoInitializerService - Success! Updated 8 cryptocurrencies
2026-09-15 12:38:41.833 [scheduling-1] INFO  c.c.e.core.aspect.LoggingAspect - Exit: com.crypto.exchange.core.service.CryptoInitializerService.scheduledPriceUpdate() executed in 80 ms with result = null
2026-09-15 12:38:41.833 [scheduling-1] INFO  c.c.e.core.aspect.LoggingAspect - Enter: com.crypto.exchange.core.service.CryptoInitializerService.scheduledPriceUpdate() with argument(s) = []
2026-09-15 12:38:41.833 [scheduling-1] INFO  c.c.e.c.s.CryptoInitializerService - Starting crypto price synchronization...
2026-09-15 12:38:41.904 [scheduling-1] INFO  c.c.e.c.s.CryptoInitializerService - Success! Updated 8 cryptocurrencies
2026-09-15 12:38:41.904 [scheduling-1] INFO  c.c.e.core.aspect.LoggingAspect - Exit: com.crypto.exchange.core.service.CryptoInitializerService.scheduledPriceUpdate() executed in 71 ms with result = null
2026-09-15 12:38:41.905 [scheduling-1] INFO  c.c.e.core.aspect.LoggingAspect - Enter: com.crypto.exchange.core.service.CryptoInitializerService.scheduledPriceUpdate() with argument(s) = []
2026-09-15 12:38:41.905 [scheduling-1] INFO  c.c.e.c.s.CryptoInitializerService - Starting crypto price synchronization...
2026-09-15 12:38:41.974 [scheduling-1] INFO  c.c.e.c.s.CryptoInitializerService - Success! Updated 8 cryptocurrencies
2026-09-15 12:38:41.975 [scheduling-1] INFO  c.c.e.core.aspect.LoggingAspect - Exit: com.crypto.exchange.core.service.CryptoInitializerService.scheduledPriceUpdate() executed in 69 ms with result = null
2026-09-15 12:38:41.975 [scheduling-1] INFO  c.c.e.core.aspect.LoggingAspect - Enter: com.crypto.exchange.core.service.CryptoInitializerService.scheduledPriceUpdate() with argument(s) = []
2026-09-15 12:38:41.975 [scheduling-1] INFO  c.c.e.c.s.CryptoInitializerService - Starting crypto price synchronization...
2026-09-15 12:38:42.111 [scheduling-1] INFO  c.c.e.c.s.CryptoInitializerService - Success! Updated 8 cryptocurrencies
2026-09-15 12:38:42.112 [scheduling-1] INFO  c.c.e.core.aspect.LoggingAspect - Exit: com.crypto.exchange.core.service.CryptoInitializerService.scheduledPriceUpdate() executed in 137 ms with result = null
2026-09-15 12:38:42.112 [scheduling-1] INFO  c.c.e.core.aspect.LoggingAspect - Enter: com.crypto.exchange.core.service.CryptoInitializerService.scheduledPriceUpdate() with argument(s) = []
2026-09-15 12:38:42.112 [scheduling-1] INFO  c.c.e.c.s.CryptoInitializerService - Starting crypto price synchronization...
2026-09-15 12:38:42.174 [scheduling-1] INFO  c.c.e.c.s.CryptoInitializerService - Success! Updated 8 cryptocurrencies
2026-09-15 12:38:42.174 [scheduling-1] INFO  c.c.e.core.aspect.LoggingAspect - Exit: com.crypto.exchange.core.service.CryptoInitializerService.scheduledPriceUpdate() executed in 62 ms with result = null
2026-09-15 12:38:42.174 [scheduling-1] INFO  c.c.e.core.aspect.LoggingAspect - Enter: com.crypto.exchange.core.service.CryptoInitializerService.scheduledPriceUpdate() with argument(s) = []
2026-09-15 12:38:42.174 [scheduling-1] INFO  c.c.e.c.s.CryptoInitializerService - Starting crypto price synchronization...
2026-09-15 12:38:42.302 [scheduling-1] INFO  c.c.e.c.s.CryptoInitializerService - Success! Updated 8 cryptocurrencies
2026-09-15 12:38:42.302 [scheduling-1] INFO  c.c.e.core.aspect.LoggingAspect - Exit: com.crypto.exchange.core.service.CryptoInitializerService.scheduledPriceUpdate() executed in 128 ms with result = null
2026-09-15 12:38:42.302 [scheduling-1] INFO  c.c.e.core.aspect.LoggingAspect - Enter: com.crypto.exchange.core.service.CryptoInitializerService.scheduledPriceUpdate() with argument(s) = []
2026-09-15 12:38:42.302 [scheduling-1] INFO  c.c.e.c.s.CryptoInitializerService - Starting crypto price synchronization...
2026-09-15 12:38:42.362 [scheduling-1] INFO  c.c.e.c.s.CryptoInitializerService - Success! Updated 8 cryptocurrencies
2026-09-15 12:38:42.363 [scheduling-1] INFO  c.c.e.core.aspect.LoggingAspect - Exit: com.crypto.exchange.core.service.CryptoInitializerService.scheduledPriceUpdate() executed in 61 ms with result = null
2026-09-15 12:38:42.363 [scheduling-1] INFO  c.c.e.core.aspect.LoggingAspect - Enter: com.crypto.exchange.core.service.CryptoInitializerService.scheduledPriceUpdate() with argument(s) = []
2026-09-15 12:38:42.363 [scheduling-1] INFO  c.c.e.c.s.CryptoInitializerService - Starting crypto price synchronization...
2026-09-15 12:38:42.436 [scheduling-1] INFO  c.c.e.c.s.CryptoInitializerService - Success! Updated 8 cryptocurrencies
2026-09-15 12:38:42.436 [scheduling-1] INFO  c.c.e.core.aspect.LoggingAspect - Exit: com.crypto.exchange.core.service.CryptoInitializerService.scheduledPriceUpdate() executed in 73 ms with result = null
2026-09-15 12:38:42.436 [scheduling-1] INFO  c.c.e.core.aspect.LoggingAspect - Enter: com.crypto.exchange.core.service.CryptoInitializerService.scheduledPriceUpdate() with argument(s) = []
2026-09-15 12:38:42.436 [scheduling-1] INFO  c.c.e.c.s.CryptoInitializerService - Starting crypto price synchronization...
2026-09-15 12:38:42.491 [scheduling-1] INFO  c.c.e.c.s.CryptoInitializerService - Success! Updated 8 cryptocurrencies
2026-09-15 12:38:42.491 [scheduling-1] INFO  c.c.e.core.aspect.LoggingAspect - Exit: com.crypto.exchange.core.service.CryptoInitializerService.scheduledPriceUpdate() executed in 55 ms with result = null
2026-09-15 12:38:42.491 [scheduling-1] INFO  c.c.e.core.aspect.LoggingAspect - Enter: com.crypto.exchange.core.service.CryptoInitializerService.scheduledPriceUpdate() with argument(s) = []
2026-09-15 12:38:42.491 [scheduling-1] INFO  c.c.e.c.s.CryptoInitializerService - Starting crypto price synchronization...
2026-09-15 12:38:42.557 [scheduling-1] INFO  c.c.e.c.s.CryptoInitializerService - Success! Updated 8 cryptocurrencies
2026-09-15 12:38:42.557 [scheduling-1] INFO  c.c.e.core.aspect.LoggingAspect - Exit: com.crypto.exchange.core.service.CryptoInitializerService.scheduledPriceUpdate() executed in 66 ms with result = null
2026-09-15 12:38:42.557 [scheduling-1] INFO  c.c.e.core.aspect.LoggingAspect - Enter: com.crypto.exchange.core.service.CryptoInitializerService.scheduledPriceUpdate() with argument(s) = []
2026-09-15 12:38:42.557 [scheduling-1] INFO  c.c.e.c.s.CryptoInitializerService - Starting crypto price synchronization...
2026-09-15 12:38:42.617 [scheduling-1] INFO  c.c.e.c.s.CryptoInitializerService - Success! Updated 8 cryptocurrencies
2026-09-15 12:38:42.617 [scheduling-1] INFO  c.c.e.core.aspect.LoggingAspect - Exit: com.crypto.exchange.core.service.CryptoInitializerService.scheduledPriceUpdate() executed in 60 ms with result = null
2026-09-15 12:38:42.618 [scheduling-1] INFO  c.c.e.core.aspect.LoggingAspect - Enter: com.crypto.exchange.core.service.CryptoInitializerService.scheduledPriceUpdate() with argument(s) = []
2026-09-15 12:38:42.618 [scheduling-1] INFO  c.c.e.c.s.CryptoInitializerService - Starting crypto price synchronization...
2026-09-15 12:38:42.666 [scheduling-1] INFO  c.c.e.c.s.CryptoInitializerService - Success! Updated 8 cryptocurrencies
2026-09-15 12:38:42.666 [scheduling-1] INFO  c.c.e.core.aspect.LoggingAspect - Exit: com.crypto.exchange.core.service.CryptoInitializerService.scheduledPriceUpdate() executed in 48 ms with result = null
2026-09-15 12:38:42.667 [scheduling-1] INFO  c.c.e.core.aspect.LoggingAspect - Enter: com.crypto.exchange.core.service.CryptoInitializerService.scheduledPriceUpdate() with argument(s) = []
2026-09-15 12:38:42.667 [scheduling-1] INFO  c.c.e.c.s.CryptoInitializerService - Starting crypto price synchronization...
2026-09-15 12:38:42.720 [scheduling-1] INFO  c.c.e.c.s.CryptoInitializerService - Success! Updated 8 cryptocurrencies
2026-09-15 12:38:42.721 [scheduling-1] INFO  c.c.e.core.aspect.LoggingAspect - Exit: com.crypto.exchange.core.service.CryptoInitializerService.scheduledPriceUpdate() executed in 54 ms with result = null
2026-09-15 12:38:42.721 [scheduling-1] INFO  c.c.e.core.aspect.LoggingAspect - Enter: com.crypto.exchange.core.service.CryptoInitializerService.scheduledPriceUpdate() with argument(s) = []
2026-09-15 12:38:42.721 [scheduling-1] INFO  c.c.e.c.s.CryptoInitializerService - Starting crypto price synchronization...
2026-09-15 12:38:42.788 [scheduling-1] INFO  c.c.e.c.s.CryptoInitializerService - Success! Updated 8 cryptocurrencies
2026-09-15 12:38:42.789 [scheduling-1] INFO  c.c.e.core.aspect.LoggingAspect - Exit: com.crypto.exchange.core.service.CryptoInitializerService.scheduledPriceUpdate() executed in 68 ms with result = null
2026-09-15 12:38:42.789 [scheduling-1] INFO  c.c.e.core.aspect.LoggingAspect - Enter: com.crypto.exchange.core.service.CryptoInitializerService.scheduledPriceUpdate() with argument(s) = []
2026-09-15 12:38:42.789 [scheduling-1] INFO  c.c.e.c.s.CryptoInitializerService - Starting crypto price synchronization...
2026-09-15 12:38:42.851 [scheduling-1] INFO  c.c.e.c.s.CryptoInitializerService - Success! Updated 8 cryptocurrencies
2026-09-15 12:38:42.852 [scheduling-1] INFO  c.c.e.core.aspect.LoggingAspect - Exit: com.crypto.exchange.core.service.CryptoInitializerService.scheduledPriceUpdate() executed in 63 ms with result = null
2026-09-15 12:38:42.852 [scheduling-1] INFO  c.c.e.core.aspect.LoggingAspect - Enter: com.crypto.exchange.core.service.CryptoInitializerService.scheduledPriceUpdate() with argument(s) = []
2026-09-15 12:38:42.853 [scheduling-1] INFO  c.c.e.c.s.CryptoInitializerService - Starting crypto price synchronization...
2026-09-15 12:38:42.952 [scheduling-1] INFO  c.c.e.c.s.CryptoInitializerService - Success! Updated 8 cryptocurrencies
2026-09-15 12:38:42.953 [scheduling-1] INFO  c.c.e.core.aspect.LoggingAspect - Exit: com.crypto.exchange.core.service.CryptoInitializerService.scheduledPriceUpdate() executed in 101 ms with result = null
2026-09-15 12:38:42.953 [scheduling-1] INFO  c.c.e.core.aspect.LoggingAspect - Enter: com.crypto.exchange.core.service.CryptoInitializerService.scheduledPriceUpdate() with argument(s) = []
2026-09-15 12:38:42.953 [scheduling-1] INFO  c.c.e.c.s.CryptoInitializerService - Starting crypto price synchronization...
2026-09-15 12:38:43.022 [scheduling-1] INFO  c.c.e.c.s.CryptoInitializerService - Success! Updated 8 cryptocurrencies
2026-09-15 12:38:43.022 [scheduling-1] INFO  c.c.e.core.aspect.LoggingAspect - Exit: com.crypto.exchange.core.service.CryptoInitializerService.scheduledPriceUpdate() executed in 69 ms with result = null
2026-09-15 12:38:43.024 [scheduling-1] INFO  c.c.e.core.aspect.LoggingAspect - Enter: com.crypto.exchange.core.service.CryptoInitializerService.scheduledPriceUpdate() with argument(s) = []
2026-09-15 12:38:43.024 [scheduling-1] INFO  c.c.e.c.s.CryptoInitializerService - Starting crypto price synchronization...
2026-09-15 12:38:43.080 [scheduling-1] INFO  c.c.e.c.s.CryptoInitializerService - Success! Updated 8 cryptocurrencies
2026-09-15 12:38:43.080 [scheduling-1] INFO  c.c.e.core.aspect.LoggingAspect - Exit: com.crypto.exchange.core.service.CryptoInitializerService.scheduledPriceUpdate() executed in 56 ms with result = null
2026-09-15 12:38:43.081 [scheduling-1] INFO  c.c.e.core.aspect.LoggingAspect - Enter: com.crypto.exchange.core.service.CryptoInitializerService.scheduledPriceUpdate() with argument(s) = []
2026-09-15 12:38:43.081 [scheduling-1] INFO  c.c.e.c.s.CryptoInitializerService - Starting crypto price synchronization...
2026-09-15 12:38:43.170 [scheduling-1] INFO  c.c.e.c.s.CryptoInitializerService - Success! Updated 8 cryptocurrencies
2026-09-15 12:38:43.170 [scheduling-1] INFO  c.c.e.core.aspect.LoggingAspect - Exit: com.crypto.exchange.core.service.CryptoInitializerService.scheduledPriceUpdate() executed in 89 ms with result = null
2026-09-15 12:38:43.171 [scheduling-1] INFO  c.c.e.core.aspect.LoggingAspect - Enter: com.crypto.exchange.core.service.CryptoInitializerService.scheduledPriceUpdate() with argument(s) = []
2026-09-15 12:38:43.171 [scheduling-1] INFO  c.c.e.c.s.CryptoInitializerService - Starting crypto price synchronization...
2026-09-15 12:38:43.250 [scheduling-1] INFO  c.c.e.c.s.CryptoInitializerService - Success! Updated 8 cryptocurrencies
2026-09-15 12:38:43.250 [scheduling-1] INFO  c.c.e.core.aspect.LoggingAspect - Exit: com.crypto.exchange.core.service.CryptoInitializerService.scheduledPriceUpdate() executed in 79 ms with result = null
2026-09-15 12:38:43.250 [scheduling-1] INFO  c.c.e.core.aspect.LoggingAspect - Enter: com.crypto.exchange.core.service.CryptoInitializerService.scheduledPriceUpdate() with argument(s) = []
2026-09-15 12:38:43.250 [scheduling-1] INFO  c.c.e.c.s.CryptoInitializerService - Starting crypto price synchronization...
2026-09-15 12:38:43.333 [scheduling-1] INFO  c.c.e.c.s.CryptoInitializerService - Success! Updated 8 cryptocurrencies
2026-09-15 12:38:43.333 [scheduling-1] INFO  c.c.e.core.aspect.LoggingAspect - Exit: com.crypto.exchange.core.service.CryptoInitializerService.scheduledPriceUpdate() executed in 83 ms with result = null
2026-09-15 12:38:43.333 [scheduling-1] INFO  c.c.e.core.aspect.LoggingAspect - Enter: com.crypto.exchange.core.service.CryptoInitializerService.scheduledPriceUpdate() with argument(s) = []
2026-09-15 12:38:43.333 [scheduling-1] INFO  c.c.e.c.s.CryptoInitializerService - Starting crypto price synchronization...
2026-09-15 12:38:43.404 [scheduling-1] INFO  c.c.e.c.s.CryptoInitializerService - Success! Updated 8 cryptocurrencies
2026-09-15 12:38:43.404 [scheduling-1] INFO  c.c.e.core.aspect.LoggingAspect - Exit: com.crypto.exchange.core.service.CryptoInitializerService.scheduledPriceUpdate() executed in 71 ms with result = null
2026-09-15 12:38:43.405 [scheduling-1] INFO  c.c.e.core.aspect.LoggingAspect - Enter: com.crypto.exchange.core.service.CryptoInitializerService.scheduledPriceUpdate() with argument(s) = []
2026-09-15 12:38:43.405 [scheduling-1] INFO  c.c.e.c.s.CryptoInitializerService - Starting crypto price synchronization...
2026-09-15 12:38:43.463 [scheduling-1] INFO  c.c.e.c.s.CryptoInitializerService - Success! Updated 8 cryptocurrencies
2026-09-15 12:38:43.464 [scheduling-1] INFO  c.c.e.core.aspect.LoggingAspect - Exit: com.crypto.exchange.core.service.CryptoInitializerService.scheduledPriceUpdate() executed in 59 ms with result = null
2026-09-15 12:38:43.464 [scheduling-1] INFO  c.c.e.core.aspect.LoggingAspect - Enter: com.crypto.exchange.core.service.CryptoInitializerService.scheduledPriceUpdate() with argument(s) = []
2026-09-15 12:38:43.464 [scheduling-1] INFO  c.c.e.c.s.CryptoInitializerService - Starting crypto price synchronization...
2026-09-15 12:38:43.585 [scheduling-1] INFO  c.c.e.c.s.CryptoInitializerService - Success! Updated 8 cryptocurrencies
2026-09-15 12:38:43.586 [scheduling-1] INFO  c.c.e.core.aspect.LoggingAspect - Exit: com.crypto.exchange.core.service.CryptoInitializerService.scheduledPriceUpdate() executed in 122 ms with result = null
2026-09-15 12:38:43.586 [scheduling-1] INFO  c.c.e.core.aspect.LoggingAspect - Enter: com.crypto.exchange.core.service.CryptoInitializerService.scheduledPriceUpdate() with argument(s) = []
2026-09-15 12:38:43.586 [scheduling-1] INFO  c.c.e.c.s.CryptoInitializerService - Starting crypto price synchronization...
2026-09-15 12:38:43.641 [scheduling-1] INFO  c.c.e.c.s.CryptoInitializerService - Success! Updated 8 cryptocurrencies
2026-09-15 12:38:43.641 [scheduling-1] INFO  c.c.e.core.aspect.LoggingAspect - Exit: com.crypto.exchange.core.service.CryptoInitializerService.scheduledPriceUpdate() executed in 55 ms with result = null
2026-09-15 12:38:43.641 [scheduling-1] INFO  c.c.e.core.aspect.LoggingAspect - Enter: com.crypto.exchange.core.service.CryptoInitializerService.scheduledPriceUpdate() with argument(s) = []
2026-09-15 12:38:43.641 [scheduling-1] INFO  c.c.e.c.s.CryptoInitializerService - Starting crypto price synchronization...
2026-09-15 12:38:43.712 [scheduling-1] INFO  c.c.e.c.s.CryptoInitializerService - Success! Updated 8 cryptocurrencies
2026-09-15 12:38:43.712 [scheduling-1] INFO  c.c.e.core.aspect.LoggingAspect - Exit: com.crypto.exchange.core.service.CryptoInitializerService.scheduledPriceUpdate() executed in 71 ms with result = null
2026-09-15 12:38:43.712 [scheduling-1] INFO  c.c.e.core.aspect.LoggingAspect - Enter: com.crypto.exchange.core.service.CryptoInitializerService.scheduledPriceUpdate() with argument(s) = []
2026-09-15 12:38:43.712 [scheduling-1] INFO  c.c.e.c.s.CryptoInitializerService - Starting crypto price synchronization...
2026-09-15 12:38:43.765 [scheduling-1] INFO  c.c.e.c.s.CryptoInitializerService - Success! Updated 8 cryptocurrencies
2026-09-15 12:38:43.765 [scheduling-1] INFO  c.c.e.core.aspect.LoggingAspect - Exit: com.crypto.exchange.core.service.CryptoInitializerService.scheduledPriceUpdate() executed in 53 ms with result = null
2026-09-15 12:38:43.766 [scheduling-1] INFO  c.c.e.core.aspect.LoggingAspect - Enter: com.crypto.exchange.core.service.CryptoInitializerService.scheduledPriceUpdate() with argument(s) = []
2026-09-15 12:38:43.766 [scheduling-1] INFO  c.c.e.c.s.CryptoInitializerService - Starting crypto price synchronization...
2026-09-15 12:38:43.819 [scheduling-1] INFO  c.c.e.c.s.CryptoInitializerService - Success! Updated 8 cryptocurrencies
2026-09-15 12:38:43.819 [scheduling-1] INFO  c.c.e.core.aspect.LoggingAspect - Exit: com.crypto.exchange.core.service.CryptoInitializerService.scheduledPriceUpdate() executed in 53 ms with result = null
2026-09-15 12:38:43.819 [scheduling-1] INFO  c.c.e.core.aspect.LoggingAspect - Enter: com.crypto.exchange.core.service.CryptoInitializerService.scheduledPriceUpdate() with argument(s) = []
2026-09-15 12:38:43.819 [scheduling-1] INFO  c.c.e.c.s.CryptoInitializerService - Starting crypto price synchronization...
2026-09-15 12:38:43.915 [scheduling-1] INFO  c.c.e.c.s.CryptoInitializerService - Success! Updated 8 cryptocurrencies
2026-09-15 12:38:43.915 [scheduling-1] INFO  c.c.e.core.aspect.LoggingAspect - Exit: com.crypto.exchange.core.service.CryptoInitializerService.scheduledPriceUpdate() executed in 96 ms with result = null
2026-09-15 12:38:43.916 [scheduling-1] INFO  c.c.e.core.aspect.LoggingAspect - Enter: com.crypto.exchange.core.service.CryptoInitializerService.scheduledPriceUpdate() with argument(s) = []
2026-09-15 12:38:43.916 [scheduling-1] INFO  c.c.e.c.s.CryptoInitializerService - Starting crypto price synchronization...
2026-09-15 12:38:43.969 [scheduling-1] INFO  c.c.e.c.s.CryptoInitializerService - Success! Updated 8 cryptocurrencies
2026-09-15 12:38:43.969 [scheduling-1] INFO  c.c.e.core.aspect.LoggingAspect - Exit: com.crypto.exchange.core.service.CryptoInitializerService.scheduledPriceUpdate() executed in 53 ms with result = null
2026-09-15 12:38:43.969 [scheduling-1] INFO  c.c.e.core.aspect.LoggingAspect - Enter: com.crypto.exchange.core.service.CryptoInitializerService.scheduledPriceUpdate() with argument(s) = []
2026-09-15 12:38:43.969 [scheduling-1] INFO  c.c.e.c.s.CryptoInitializerService - Starting crypto price synchronization...
2026-09-15 12:38:44.041 [scheduling-1] INFO  c.c.e.c.s.CryptoInitializerService - Success! Updated 8 cryptocurrencies
2026-09-15 12:38:44.041 [scheduling-1] INFO  c.c.e.core.aspect.LoggingAspect - Exit: com.crypto.exchange.core.service.CryptoInitializerService.scheduledPriceUpdate() executed in 72 ms with result = null
2026-09-15 12:38:44.041 [scheduling-1] INFO  c.c.e.core.aspect.LoggingAspect - Enter: com.crypto.exchange.core.service.CryptoInitializerService.scheduledPriceUpdate() with argument(s) = []
2026-09-15 12:38:44.041 [scheduling-1] INFO  c.c.e.c.s.CryptoInitializerService - Starting crypto price synchronization...
2026-09-15 12:38:44.136 [scheduling-1] INFO  c.c.e.c.s.CryptoInitializerService - Success! Updated 8 cryptocurrencies
2026-09-15 12:38:44.136 [scheduling-1] INFO  c.c.e.core.aspect.LoggingAspect - Exit: com.crypto.exchange.core.service.CryptoInitializerService.scheduledPriceUpdate() executed in 95 ms with result = null
2026-09-15 12:38:44.136 [scheduling-1] INFO  c.c.e.core.aspect.LoggingAspect - Enter: com.crypto.exchange.core.service.CryptoInitializerService.scheduledPriceUpdate() with argument(s) = []
2026-09-15 12:38:44.136 [scheduling-1] INFO  c.c.e.c.s.CryptoInitializerService - Starting crypto price synchronization...
2026-09-15 12:38:44.212 [scheduling-1] INFO  c.c.e.c.s.CryptoInitializerService - Success! Updated 8 cryptocurrencies
2026-09-15 12:38:44.213 [scheduling-1] INFO  c.c.e.core.aspect.LoggingAspect - Exit: com.crypto.exchange.core.service.CryptoInitializerService.scheduledPriceUpdate() executed in 77 ms with result = null
2026-09-15 12:38:44.213 [scheduling-1] INFO  c.c.e.core.aspect.LoggingAspect - Enter: com.crypto.exchange.core.service.CryptoInitializerService.scheduledPriceUpdate() with argument(s) = []
2026-09-15 12:38:44.213 [scheduling-1] INFO  c.c.e.c.s.CryptoInitializerService - Starting crypto price synchronization...
2026-09-15 12:38:44.324 [scheduling-1] INFO  c.c.e.c.s.CryptoInitializerService - Success! Updated 8 cryptocurrencies
2026-09-15 12:38:44.324 [scheduling-1] INFO  c.c.e.core.aspect.LoggingAspect - Exit: com.crypto.exchange.core.service.CryptoInitializerService.scheduledPriceUpdate() executed in 111 ms with result = null
2026-09-15 12:38:44.325 [scheduling-1] INFO  c.c.e.core.aspect.LoggingAspect - Enter: com.crypto.exchange.core.service.CryptoInitializerService.scheduledPriceUpdate() with argument(s) = []
2026-09-15 12:38:44.325 [scheduling-1] INFO  c.c.e.c.s.CryptoInitializerService - Starting crypto price synchronization...
2026-09-15 12:38:44.422 [scheduling-1] INFO  c.c.e.c.s.CryptoInitializerService - Success! Updated 8 cryptocurrencies
2026-09-15 12:38:44.422 [scheduling-1] INFO  c.c.e.core.aspect.LoggingAspect - Exit: com.crypto.exchange.core.service.CryptoInitializerService.scheduledPriceUpdate() executed in 97 ms with result = null
2026-09-15 12:38:44.422 [scheduling-1] INFO  c.c.e.core.aspect.LoggingAspect - Enter: com.crypto.exchange.core.service.CryptoInitializerService.scheduledPriceUpdate() with argument(s) = []
2026-09-15 12:38:44.422 [scheduling-1] INFO  c.c.e.c.s.CryptoInitializerService - Starting crypto price synchronization...
2026-09-15 12:38:44.540 [scheduling-1] INFO  c.c.e.c.s.CryptoInitializerService - Success! Updated 8 cryptocurrencies
2026-09-15 12:38:44.541 [scheduling-1] INFO  c.c.e.core.aspect.LoggingAspect - Exit: com.crypto.exchange.core.service.CryptoInitializerService.scheduledPriceUpdate() executed in 119 ms with result = null
2026-09-15 12:38:44.541 [scheduling-1] INFO  c.c.e.core.aspect.LoggingAspect - Enter: com.crypto.exchange.core.service.CryptoInitializerService.scheduledPriceUpdate() with argument(s) = []
2026-09-15 12:38:44.541 [scheduling-1] INFO  c.c.e.c.s.CryptoInitializerService - Starting crypto price synchronization...
2026-09-15 12:38:44.594 [scheduling-1] INFO  c.c.e.c.s.CryptoInitializerService - Success! Updated 8 cryptocurrencies
2026-09-15 12:38:44.594 [scheduling-1] INFO  c.c.e.core.aspect.LoggingAspect - Exit: com.crypto.exchange.core.service.CryptoInitializerService.scheduledPriceUpdate() executed in 53 ms with result = null
2026-09-15 12:38:44.594 [scheduling-1] INFO  c.c.e.core.aspect.LoggingAspect - Enter: com.crypto.exchange.core.service.CryptoInitializerService.scheduledPriceUpdate() with argument(s) = []
2026-09-15 12:38:44.594 [scheduling-1] INFO  c.c.e.c.s.CryptoInitializerService - Starting crypto price synchronization...
2026-09-15 12:38:44.647 [scheduling-1] INFO  c.c.e.c.s.CryptoInitializerService - Success! Updated 8 cryptocurrencies
2026-09-15 12:38:44.647 [scheduling-1] INFO  c.c.e.core.aspect.LoggingAspect - Exit: com.crypto.exchange.core.service.CryptoInitializerService.scheduledPriceUpdate() executed in 53 ms with result = null
2026-09-15 12:38:44.647 [scheduling-1] INFO  c.c.e.core.aspect.LoggingAspect - Enter: com.crypto.exchange.core.service.CryptoInitializerService.scheduledPriceUpdate() with argument(s) = []
2026-09-15 12:38:44.647 [scheduling-1] INFO  c.c.e.c.s.CryptoInitializerService - Starting crypto price synchronization...
2026-09-15 12:38:44.698 [scheduling-1] INFO  c.c.e.c.s.CryptoInitializerService - Success! Updated 8 cryptocurrencies
2026-09-15 12:38:44.698 [scheduling-1] INFO  c.c.e.core.aspect.LoggingAspect - Exit: com.crypto.exchange.core.service.CryptoInitializerService.scheduledPriceUpdate() executed in 51 ms with result = null
2026-09-15 12:38:44.698 [scheduling-1] INFO  c.c.e.core.aspect.LoggingAspect - Enter: com.crypto.exchange.core.service.CryptoInitializerService.scheduledPriceUpdate() with argument(s) = []
2026-09-15 12:38:44.698 [scheduling-1] INFO  c.c.e.c.s.CryptoInitializerService - Starting crypto price synchronization...
2026-09-15 12:38:44.795 [scheduling-1] INFO  c.c.e.c.s.CryptoInitializerService - Success! Updated 8 cryptocurrencies
2026-09-15 12:38:44.795 [scheduling-1] INFO  c.c.e.core.aspect.LoggingAspect - Exit: com.crypto.exchange.core.service.CryptoInitializerService.scheduledPriceUpdate() executed in 97 ms with result = null
2026-09-15 12:38:44.795 [scheduling-1] INFO  c.c.e.core.aspect.LoggingAspect - Enter: com.crypto.exchange.core.service.CryptoInitializerService.scheduledPriceUpdate() with argument(s) = []
2026-09-15 12:38:44.795 [scheduling-1] INFO  c.c.e.c.s.CryptoInitializerService - Starting crypto price synchronization...
2026-09-15 12:38:44.853 [scheduling-1] INFO  c.c.e.c.s.CryptoInitializerService - Success! Updated 8 cryptocurrencies
2026-09-15 12:38:44.853 [scheduling-1] INFO  c.c.e.core.aspect.LoggingAspect - Exit: com.crypto.exchange.core.service.CryptoInitializerService.scheduledPriceUpdate() executed in 58 ms with result = null
2026-09-15 12:38:44.853 [scheduling-1] INFO  c.c.e.core.aspect.LoggingAspect - Enter: com.crypto.exchange.core.service.CryptoInitializerService.scheduledPriceUpdate() with argument(s) = []
2026-09-15 12:38:44.853 [scheduling-1] INFO  c.c.e.c.s.CryptoInitializerService - Starting crypto price synchronization...
2026-09-15 12:38:44.911 [scheduling-1] INFO  c.c.e.c.s.CryptoInitializerService - Success! Updated 8 cryptocurrencies
2026-09-15 12:38:44.911 [scheduling-1] INFO  c.c.e.core.aspect.LoggingAspect - Exit: com.crypto.exchange.core.service.CryptoInitializerService.scheduledPriceUpdate() executed in 58 ms with result = null
2026-09-15 12:38:44.912 [scheduling-1] INFO  c.c.e.core.aspect.LoggingAspect - Enter: com.crypto.exchange.core.service.CryptoInitializerService.scheduledPriceUpdate() with argument(s) = []
2026-09-15 12:38:44.912 [scheduling-1] INFO  c.c.e.c.s.CryptoInitializerService - Starting crypto price synchronization...
2026-09-15 12:38:44.998 [scheduling-1] INFO  c.c.e.c.s.CryptoInitializerService - Success! Updated 8 cryptocurrencies
2026-09-15 12:38:44.999 [scheduling-1] INFO  c.c.e.core.aspect.LoggingAspect - Exit: com.crypto.exchange.core.service.CryptoInitializerService.scheduledPriceUpdate() executed in 87 ms with result = null
2026-09-15 12:38:44.999 [scheduling-1] INFO  c.c.e.core.aspect.LoggingAspect - Enter: com.crypto.exchange.core.service.CryptoInitializerService.scheduledPriceUpdate() with argument(s) = []
2026-09-15 12:38:44.999 [scheduling-1] INFO  c.c.e.c.s.CryptoInitializerService - Starting crypto price synchronization...
2026-09-15 12:38:45.091 [scheduling-1] INFO  c.c.e.c.s.CryptoInitializerService - Success! Updated 8 cryptocurrencies
2026-09-15 12:38:45.091 [scheduling-1] INFO  c.c.e.core.aspect.LoggingAspect - Exit: com.crypto.exchange.core.service.CryptoInitializerService.scheduledPriceUpdate() executed in 92 ms with result = null
2026-09-15 12:38:45.092 [scheduling-1] INFO  c.c.e.core.aspect.LoggingAspect - Enter: com.crypto.exchange.core.service.CryptoInitializerService.scheduledPriceUpdate() with argument(s) = []
2026-09-15 12:38:45.092 [scheduling-1] INFO  c.c.e.c.s.CryptoInitializerService - Starting crypto price synchronization...
2026-09-15 12:38:45.156 [scheduling-1] INFO  c.c.e.c.s.CryptoInitializerService - Success! Updated 8 cryptocurrencies
2026-09-15 12:38:45.156 [scheduling-1] INFO  c.c.e.core.aspect.LoggingAspect - Exit: com.crypto.exchange.core.service.CryptoInitializerService.scheduledPriceUpdate() executed in 64 ms with result = null
2026-09-15 12:38:45.156 [scheduling-1] INFO  c.c.e.core.aspect.LoggingAspect - Enter: com.crypto.exchange.core.service.CryptoInitializerService.scheduledPriceUpdate() with argument(s) = []
2026-09-15 12:38:45.156 [scheduling-1] INFO  c.c.e.c.s.CryptoInitializerService - Starting crypto price synchronization...
2026-09-15 12:38:45.259 [scheduling-1] INFO  c.c.e.c.s.CryptoInitializerService - Success! Updated 8 cryptocurrencies
2026-09-15 12:38:45.259 [scheduling-1] INFO  c.c.e.core.aspect.LoggingAspect - Exit: com.crypto.exchange.core.service.CryptoInitializerService.scheduledPriceUpdate() executed in 103 ms with result = null
2026-09-15 12:38:45.260 [scheduling-1] INFO  c.c.e.core.aspect.LoggingAspect - Enter: com.crypto.exchange.core.service.CryptoInitializerService.scheduledPriceUpdate() with argument(s) = []
2026-09-15 12:38:45.260 [scheduling-1] INFO  c.c.e.c.s.CryptoInitializerService - Starting crypto price synchronization...
2026-09-15 12:38:45.307 [scheduling-1] INFO  c.c.e.c.s.CryptoInitializerService - Success! Updated 8 cryptocurrencies
2026-09-15 12:38:45.307 [scheduling-1] INFO  c.c.e.core.aspect.LoggingAspect - Exit: com.crypto.exchange.core.service.CryptoInitializerService.scheduledPriceUpdate() executed in 47 ms with result = null
2026-09-15 12:38:45.307 [scheduling-1] INFO  c.c.e.core.aspect.LoggingAspect - Enter: com.crypto.exchange.core.service.CryptoInitializerService.scheduledPriceUpdate() with argument(s) = []
2026-09-15 12:38:45.307 [scheduling-1] INFO  c.c.e.c.s.CryptoInitializerService - Starting crypto price synchronization...
2026-09-15 12:38:45.355 [scheduling-1] INFO  c.c.e.c.s.CryptoInitializerService - Success! Updated 8 cryptocurrencies
2026-09-15 12:38:45.355 [scheduling-1] INFO  c.c.e.core.aspect.LoggingAspect - Exit: com.crypto.exchange.core.service.CryptoInitializerService.scheduledPriceUpdate() executed in 48 ms with result = null
2026-09-15 12:38:45.355 [scheduling-1] INFO  c.c.e.core.aspect.LoggingAspect - Enter: com.crypto.exchange.core.service.CryptoInitializerService.scheduledPriceUpdate() with argument(s) = []
2026-09-15 12:38:45.355 [scheduling-1] INFO  c.c.e.c.s.CryptoInitializerService - Starting crypto price synchronization...
2026-09-15 12:38:45.403 [scheduling-1] INFO  c.c.e.c.s.CryptoInitializerService - Success! Updated 8 cryptocurrencies
2026-09-15 12:38:45.403 [scheduling-1] INFO  c.c.e.core.aspect.LoggingAspect - Exit: com.crypto.exchange.core.service.CryptoInitializerService.scheduledPriceUpdate() executed in 48 ms with result = null
2026-09-15 12:38:45.403 [scheduling-1] INFO  c.c.e.core.aspect.LoggingAspect - Enter: com.crypto.exchange.core.service.CryptoInitializerService.scheduledPriceUpdate() with argument(s) = []
2026-09-15 12:38:45.403 [scheduling-1] INFO  c.c.e.c.s.CryptoInitializerService - Starting crypto price synchronization...
2026-09-15 12:38:45.468 [scheduling-1] INFO  c.c.e.c.s.CryptoInitializerService - Success! Updated 8 cryptocurrencies
2026-09-15 12:38:45.468 [scheduling-1] INFO  c.c.e.core.aspect.LoggingAspect - Exit: com.crypto.exchange.core.service.CryptoInitializerService.scheduledPriceUpdate() executed in 65 ms with result = null
2026-09-15 12:38:45.470 [scheduling-1] INFO  c.c.e.core.aspect.LoggingAspect - Enter: com.crypto.exchange.core.service.CryptoInitializerService.scheduledPriceUpdate() with argument(s) = []
2026-09-15 12:38:45.470 [scheduling-1] INFO  c.c.e.c.s.CryptoInitializerService - Starting crypto price synchronization...
2026-09-15 12:38:45.514 [scheduling-1] INFO  c.c.e.c.s.CryptoInitializerService - Success! Updated 8 cryptocurrencies
2026-09-15 12:38:45.514 [scheduling-1] INFO  c.c.e.core.aspect.LoggingAspect - Exit: com.crypto.exchange.core.service.CryptoInitializerService.scheduledPriceUpdate() executed in 44 ms with result = null
2026-09-15 12:38:45.515 [scheduling-1] INFO  c.c.e.core.aspect.LoggingAspect - Enter: com.crypto.exchange.core.service.CryptoInitializerService.scheduledPriceUpdate() with argument(s) = []
2026-09-15 12:38:45.515 [scheduling-1] INFO  c.c.e.c.s.CryptoInitializerService - Starting crypto price synchronization...
2026-09-15 12:38:45.561 [scheduling-1] INFO  c.c.e.c.s.CryptoInitializerService - Success! Updated 8 cryptocurrencies
2026-09-15 12:38:45.561 [scheduling-1] INFO  c.c.e.core.aspect.LoggingAspect - Exit: com.crypto.exchange.core.service.CryptoInitializerService.scheduledPriceUpdate() executed in 46 ms with result = null
2026-09-15 12:38:45.561 [scheduling-1] INFO  c.c.e.core.aspect.LoggingAspect - Enter: com.crypto.exchange.core.service.CryptoInitializerService.scheduledPriceUpdate() with argument(s) = []
2026-09-15 12:38:45.561 [scheduling-1] INFO  c.c.e.c.s.CryptoInitializerService - Starting crypto price synchronization...
2026-09-15 12:38:45.605 [scheduling-1] INFO  c.c.e.c.s.CryptoInitializerService - Success! Updated 8 cryptocurrencies
2026-09-15 12:38:45.605 [scheduling-1] INFO  c.c.e.core.aspect.LoggingAspect - Exit: com.crypto.exchange.core.service.CryptoInitializerService.scheduledPriceUpdate() executed in 44 ms with result = null
2026-09-15 12:38:45.605 [scheduling-1] INFO  c.c.e.core.aspect.LoggingAspect - Enter: com.crypto.exchange.core.service.CryptoInitializerService.scheduledPriceUpdate() with argument(s) = []
2026-09-15 12:38:45.605 [scheduling-1] INFO  c.c.e.c.s.CryptoInitializerService - Starting crypto price synchronization...
2026-09-15 12:38:45.655 [scheduling-1] INFO  c.c.e.c.s.CryptoInitializerService - Success! Updated 8 cryptocurrencies
2026-09-15 12:38:45.655 [scheduling-1] INFO  c.c.e.core.aspect.LoggingAspect - Exit: com.crypto.exchange.core.service.CryptoInitializerService.scheduledPriceUpdate() executed in 50 ms with result = null
2026-09-15 12:38:45.655 [scheduling-1] INFO  c.c.e.core.aspect.LoggingAspect - Enter: com.crypto.exchange.core.service.CryptoInitializerService.scheduledPriceUpdate() with argument(s) = []
2026-09-15 12:38:45.655 [scheduling-1] INFO  c.c.e.c.s.CryptoInitializerService - Starting crypto price synchronization...
2026-09-15 12:38:45.708 [scheduling-1] INFO  c.c.e.c.s.CryptoInitializerService - Success! Updated 8 cryptocurrencies
2026-09-15 12:38:45.709 [scheduling-1] INFO  c.c.e.core.aspect.LoggingAspect - Exit: com.crypto.exchange.core.service.CryptoInitializerService.scheduledPriceUpdate() executed in 54 ms with result = null
2026-09-15 12:38:45.709 [scheduling-1] INFO  c.c.e.core.aspect.LoggingAspect - Enter: com.crypto.exchange.core.service.CryptoInitializerService.scheduledPriceUpdate() with argument(s) = []
2026-09-15 12:38:45.709 [scheduling-1] INFO  c.c.e.c.s.CryptoInitializerService - Starting crypto price synchronization...
2026-09-15 12:38:45.823 [scheduling-1] INFO  c.c.e.c.s.CryptoInitializerService - Success! Updated 8 cryptocurrencies
2026-09-15 12:38:45.823 [scheduling-1] INFO  c.c.e.core.aspect.LoggingAspect - Exit: com.crypto.exchange.core.service.CryptoInitializerService.scheduledPriceUpdate() executed in 114 ms with result = null
2026-09-15 12:38:45.823 [scheduling-1] INFO  c.c.e.core.aspect.LoggingAspect - Enter: com.crypto.exchange.core.service.CryptoInitializerService.scheduledPriceUpdate() with argument(s) = []
2026-09-15 12:38:45.823 [scheduling-1] INFO  c.c.e.c.s.CryptoInitializerService - Starting crypto price synchronization...
2026-09-15 12:38:45.874 [scheduling-1] INFO  c.c.e.c.s.CryptoInitializerService - Success! Updated 8 cryptocurrencies
2026-09-15 12:38:45.874 [scheduling-1] INFO  c.c.e.core.aspect.LoggingAspect - Exit: com.crypto.exchange.core.service.CryptoInitializerService.scheduledPriceUpdate() executed in 51 ms with result = null
2026-09-15 12:38:45.874 [scheduling-1] INFO  c.c.e.core.aspect.LoggingAspect - Enter: com.crypto.exchange.core.service.CryptoInitializerService.scheduledPriceUpdate() with argument(s) = []
2026-09-15 12:38:45.874 [scheduling-1] INFO  c.c.e.c.s.CryptoInitializerService - Starting crypto price synchronization...
2026-09-15 12:38:45.924 [scheduling-1] INFO  c.c.e.c.s.CryptoInitializerService - Success! Updated 8 cryptocurrencies
2026-09-15 12:38:45.924 [scheduling-1] INFO  c.c.e.core.aspect.LoggingAspect - Exit: com.crypto.exchange.core.service.CryptoInitializerService.scheduledPriceUpdate() executed in 50 ms with result = null
2026-09-15 12:38:45.924 [scheduling-1] INFO  c.c.e.core.aspect.LoggingAspect - Enter: com.crypto.exchange.core.service.CryptoInitializerService.scheduledPriceUpdate() with argument(s) = []
2026-09-15 12:38:45.924 [scheduling-1] INFO  c.c.e.c.s.CryptoInitializerService - Starting crypto price synchronization...
2026-09-15 12:38:45.977 [scheduling-1] INFO  c.c.e.c.s.CryptoInitializerService - Success! Updated 8 cryptocurrencies
2026-09-15 12:38:45.977 [scheduling-1] INFO  c.c.e.core.aspect.LoggingAspect - Exit: com.crypto.exchange.core.service.CryptoInitializerService.scheduledPriceUpdate() executed in 53 ms with result = null
2026-09-15 12:38:45.977 [scheduling-1] INFO  c.c.e.core.aspect.LoggingAspect - Enter: com.crypto.exchange.core.service.CryptoInitializerService.scheduledPriceUpdate() with argument(s) = []
2026-09-15 12:38:45.977 [scheduling-1] INFO  c.c.e.c.s.CryptoInitializerService - Starting crypto price synchronization...
2026-09-15 12:38:46.040 [scheduling-1] INFO  c.c.e.c.s.CryptoInitializerService - Success! Updated 8 cryptocurrencies
2026-09-15 12:38:46.041 [scheduling-1] INFO  c.c.e.core.aspect.LoggingAspect - Exit: com.crypto.exchange.core.service.CryptoInitializerService.scheduledPriceUpdate() executed in 64 ms with result = null
2026-09-15 12:38:46.041 [scheduling-1] INFO  c.c.e.core.aspect.LoggingAspect - Enter: com.crypto.exchange.core.service.CryptoInitializerService.scheduledPriceUpdate() with argument(s) = []
2026-09-15 12:38:46.041 [scheduling-1] INFO  c.c.e.c.s.CryptoInitializerService - Starting crypto price synchronization...
2026-09-15 12:38:46.101 [scheduling-1] INFO  c.c.e.c.s.CryptoInitializerService - Success! Updated 8 cryptocurrencies
2026-09-15 12:38:46.101 [scheduling-1] INFO  c.c.e.core.aspect.LoggingAspect - Exit: com.crypto.exchange.core.service.CryptoInitializerService.scheduledPriceUpdate() executed in 60 ms with result = null
2026-09-15 12:38:46.101 [scheduling-1] INFO  c.c.e.core.aspect.LoggingAspect - Enter: com.crypto.exchange.core.service.CryptoInitializerService.scheduledPriceUpdate() with argument(s) = []
2026-09-15 12:38:46.101 [scheduling-1] INFO  c.c.e.c.s.CryptoInitializerService - Starting crypto price synchronization...
2026-09-15 12:38:46.171 [scheduling-1] INFO  c.c.e.c.s.CryptoInitializerService - Success! Updated 8 cryptocurrencies
2026-09-15 12:38:46.171 [scheduling-1] INFO  c.c.e.core.aspect.LoggingAspect - Exit: com.crypto.exchange.core.service.CryptoInitializerService.scheduledPriceUpdate() executed in 70 ms with result = null
2026-09-15 12:38:46.171 [scheduling-1] INFO  c.c.e.core.aspect.LoggingAspect - Enter: com.crypto.exchange.core.service.CryptoInitializerService.scheduledPriceUpdate() with argument(s) = []
2026-09-15 12:38:46.171 [scheduling-1] INFO  c.c.e.c.s.CryptoInitializerService - Starting crypto price synchronization...
2026-09-15 12:38:46.250 [scheduling-1] INFO  c.c.e.c.s.CryptoInitializerService - Success! Updated 8 cryptocurrencies
2026-09-15 12:38:46.250 [scheduling-1] INFO  c.c.e.core.aspect.LoggingAspect - Exit: com.crypto.exchange.core.service.CryptoInitializerService.scheduledPriceUpdate() executed in 79 ms with result = null
2026-09-15 12:38:46.251 [scheduling-1] INFO  c.c.e.core.aspect.LoggingAspect - Enter: com.crypto.exchange.core.service.CryptoInitializerService.scheduledPriceUpdate() with argument(s) = []
2026-09-15 12:38:46.251 [scheduling-1] INFO  c.c.e.c.s.CryptoInitializerService - Starting crypto price synchronization...
2026-09-15 12:38:46.358 [scheduling-1] INFO  c.c.e.c.s.CryptoInitializerService - Success! Updated 8 cryptocurrencies
2026-09-15 12:38:46.358 [scheduling-1] INFO  c.c.e.core.aspect.LoggingAspect - Exit: com.crypto.exchange.core.service.CryptoInitializerService.scheduledPriceUpdate() executed in 107 ms with result = null
2026-09-15 12:38:46.358 [scheduling-1] INFO  c.c.e.core.aspect.LoggingAspect - Enter: com.crypto.exchange.core.service.CryptoInitializerService.scheduledPriceUpdate() with argument(s) = []
2026-09-15 12:38:46.358 [scheduling-1] INFO  c.c.e.c.s.CryptoInitializerService - Starting crypto price synchronization...
2026-09-15 12:38:46.410 [scheduling-1] INFO  c.c.e.c.s.CryptoInitializerService - Success! Updated 8 cryptocurrencies
2026-09-15 12:38:46.410 [scheduling-1] INFO  c.c.e.core.aspect.LoggingAspect - Exit: com.crypto.exchange.core.service.CryptoInitializerService.scheduledPriceUpdate() executed in 52 ms with result = null
2026-09-15 12:38:46.410 [scheduling-1] INFO  c.c.e.core.aspect.LoggingAspect - Enter: com.crypto.exchange.core.service.CryptoInitializerService.scheduledPriceUpdate() with argument(s) = []
2026-09-15 12:38:46.410 [scheduling-1] INFO  c.c.e.c.s.CryptoInitializerService - Starting crypto price synchronization...
2026-09-15 12:38:46.466 [scheduling-1] INFO  c.c.e.c.s.CryptoInitializerService - Success! Updated 8 cryptocurrencies
2026-09-15 12:38:46.466 [scheduling-1] INFO  c.c.e.core.aspect.LoggingAspect - Exit: com.crypto.exchange.core.service.CryptoInitializerService.scheduledPriceUpdate() executed in 56 ms with result = null
2026-09-15 12:38:46.466 [scheduling-1] INFO  c.c.e.core.aspect.LoggingAspect - Enter: com.crypto.exchange.core.service.CryptoInitializerService.scheduledPriceUpdate() with argument(s) = []
2026-09-15 12:38:46.466 [scheduling-1] INFO  c.c.e.c.s.CryptoInitializerService - Starting crypto price synchronization...
2026-09-15 12:38:46.522 [scheduling-1] INFO  c.c.e.c.s.CryptoInitializerService - Success! Updated 8 cryptocurrencies
2026-09-15 12:38:46.522 [scheduling-1] INFO  c.c.e.core.aspect.LoggingAspect - Exit: com.crypto.exchange.core.service.CryptoInitializerService.scheduledPriceUpdate() executed in 56 ms with result = null
2026-09-15 12:38:46.522 [scheduling-1] INFO  c.c.e.core.aspect.LoggingAspect - Enter: com.crypto.exchange.core.service.CryptoInitializerService.scheduledPriceUpdate() with argument(s) = []
2026-09-15 12:38:46.522 [scheduling-1] INFO  c.c.e.c.s.CryptoInitializerService - Starting crypto price synchronization...
2026-09-15 12:38:46.596 [scheduling-1] INFO  c.c.e.c.s.CryptoInitializerService - Success! Updated 8 cryptocurrencies
2026-09-15 12:38:46.596 [scheduling-1] INFO  c.c.e.core.aspect.LoggingAspect - Exit: com.crypto.exchange.core.service.CryptoInitializerService.scheduledPriceUpdate() executed in 74 ms with result = null
2026-09-15 12:38:46.596 [scheduling-1] INFO  c.c.e.core.aspect.LoggingAspect - Enter: com.crypto.exchange.core.service.CryptoInitializerService.scheduledPriceUpdate() with argument(s) = []
2026-09-15 12:38:46.596 [scheduling-1] INFO  c.c.e.c.s.CryptoInitializerService - Starting crypto price synchronization...
2026-09-15 12:38:46.652 [scheduling-1] INFO  c.c.e.c.s.CryptoInitializerService - Success! Updated 8 cryptocurrencies
2026-09-15 12:38:46.652 [scheduling-1] INFO  c.c.e.core.aspect.LoggingAspect - Exit: com.crypto.exchange.core.service.CryptoInitializerService.scheduledPriceUpdate() executed in 56 ms with result = null
2026-09-15 12:38:46.652 [scheduling-1] INFO  c.c.e.core.aspect.LoggingAspect - Enter: com.crypto.exchange.core.service.CryptoInitializerService.scheduledPriceUpdate() with argument(s) = []
2026-09-15 12:38:46.653 [scheduling-1] INFO  c.c.e.c.s.CryptoInitializerService - Starting crypto price synchronization...
2026-09-15 12:38:46.708 [scheduling-1] INFO  c.c.e.c.s.CryptoInitializerService - Success! Updated 8 cryptocurrencies
2026-09-15 12:38:46.708 [scheduling-1] INFO  c.c.e.core.aspect.LoggingAspect - Exit: com.crypto.exchange.core.service.CryptoInitializerService.scheduledPriceUpdate() executed in 56 ms with result = null
2026-09-15 12:38:46.708 [scheduling-1] INFO  c.c.e.core.aspect.LoggingAspect - Enter: com.crypto.exchange.core.service.CryptoInitializerService.scheduledPriceUpdate() with argument(s) = []
2026-09-15 12:38:46.708 [scheduling-1] INFO  c.c.e.c.s.CryptoInitializerService - Starting crypto price synchronization...
2026-09-15 12:38:46.755 [scheduling-1] INFO  c.c.e.c.s.CryptoInitializerService - Success! Updated 8 cryptocurrencies
2026-09-15 12:38:46.755 [scheduling-1] INFO  c.c.e.core.aspect.LoggingAspect - Exit: com.crypto.exchange.core.service.CryptoInitializerService.scheduledPriceUpdate() executed in 47 ms with result = null
2026-09-15 12:38:46.755 [scheduling-1] INFO  c.c.e.core.aspect.LoggingAspect - Enter: com.crypto.exchange.core.service.CryptoInitializerService.scheduledPriceUpdate() with argument(s) = []
2026-09-15 12:38:46.755 [scheduling-1] INFO  c.c.e.c.s.CryptoInitializerService - Starting crypto price synchronization...
2026-09-15 12:38:46.812 [scheduling-1] INFO  c.c.e.c.s.CryptoInitializerService - Success! Updated 8 cryptocurrencies
2026-09-15 12:38:46.813 [scheduling-1] INFO  c.c.e.core.aspect.LoggingAspect - Exit: com.crypto.exchange.core.service.CryptoInitializerService.scheduledPriceUpdate() executed in 58 ms with result = null
2026-09-15 12:38:46.813 [scheduling-1] INFO  c.c.e.core.aspect.LoggingAspect - Enter: com.crypto.exchange.core.service.CryptoInitializerService.scheduledPriceUpdate() with argument(s) = []
2026-09-15 12:38:46.813 [scheduling-1] INFO  c.c.e.c.s.CryptoInitializerService - Starting crypto price synchronization...
2026-09-15 12:38:46.871 [scheduling-1] INFO  c.c.e.c.s.CryptoInitializerService - Success! Updated 8 cryptocurrencies
2026-09-15 12:38:46.871 [scheduling-1] INFO  c.c.e.core.aspect.LoggingAspect - Exit: com.crypto.exchange.core.service.CryptoInitializerService.scheduledPriceUpdate() executed in 58 ms with result = null
2026-09-15 12:38:46.871 [scheduling-1] INFO  c.c.e.core.aspect.LoggingAspect - Enter: com.crypto.exchange.core.service.CryptoInitializerService.scheduledPriceUpdate() with argument(s) = []
2026-09-15 12:38:46.871 [scheduling-1] INFO  c.c.e.c.s.CryptoInitializerService - Starting crypto price synchronization...
2026-09-15 12:38:46.984 [scheduling-1] INFO  c.c.e.c.s.CryptoInitializerService - Success! Updated 8 cryptocurrencies
2026-09-15 12:38:46.984 [scheduling-1] INFO  c.c.e.core.aspect.LoggingAspect - Exit: com.crypto.exchange.core.service.CryptoInitializerService.scheduledPriceUpdate() executed in 113 ms with result = null
2026-09-15 12:38:46.984 [scheduling-1] INFO  c.c.e.core.aspect.LoggingAspect - Enter: com.crypto.exchange.core.service.CryptoInitializerService.scheduledPriceUpdate() with argument(s) = []
2026-09-15 12:38:46.984 [scheduling-1] INFO  c.c.e.c.s.CryptoInitializerService - Starting crypto price synchronization...
2026-09-15 12:38:47.036 [scheduling-1] INFO  c.c.e.c.s.CryptoInitializerService - Success! Updated 8 cryptocurrencies
2026-09-15 12:38:47.036 [scheduling-1] INFO  c.c.e.core.aspect.LoggingAspect - Exit: com.crypto.exchange.core.service.CryptoInitializerService.scheduledPriceUpdate() executed in 52 ms with result = null
2026-09-15 12:38:47.036 [scheduling-1] INFO  c.c.e.core.aspect.LoggingAspect - Enter: com.crypto.exchange.core.service.CryptoInitializerService.scheduledPriceUpdate() with argument(s) = []
2026-09-15 12:38:47.036 [scheduling-1] INFO  c.c.e.c.s.CryptoInitializerService - Starting crypto price synchronization...
2026-09-15 12:38:47.081 [scheduling-1] INFO  c.c.e.c.s.CryptoInitializerService - Success! Updated 8 cryptocurrencies
2026-09-15 12:38:47.081 [scheduling-1] INFO  c.c.e.core.aspect.LoggingAspect - Exit: com.crypto.exchange.core.service.CryptoInitializerService.scheduledPriceUpdate() executed in 45 ms with result = null
2026-09-15 12:38:47.081 [scheduling-1] INFO  c.c.e.core.aspect.LoggingAspect - Enter: com.crypto.exchange.core.service.CryptoInitializerService.scheduledPriceUpdate() with argument(s) = []
2026-09-15 12:38:47.081 [scheduling-1] INFO  c.c.e.c.s.CryptoInitializerService - Starting crypto price synchronization...
2026-09-15 12:38:47.140 [scheduling-1] INFO  c.c.e.c.s.CryptoInitializerService - Success! Updated 8 cryptocurrencies
2026-09-15 12:38:47.140 [scheduling-1] INFO  c.c.e.core.aspect.LoggingAspect - Exit: com.crypto.exchange.core.service.CryptoInitializerService.scheduledPriceUpdate() executed in 59 ms with result = null
2026-09-15 12:38:47.140 [scheduling-1] INFO  c.c.e.core.aspect.LoggingAspect - Enter: com.crypto.exchange.core.service.CryptoInitializerService.scheduledPriceUpdate() with argument(s) = []
2026-09-15 12:38:47.140 [scheduling-1] INFO  c.c.e.c.s.CryptoInitializerService - Starting crypto price synchronization...
2026-09-15 12:38:47.195 [scheduling-1] INFO  c.c.e.c.s.CryptoInitializerService - Success! Updated 8 cryptocurrencies
2026-09-15 12:38:47.195 [scheduling-1] INFO  c.c.e.core.aspect.LoggingAspect - Exit: com.crypto.exchange.core.service.CryptoInitializerService.scheduledPriceUpdate() executed in 55 ms with result = null
2026-09-15 12:38:47.195 [scheduling-1] INFO  c.c.e.core.aspect.LoggingAspect - Enter: com.crypto.exchange.core.service.CryptoInitializerService.scheduledPriceUpdate() with argument(s) = []
2026-09-15 12:38:47.195 [scheduling-1] INFO  c.c.e.c.s.CryptoInitializerService - Starting crypto price synchronization...
2026-09-15 12:38:47.266 [scheduling-1] INFO  c.c.e.c.s.CryptoInitializerService - Success! Updated 8 cryptocurrencies
2026-09-15 12:38:47.266 [scheduling-1] INFO  c.c.e.core.aspect.LoggingAspect - Exit: com.crypto.exchange.core.service.CryptoInitializerService.scheduledPriceUpdate() executed in 71 ms with result = null
2026-09-15 12:38:47.267 [scheduling-1] INFO  c.c.e.core.aspect.LoggingAspect - Enter: com.crypto.exchange.core.service.CryptoInitializerService.scheduledPriceUpdate() with argument(s) = []
2026-09-15 12:38:47.267 [scheduling-1] INFO  c.c.e.c.s.CryptoInitializerService - Starting crypto price synchronization...
2026-09-15 12:38:47.332 [scheduling-1] INFO  c.c.e.c.s.CryptoInitializerService - Success! Updated 8 cryptocurrencies
2026-09-15 12:38:47.332 [scheduling-1] INFO  c.c.e.core.aspect.LoggingAspect - Exit: com.crypto.exchange.core.service.CryptoInitializerService.scheduledPriceUpdate() executed in 65 ms with result = null
2026-09-15 12:38:47.333 [scheduling-1] INFO  c.c.e.core.aspect.LoggingAspect - Enter: com.crypto.exchange.core.service.CryptoInitializerService.scheduledPriceUpdate() with argument(s) = []
2026-09-15 12:38:47.333 [scheduling-1] INFO  c.c.e.c.s.CryptoInitializerService - Starting crypto price synchronization...
2026-09-15 12:38:47.372 [scheduling-1] INFO  c.c.e.c.s.CryptoInitializerService - Success! Updated 8 cryptocurrencies
2026-09-15 12:38:47.372 [scheduling-1] INFO  c.c.e.core.aspect.LoggingAspect - Exit: com.crypto.exchange.core.service.CryptoInitializerService.scheduledPriceUpdate() executed in 39 ms with result = null
2026-09-15 12:38:47.372 [scheduling-1] INFO  c.c.e.core.aspect.LoggingAspect - Enter: com.crypto.exchange.core.service.CryptoInitializerService.scheduledPriceUpdate() with argument(s) = []
2026-09-15 12:38:47.372 [scheduling-1] INFO  c.c.e.c.s.CryptoInitializerService - Starting crypto price synchronization...
2026-09-15 12:38:47.459 [scheduling-1] INFO  c.c.e.c.s.CryptoInitializerService - Success! Updated 8 cryptocurrencies
2026-09-15 12:38:47.459 [scheduling-1] INFO  c.c.e.core.aspect.LoggingAspect - Exit: com.crypto.exchange.core.service.CryptoInitializerService.scheduledPriceUpdate() executed in 87 ms with result = null
2026-09-15 12:38:47.460 [scheduling-1] INFO  c.c.e.core.aspect.LoggingAspect - Enter: com.crypto.exchange.core.service.CryptoInitializerService.scheduledPriceUpdate() with argument(s) = []
2026-09-15 12:38:47.460 [scheduling-1] INFO  c.c.e.c.s.CryptoInitializerService - Starting crypto price synchronization...
2026-09-15 12:38:47.503 [scheduling-1] INFO  c.c.e.c.s.CryptoInitializerService - Success! Updated 8 cryptocurrencies
2026-09-15 12:38:47.503 [scheduling-1] INFO  c.c.e.core.aspect.LoggingAspect - Exit: com.crypto.exchange.core.service.CryptoInitializerService.scheduledPriceUpdate() executed in 43 ms with result = null
2026-09-15 12:38:47.504 [scheduling-1] INFO  c.c.e.core.aspect.LoggingAspect - Enter: com.crypto.exchange.core.service.CryptoInitializerService.scheduledPriceUpdate() with argument(s) = []
2026-09-15 12:38:47.504 [scheduling-1] INFO  c.c.e.c.s.CryptoInitializerService - Starting crypto price synchronization...
2026-09-15 12:38:47.551 [scheduling-1] INFO  c.c.e.c.s.CryptoInitializerService - Success! Updated 8 cryptocurrencies
2026-09-15 12:38:47.551 [scheduling-1] INFO  c.c.e.core.aspect.LoggingAspect - Exit: com.crypto.exchange.core.service.CryptoInitializerService.scheduledPriceUpdate() executed in 47 ms with result = null
2026-09-15 12:38:47.551 [scheduling-1] INFO  c.c.e.core.aspect.LoggingAspect - Enter: com.crypto.exchange.core.service.CryptoInitializerService.scheduledPriceUpdate() with argument(s) = []
2026-09-15 12:38:47.551 [scheduling-1] INFO  c.c.e.c.s.CryptoInitializerService - Starting crypto price synchronization...
2026-09-15 12:38:47.601 [scheduling-1] INFO  c.c.e.c.s.CryptoInitializerService - Success! Updated 8 cryptocurrencies
2026-09-15 12:38:47.601 [scheduling-1] INFO  c.c.e.core.aspect.LoggingAspect - Exit: com.crypto.exchange.core.service.CryptoInitializerService.scheduledPriceUpdate() executed in 50 ms with result = null
2026-09-15 12:38:47.601 [scheduling-1] INFO  c.c.e.core.aspect.LoggingAspect - Enter: com.crypto.exchange.core.service.CryptoInitializerService.scheduledPriceUpdate() with argument(s) = []
2026-09-15 12:38:47.601 [scheduling-1] INFO  c.c.e.c.s.CryptoInitializerService - Starting crypto price synchronization...
2026-09-15 12:38:47.653 [scheduling-1] INFO  c.c.e.c.s.CryptoInitializerService - Success! Updated 8 cryptocurrencies
2026-09-15 12:38:47.653 [scheduling-1] INFO  c.c.e.core.aspect.LoggingAspect - Exit: com.crypto.exchange.core.service.CryptoInitializerService.scheduledPriceUpdate() executed in 52 ms with result = null
2026-09-15 12:38:47.653 [scheduling-1] INFO  c.c.e.core.aspect.LoggingAspect - Enter: com.crypto.exchange.core.service.CryptoInitializerService.scheduledPriceUpdate() with argument(s) = []
2026-09-15 12:38:47.653 [scheduling-1] INFO  c.c.e.c.s.CryptoInitializerService - Starting crypto price synchronization...
2026-09-15 12:38:47.705 [scheduling-1] INFO  c.c.e.c.s.CryptoInitializerService - Success! Updated 8 cryptocurrencies
2026-09-15 12:38:47.705 [scheduling-1] INFO  c.c.e.core.aspect.LoggingAspect - Exit: com.crypto.exchange.core.service.CryptoInitializerService.scheduledPriceUpdate() executed in 52 ms with result = null
2026-09-15 12:38:47.706 [scheduling-1] INFO  c.c.e.core.aspect.LoggingAspect - Enter: com.crypto.exchange.core.service.CryptoInitializerService.scheduledPriceUpdate() with argument(s) = []
2026-09-15 12:38:47.706 [scheduling-1] INFO  c.c.e.c.s.CryptoInitializerService - Starting crypto price synchronization...
2026-09-15 12:38:47.759 [scheduling-1] INFO  c.c.e.c.s.CryptoInitializerService - Success! Updated 8 cryptocurrencies
2026-09-15 12:38:47.759 [scheduling-1] INFO  c.c.e.core.aspect.LoggingAspect - Exit: com.crypto.exchange.core.service.CryptoInitializerService.scheduledPriceUpdate() executed in 53 ms with result = null
2026-09-15 12:38:47.759 [scheduling-1] INFO  c.c.e.core.aspect.LoggingAspect - Enter: com.crypto.exchange.core.service.CryptoInitializerService.scheduledPriceUpdate() with argument(s) = []
2026-09-15 12:38:47.759 [scheduling-1] INFO  c.c.e.c.s.CryptoInitializerService - Starting crypto price synchronization...
2026-09-15 12:38:47.812 [scheduling-1] INFO  c.c.e.c.s.CryptoInitializerService - Success! Updated 8 cryptocurrencies
2026-09-15 12:38:47.812 [scheduling-1] INFO  c.c.e.core.aspect.LoggingAspect - Exit: com.crypto.exchange.core.service.CryptoInitializerService.scheduledPriceUpdate() executed in 53 ms with result = null
2026-09-15 12:38:47.812 [scheduling-1] INFO  c.c.e.core.aspect.LoggingAspect - Enter: com.crypto.exchange.core.service.CryptoInitializerService.scheduledPriceUpdate() with argument(s) = []
2026-09-15 12:38:47.812 [scheduling-1] INFO  c.c.e.c.s.CryptoInitializerService - Starting crypto price synchronization...
2026-09-15 12:38:47.864 [scheduling-1] INFO  c.c.e.c.s.CryptoInitializerService - Success! Updated 8 cryptocurrencies
2026-09-15 12:38:47.864 [scheduling-1] INFO  c.c.e.core.aspect.LoggingAspect - Exit: com.crypto.exchange.core.service.CryptoInitializerService.scheduledPriceUpdate() executed in 52 ms with result = null
2026-09-15 12:38:47.864 [scheduling-1] INFO  c.c.e.core.aspect.LoggingAspect - Enter: com.crypto.exchange.core.service.CryptoInitializerService.scheduledPriceUpdate() with argument(s) = []
2026-09-15 12:38:47.864 [scheduling-1] INFO  c.c.e.c.s.CryptoInitializerService - Starting crypto price synchronization...
2026-09-15 12:38:47.930 [scheduling-1] INFO  c.c.e.c.s.CryptoInitializerService - Success! Updated 8 cryptocurrencies
2026-09-15 12:38:47.930 [scheduling-1] INFO  c.c.e.core.aspect.LoggingAspect - Exit: com.crypto.exchange.core.service.CryptoInitializerService.scheduledPriceUpdate() executed in 66 ms with result = null
2026-09-15 12:38:47.930 [scheduling-1] INFO  c.c.e.core.aspect.LoggingAspect - Enter: com.crypto.exchange.core.service.CryptoInitializerService.scheduledPriceUpdate() with argument(s) = []
2026-09-15 12:38:47.930 [scheduling-1] INFO  c.c.e.c.s.CryptoInitializerService - Starting crypto price synchronization...
2026-09-15 12:38:48.011 [scheduling-1] INFO  c.c.e.c.s.CryptoInitializerService - Success! Updated 8 cryptocurrencies
2026-09-15 12:38:48.011 [scheduling-1] INFO  c.c.e.core.aspect.LoggingAspect - Exit: com.crypto.exchange.core.service.CryptoInitializerService.scheduledPriceUpdate() executed in 81 ms with result = null
2026-09-15 12:38:48.011 [scheduling-1] INFO  c.c.e.core.aspect.LoggingAspect - Enter: com.crypto.exchange.core.service.CryptoInitializerService.scheduledPriceUpdate() with argument(s) = []
2026-09-15 12:38:48.011 [scheduling-1] INFO  c.c.e.c.s.CryptoInitializerService - Starting crypto price synchronization...
2026-09-15 12:38:48.055 [scheduling-1] INFO  c.c.e.c.s.CryptoInitializerService - Success! Updated 8 cryptocurrencies
2026-09-15 12:38:48.055 [scheduling-1] INFO  c.c.e.core.aspect.LoggingAspect - Exit: com.crypto.exchange.core.service.CryptoInitializerService.scheduledPriceUpdate() executed in 44 ms with result = null
2026-09-15 12:38:48.055 [scheduling-1] INFO  c.c.e.core.aspect.LoggingAspect - Enter: com.crypto.exchange.core.service.CryptoInitializerService.scheduledPriceUpdate() with argument(s) = []
2026-09-15 12:38:48.055 [scheduling-1] INFO  c.c.e.c.s.CryptoInitializerService - Starting crypto price synchronization...
2026-09-15 12:38:48.105 [scheduling-1] INFO  c.c.e.c.s.CryptoInitializerService - Success! Updated 8 cryptocurrencies
2026-09-15 12:38:48.105 [scheduling-1] INFO  c.c.e.core.aspect.LoggingAspect - Exit: com.crypto.exchange.core.service.CryptoInitializerService.scheduledPriceUpdate() executed in 50 ms with result = null
2026-09-15 12:38:48.105 [scheduling-1] INFO  c.c.e.core.aspect.LoggingAspect - Enter: com.crypto.exchange.core.service.CryptoInitializerService.scheduledPriceUpdate() with argument(s) = []
2026-09-15 12:38:48.105 [scheduling-1] INFO  c.c.e.c.s.CryptoInitializerService - Starting crypto price synchronization...
2026-09-15 12:38:48.161 [scheduling-1] INFO  c.c.e.c.s.CryptoInitializerService - Success! Updated 8 cryptocurrencies
2026-09-15 12:38:48.161 [scheduling-1] INFO  c.c.e.core.aspect.LoggingAspect - Exit: com.crypto.exchange.core.service.CryptoInitializerService.scheduledPriceUpdate() executed in 56 ms with result = null
2026-09-15 12:38:48.162 [scheduling-1] INFO  c.c.e.core.aspect.LoggingAspect - Enter: com.crypto.exchange.core.service.CryptoInitializerService.scheduledPriceUpdate() with argument(s) = []
2026-09-15 12:38:48.162 [scheduling-1] INFO  c.c.e.c.s.CryptoInitializerService - Starting crypto price synchronization...
2026-09-15 12:38:48.223 [scheduling-1] INFO  c.c.e.c.s.CryptoInitializerService - Success! Updated 8 cryptocurrencies
2026-09-15 12:38:48.223 [scheduling-1] INFO  c.c.e.core.aspect.LoggingAspect - Exit: com.crypto.exchange.core.service.CryptoInitializerService.scheduledPriceUpdate() executed in 61 ms with result = null
2026-09-15 12:38:48.223 [scheduling-1] INFO  c.c.e.core.aspect.LoggingAspect - Enter: com.crypto.exchange.core.service.CryptoInitializerService.scheduledPriceUpdate() with argument(s) = []
2026-09-15 12:38:48.223 [scheduling-1] INFO  c.c.e.c.s.CryptoInitializerService - Starting crypto price synchronization...
2026-09-15 12:38:48.277 [scheduling-1] INFO  c.c.e.c.s.CryptoInitializerService - Success! Updated 8 cryptocurrencies
2026-09-15 12:38:48.277 [scheduling-1] INFO  c.c.e.core.aspect.LoggingAspect - Exit: com.crypto.exchange.core.service.CryptoInitializerService.scheduledPriceUpdate() executed in 54 ms with result = null
2026-09-15 12:38:48.278 [scheduling-1] INFO  c.c.e.core.aspect.LoggingAspect - Enter: com.crypto.exchange.core.service.CryptoInitializerService.scheduledPriceUpdate() with argument(s) = []
2026-09-15 12:38:48.278 [scheduling-1] INFO  c.c.e.c.s.CryptoInitializerService - Starting crypto price synchronization...
2026-09-15 12:38:48.357 [scheduling-1] INFO  c.c.e.c.s.CryptoInitializerService - Success! Updated 8 cryptocurrencies
2026-09-15 12:38:48.358 [scheduling-1] INFO  c.c.e.core.aspect.LoggingAspect - Exit: com.crypto.exchange.core.service.CryptoInitializerService.scheduledPriceUpdate() executed in 80 ms with result = null
2026-09-15 12:38:48.358 [scheduling-1] INFO  c.c.e.core.aspect.LoggingAspect - Enter: com.crypto.exchange.core.service.CryptoInitializerService.scheduledPriceUpdate() with argument(s) = []
2026-09-15 12:38:48.358 [scheduling-1] INFO  c.c.e.c.s.CryptoInitializerService - Starting crypto price synchronization...
2026-09-15 12:38:48.406 [scheduling-1] INFO  c.c.e.c.s.CryptoInitializerService - Success! Updated 8 cryptocurrencies
2026-09-15 12:38:48.406 [scheduling-1] INFO  c.c.e.core.aspect.LoggingAspect - Exit: com.crypto.exchange.core.service.CryptoInitializerService.scheduledPriceUpdate() executed in 48 ms with result = null
2026-09-15 12:38:48.407 [scheduling-1] INFO  c.c.e.core.aspect.LoggingAspect - Enter: com.crypto.exchange.core.service.CryptoInitializerService.scheduledPriceUpdate() with argument(s) = []
2026-09-15 12:38:48.407 [scheduling-1] INFO  c.c.e.c.s.CryptoInitializerService - Starting crypto price synchronization...
2026-09-15 12:38:48.452 [scheduling-1] INFO  c.c.e.c.s.CryptoInitializerService - Success! Updated 8 cryptocurrencies
2026-09-15 12:38:48.452 [scheduling-1] INFO  c.c.e.core.aspect.LoggingAspect - Exit: com.crypto.exchange.core.service.CryptoInitializerService.scheduledPriceUpdate() executed in 45 ms with result = null
2026-09-15 12:38:48.453 [scheduling-1] INFO  c.c.e.core.aspect.LoggingAspect - Enter: com.crypto.exchange.core.service.CryptoInitializerService.scheduledPriceUpdate() with argument(s) = []
2026-09-15 12:38:48.453 [scheduling-1] INFO  c.c.e.c.s.CryptoInitializerService - Starting crypto price synchronization...
2026-09-15 12:38:48.540 [scheduling-1] INFO  c.c.e.c.s.CryptoInitializerService - Success! Updated 8 cryptocurrencies
2026-09-15 12:38:48.540 [scheduling-1] INFO  c.c.e.core.aspect.LoggingAspect - Exit: com.crypto.exchange.core.service.CryptoInitializerService.scheduledPriceUpdate() executed in 87 ms with result = null
2026-09-15 12:38:48.540 [scheduling-1] INFO  c.c.e.core.aspect.LoggingAspect - Enter: com.crypto.exchange.core.service.CryptoInitializerService.scheduledPriceUpdate() with argument(s) = []
2026-09-15 12:38:48.540 [scheduling-1] INFO  c.c.e.c.s.CryptoInitializerService - Starting crypto price synchronization...
2026-09-15 12:38:48.584 [scheduling-1] INFO  c.c.e.c.s.CryptoInitializerService - Success! Updated 8 cryptocurrencies
2026-09-15 12:38:48.584 [scheduling-1] INFO  c.c.e.core.aspect.LoggingAspect - Exit: com.crypto.exchange.core.service.CryptoInitializerService.scheduledPriceUpdate() executed in 44 ms with result = null
2026-09-15 12:41:58.842 [SpringApplicationShutdownHook] INFO  o.s.o.j.LocalContainerEntityManagerFactoryBean - Closing JPA EntityManagerFactory for persistence unit 'default'
2026-09-15 12:41:58.846 [SpringApplicationShutdownHook] INFO  com.zaxxer.hikari.HikariDataSource - HikariPool-1 - Shutdown initiated...
2026-09-15 12:41:58.849 [SpringApplicationShutdownHook] INFO  com.zaxxer.hikari.HikariDataSource - HikariPool-1 - Shutdown completed.
2026-09-15 13:43:28.791 [background-preinit] INFO  o.h.validator.internal.util.Version - HV000001: Hibernate Validator 8.0.1.Final
2026-09-15 13:43:28.839 [restartedMain] INFO  c.c.exchange.ExchangeApplication - Starting ExchangeApplication using Java 23.0.2 with PID 23012 (E:\bsuirapp\exchange\target\classes started by AxlLN in E:\bsuirapp\exchange)
2026-09-15 13:43:28.840 [restartedMain] DEBUG c.c.exchange.ExchangeApplication - Running with Spring Boot v3.2.5, Spring v6.1.6
2026-09-15 13:43:28.841 [restartedMain] INFO  c.c.exchange.ExchangeApplication - No active profile set, falling back to 1 default profile: "default"
2026-09-15 13:43:28.902 [restartedMain] INFO  o.s.b.d.e.DevToolsPropertyDefaultsPostProcessor - Devtools property defaults active! Set 'spring.devtools.add-properties' to 'false' to disable
2026-09-15 13:43:28.902 [restartedMain] INFO  o.s.b.d.e.DevToolsPropertyDefaultsPostProcessor - For additional web related logging consider setting the 'logging.level.web' property to 'DEBUG'
2026-09-15 13:43:29.618 [restartedMain] WARN  o.s.b.w.s.c.AnnotationConfigServletWebServerApplicationContext - Exception encountered during context initialization - cancelling refresh attempt: org.springframework.beans.factory.support.BeanDefinitionOverrideException: Invalid bean definition with name 'passwordEncoder' defined in class path resource [com/crypto/exchange/web/security/SecurityConfig.class]: Cannot register bean definition [Root bean: class [null]; scope=; abstract=false; lazyInit=null; autowireMode=3; dependencyCheck=0; autowireCandidate=true; primary=false; factoryBeanName=securityConfig; factoryMethodName=passwordEncoder; initMethodNames=null; destroyMethodNames=[(inferred)]; defined in class path resource [com/crypto/exchange/web/security/SecurityConfig.class]] for bean 'passwordEncoder' since there is already [Root bean: class [null]; scope=; abstract=false; lazyInit=null; autowireMode=3; dependencyCheck=0; autowireCandidate=true; primary=false; factoryBeanName=appConfig; factoryMethodName=passwordEncoder; initMethodNames=null; destroyMethodNames=[(inferred)]; defined in class path resource [com/crypto/exchange/config/AppConfig.class]] bound.
2026-09-15 13:43:29.626 [restartedMain] INFO  o.s.b.a.l.ConditionEvaluationReportLogger - 

Error starting ApplicationContext. To display the condition evaluation report re-run your application with 'debug' enabled.
2026-09-15 13:43:29.641 [restartedMain] ERROR o.s.b.d.LoggingFailureAnalysisReporter - 

***************************
APPLICATION FAILED TO START
***************************

Description:

The bean 'passwordEncoder', defined in class path resource [com/crypto/exchange/web/security/SecurityConfig.class], could not be registered. A bean with that name has already been defined in class path resource [com/crypto/exchange/config/AppConfig.class] and overriding is disabled.

Action:

Consider renaming one of the beans or enabling overriding by setting spring.main.allow-bean-definition-overriding=true

2026-09-15 13:44:29.373 [background-preinit] INFO  o.h.validator.internal.util.Version - HV000001: Hibernate Validator 8.0.1.Final
2026-09-15 13:44:29.417 [restartedMain] INFO  c.c.exchange.ExchangeApplication - Starting ExchangeApplication using Java 23.0.2 with PID 25828 (E:\bsuirapp\exchange\target\classes started by AxlLN in E:\bsuirapp\exchange)
2026-09-15 13:44:29.417 [restartedMain] DEBUG c.c.exchange.ExchangeApplication - Running with Spring Boot v3.2.5, Spring v6.1.6
2026-09-15 13:44:29.418 [restartedMain] INFO  c.c.exchange.ExchangeApplication - No active profile set, falling back to 1 default profile: "default"
2026-09-15 13:44:29.485 [restartedMain] INFO  o.s.b.d.e.DevToolsPropertyDefaultsPostProcessor - Devtools property defaults active! Set 'spring.devtools.add-properties' to 'false' to disable
2026-09-15 13:44:29.485 [restartedMain] INFO  o.s.b.d.e.DevToolsPropertyDefaultsPostProcessor - For additional web related logging consider setting the 'logging.level.web' property to 'DEBUG'
2026-09-15 13:44:30.412 [restartedMain] INFO  o.s.d.r.c.RepositoryConfigurationDelegate - Bootstrapping Spring Data JPA repositories in DEFAULT mode.
2026-09-15 13:44:30.484 [restartedMain] INFO  o.s.d.r.c.RepositoryConfigurationDelegate - Finished Spring Data repository scanning in 64 ms. Found 6 JPA repository interfaces.
2026-09-15 13:44:30.836 [restartedMain] WARN  o.s.c.s.PostProcessorRegistrationDelegate$BeanPostProcessorChecker - Bean 'org.springframework.ws.config.annotation.DelegatingWsConfiguration' of type [org.springframework.ws.config.annotation.DelegatingWsConfiguration$$SpringCGLIB$$0] is not eligible for getting processed by all BeanPostProcessors (for example: not eligible for auto-proxying). The currently created BeanPostProcessor [annotationActionEndpointMapping] is declared through a non-static factory method on that class; consider declaring it as static instead.
2026-09-15 13:44:30.868 [restartedMain] INFO  o.s.w.s.a.s.AnnotationActionEndpointMapping - Supporting [WS-Addressing August 2004, WS-Addressing 1.0]
2026-09-15 13:44:31.366 [restartedMain] INFO  o.s.b.w.e.tomcat.TomcatWebServer - Tomcat initialized with port 8080 (http)
2026-09-15 13:44:31.376 [restartedMain] INFO  o.a.coyote.http11.Http11NioProtocol - Initializing ProtocolHandler ["http-nio-8080"]
2026-09-15 13:44:31.380 [restartedMain] INFO  o.a.catalina.core.StandardService - Starting service [Tomcat]
2026-09-15 13:44:31.380 [restartedMain] INFO  o.a.catalina.core.StandardEngine - Starting Servlet engine: [Apache Tomcat/10.1.20]
2026-09-15 13:44:31.437 [restartedMain] INFO  o.a.c.c.C.[Tomcat].[localhost].[/] - Initializing Spring embedded WebApplicationContext
2026-09-15 13:44:31.438 [restartedMain] INFO  o.s.b.w.s.c.ServletWebServerApplicationContext - Root WebApplicationContext: initialization completed in 1952 ms
2026-09-15 13:44:31.466 [restartedMain] ERROR o.s.b.w.e.tomcat.TomcatStarter - Error starting Tomcat context. Exception: org.springframework.beans.factory.UnsatisfiedDependencyException. Message: Error creating bean with name 'jwtAuthenticationFilter' defined in file [E:\bsuirapp\exchange\target\classes\com\crypto\exchange\web\security\JwtAuthenticationFilter.class]: Unsatisfied dependency expressed through constructor parameter 0: Error creating bean with name 'jwtTokenProvider' defined in file [E:\bsuirapp\exchange\target\classes\com\crypto\exchange\web\security\JwtTokenProvider.class]: Unexpected exception during bean creation
2026-09-15 13:44:31.493 [restartedMain] INFO  o.a.catalina.core.StandardService - Stopping service [Tomcat]
2026-09-15 13:44:31.503 [restartedMain] WARN  o.s.b.w.s.c.AnnotationConfigServletWebServerApplicationContext - Exception encountered during context initialization - cancelling refresh attempt: org.springframework.context.ApplicationContextException: Unable to start web server
2026-09-15 13:44:31.511 [restartedMain] INFO  o.s.b.a.l.ConditionEvaluationReportLogger - 

Error starting ApplicationContext. To display the condition evaluation report re-run your application with 'debug' enabled.
2026-09-15 13:44:31.528 [restartedMain] ERROR o.s.boot.SpringApplication - Application run failed
org.springframework.context.ApplicationContextException: Unable to start web server
	at org.springframework.boot.web.servlet.context.ServletWebServerApplicationContext.onRefresh(ServletWebServerApplicationContext.java:165)
	at org.springframework.context.support.AbstractApplicationContext.refresh(AbstractApplicationContext.java:618)
	at org.springframework.boot.web.servlet.context.ServletWebServerApplicationContext.refresh(ServletWebServerApplicationContext.java:146)
	at org.springframework.boot.SpringApplication.refresh(SpringApplication.java:754)
	at org.springframework.boot.SpringApplication.refreshContext(SpringApplication.java:456)
	at org.springframework.boot.SpringApplication.run(SpringApplication.java:334)
	at org.springframework.boot.SpringApplication.run(SpringApplication.java:1354)
	at org.springframework.boot.SpringApplication.run(SpringApplication.java:1343)
	at com.crypto.exchange.ExchangeApplication.main(ExchangeApplication.java:15)
	at java.base/jdk.internal.reflect.DirectMethodHandleAccessor.invoke(DirectMethodHandleAccessor.java:103)
	at java.base/java.lang.reflect.Method.invoke(Method.java:580)
	at org.springframework.boot.devtools.restart.RestartLauncher.run(RestartLauncher.java:50)
Caused by: org.springframework.boot.web.server.WebServerException: Unable to start embedded Tomcat
	at org.springframework.boot.web.embedded.tomcat.TomcatWebServer.initialize(TomcatWebServer.java:145)
	at org.springframework.boot.web.embedded.tomcat.TomcatWebServer.<init>(TomcatWebServer.java:105)
	at org.springframework.boot.web.embedded.tomcat.TomcatServletWebServerFactory.getTomcatWebServer(TomcatServletWebServerFactory.java:499)
	at org.springframework.boot.web.embedded.tomcat.TomcatServletWebServerFactory.getWebServer(TomcatServletWebServerFactory.java:218)
	at org.springframework.boot.web.servlet.context.ServletWebServerApplicationContext.createWebServer(ServletWebServerApplicationContext.java:188)
	at org.springframework.boot.web.servlet.context.ServletWebServerApplicationContext.onRefresh(ServletWebServerApplicationContext.java:162)
	... 11 common frames omitted
Caused by: org.springframework.beans.factory.UnsatisfiedDependencyException: Error creating bean with name 'jwtAuthenticationFilter' defined in file [E:\bsuirapp\exchange\target\classes\com\crypto\exchange\web\security\JwtAuthenticationFilter.class]: Unsatisfied dependency expressed through constructor parameter 0: Error creating bean with name 'jwtTokenProvider' defined in file [E:\bsuirapp\exchange\target\classes\com\crypto\exchange\web\security\JwtTokenProvider.class]: Unexpected exception during bean creation
	at org.springframework.beans.factory.support.ConstructorResolver.createArgumentArray(ConstructorResolver.java:795)
	at org.springframework.beans.factory.support.ConstructorResolver.autowireConstructor(ConstructorResolver.java:237)
	at org.springframework.beans.factory.support.AbstractAutowireCapableBeanFactory.autowireConstructor(AbstractAutowireCapableBeanFactory.java:1355)
	at org.springframework.beans.factory.support.AbstractAutowireCapableBeanFactory.createBeanInstance(AbstractAutowireCapableBeanFactory.java:1192)
	at org.springframework.beans.factory.support.AbstractAutowireCapableBeanFactory.doCreateBean(AbstractAutowireCapableBeanFactory.java:562)
	at org.springframework.beans.factory.support.AbstractAutowireCapableBeanFactory.createBean(AbstractAutowireCapableBeanFactory.java:522)
	at org.springframework.beans.factory.support.AbstractBeanFactory.lambda$doGetBean$0(AbstractBeanFactory.java:326)
	at org.springframework.beans.factory.support.DefaultSingletonBeanRegistry.getSingleton(DefaultSingletonBeanRegistry.java:234)
	at org.springframework.beans.factory.support.AbstractBeanFactory.doGetBean(AbstractBeanFactory.java:324)
	at org.springframework.beans.factory.support.AbstractBeanFactory.getBean(AbstractBeanFactory.java:205)
	at org.springframework.boot.web.servlet.ServletContextInitializerBeans.getOrderedBeansOfType(ServletContextInitializerBeans.java:210)
	at org.springframework.boot.web.servlet.ServletContextInitializerBeans.addAsRegistrationBean(ServletContextInitializerBeans.java:173)
	at org.springframework.boot.web.servlet.ServletContextInitializerBeans.addAsRegistrationBean(ServletContextInitializerBeans.java:168)
	at org.springframework.boot.web.servlet.ServletContextInitializerBeans.addAdaptableBeans(ServletContextInitializerBeans.java:153)
	at org.springframework.boot.web.servlet.ServletContextInitializerBeans.<init>(ServletContextInitializerBeans.java:86)
	at org.springframework.boot.web.servlet.context.ServletWebServerApplicationContext.getServletContextInitializerBeans(ServletWebServerApplicationContext.java:266)
	at org.springframework.boot.web.servlet.context.ServletWebServerApplicationContext.selfInitialize(ServletWebServerApplicationContext.java:240)
	at org.springframework.boot.web.embedded.tomcat.TomcatStarter.onStartup(TomcatStarter.java:52)
	at org.apache.catalina.core.StandardContext.startInternal(StandardContext.java:4880)
	at org.apache.catalina.util.LifecycleBase.start(LifecycleBase.java:171)
	at org.apache.catalina.core.ContainerBase$StartChild.call(ContainerBase.java:1332)
	at org.apache.catalina.core.ContainerBase$StartChild.call(ContainerBase.java:1322)
	at java.base/java.util.concurrent.FutureTask.run(FutureTask.java:317)
	at org.apache.tomcat.util.threads.InlineExecutorService.execute(InlineExecutorService.java:75)
	at java.base/java.util.concurrent.AbstractExecutorService.submit(AbstractExecutorService.java:148)
	at org.apache.catalina.core.ContainerBase.startInternal(ContainerBase.java:866)
	at org.apache.catalina.core.StandardHost.startInternal(StandardHost.java:845)
	at org.apache.catalina.util.LifecycleBase.start(LifecycleBase.java:171)
	at org.apache.catalina.core.ContainerBase$StartChild.call(ContainerBase.java:1332)
	at org.apache.catalina.core.ContainerBase$StartChild.call(ContainerBase.java:1322)
	at java.base/java.util.concurrent.FutureTask.run(FutureTask.java:317)
	at org.apache.tomcat.util.threads.InlineExecutorService.execute(InlineExecutorService.java:75)
	at java.base/java.util.concurrent.AbstractExecutorService.submit(AbstractExecutorService.java:148)
	at org.apache.catalina.core.ContainerBase.startInternal(ContainerBase.java:866)
	at org.apache.catalina.core.StandardEngine.startInternal(StandardEngine.java:240)
	at org.apache.catalina.util.LifecycleBase.start(LifecycleBase.java:171)
	at org.apache.catalina.core.StandardService.startInternal(StandardService.java:433)
	at org.apache.catalina.util.LifecycleBase.start(LifecycleBase.java:171)
	at org.apache.catalina.core.StandardServer.startInternal(StandardServer.java:921)
	at org.apache.catalina.util.LifecycleBase.start(LifecycleBase.java:171)
	at org.apache.catalina.startup.Tomcat.start(Tomcat.java:437)
	at org.springframework.boot.web.embedded.tomcat.TomcatWebServer.initialize(TomcatWebServer.java:126)
	... 16 common frames omitted
Caused by: org.springframework.beans.factory.BeanCreationException: Error creating bean with name 'jwtTokenProvider' defined in file [E:\bsuirapp\exchange\target\classes\com\crypto\exchange\web\security\JwtTokenProvider.class]: Unexpected exception during bean creation
	at org.springframework.beans.factory.support.AbstractAutowireCapableBeanFactory.createBean(AbstractAutowireCapableBeanFactory.java:535)
	at org.springframework.beans.factory.support.AbstractBeanFactory.lambda$doGetBean$0(AbstractBeanFactory.java:326)
	at org.springframework.beans.factory.support.DefaultSingletonBeanRegistry.getSingleton(DefaultSingletonBeanRegistry.java:234)
	at org.springframework.beans.factory.support.AbstractBeanFactory.doGetBean(AbstractBeanFactory.java:324)
	at org.springframework.beans.factory.support.AbstractBeanFactory.getBean(AbstractBeanFactory.java:200)
	at org.springframework.beans.factory.config.DependencyDescriptor.resolveCandidate(DependencyDescriptor.java:254)
	at org.springframework.beans.factory.support.DefaultListableBeanFactory.doResolveDependency(DefaultListableBeanFactory.java:1443)
	at org.springframework.beans.factory.support.DefaultListableBeanFactory.resolveDependency(DefaultListableBeanFactory.java:1353)
	at org.springframework.beans.factory.support.ConstructorResolver.resolveAutowiredArgument(ConstructorResolver.java:904)
	at org.springframework.beans.factory.support.ConstructorResolver.createArgumentArray(ConstructorResolver.java:782)
	... 57 common frames omitted
Caused by: java.lang.IllegalArgumentException: Could not resolve placeholder 'app.jwt.secret' in value "${app.jwt.secret}"
	at org.springframework.util.PropertyPlaceholderHelper.parseStringValue(PropertyPlaceholderHelper.java:180)
	at org.springframework.util.PropertyPlaceholderHelper.replacePlaceholders(PropertyPlaceholderHelper.java:126)
	at org.springframework.core.env.AbstractPropertyResolver.doResolvePlaceholders(AbstractPropertyResolver.java:239)
	at org.springframework.core.env.AbstractPropertyResolver.resolveRequiredPlaceholders(AbstractPropertyResolver.java:210)
	at org.springframework.context.support.PropertySourcesPlaceholderConfigurer.lambda$processProperties$0(PropertySourcesPlaceholderConfigurer.java:200)
	at org.springframework.beans.factory.support.AbstractBeanFactory.resolveEmbeddedValue(AbstractBeanFactory.java:953)
	at org.springframework.beans.factory.support.DefaultListableBeanFactory.doResolveDependency(DefaultListableBeanFactory.java:1374)
	at org.springframework.beans.factory.support.DefaultListableBeanFactory.resolveDependency(DefaultListableBeanFactory.java:1353)
	at org.springframework.beans.factory.support.ConstructorResolver.resolveAutowiredArgument(ConstructorResolver.java:904)
	at org.springframework.beans.factory.support.ConstructorResolver.createArgumentArray(ConstructorResolver.java:782)
	at org.springframework.beans.factory.support.ConstructorResolver.autowireConstructor(ConstructorResolver.java:237)
	at org.springframework.beans.factory.support.AbstractAutowireCapableBeanFactory.autowireConstructor(AbstractAutowireCapableBeanFactory.java:1355)
	at org.springframework.beans.factory.support.AbstractAutowireCapableBeanFactory.createBeanInstance(AbstractAutowireCapableBeanFactory.java:1192)
	at org.springframework.beans.factory.support.AbstractAutowireCapableBeanFactory.doCreateBean(AbstractAutowireCapableBeanFactory.java:562)
	at org.springframework.beans.factory.support.AbstractAutowireCapableBeanFactory.createBean(AbstractAutowireCapableBeanFactory.java:522)
	... 66 common frames omitted
2026-09-15 13:45:35.801 [background-preinit] INFO  o.h.validator.internal.util.Version - HV000001: Hibernate Validator 8.0.1.Final
2026-09-15 13:45:35.859 [restartedMain] INFO  c.c.exchange.ExchangeApplication - Starting ExchangeApplication using Java 23.0.2 with PID 15132 (E:\bsuirapp\exchange\target\classes started by AxlLN in E:\bsuirapp\exchange)
2026-09-15 13:45:35.859 [restartedMain] DEBUG c.c.exchange.ExchangeApplication - Running with Spring Boot v3.2.5, Spring v6.1.6
2026-09-15 13:45:35.860 [restartedMain] INFO  c.c.exchange.ExchangeApplication - No active profile set, falling back to 1 default profile: "default"
2026-09-15 13:45:35.924 [restartedMain] INFO  o.s.b.d.e.DevToolsPropertyDefaultsPostProcessor - Devtools property defaults active! Set 'spring.devtools.add-properties' to 'false' to disable
2026-09-15 13:45:35.924 [restartedMain] INFO  o.s.b.d.e.DevToolsPropertyDefaultsPostProcessor - For additional web related logging consider setting the 'logging.level.web' property to 'DEBUG'
2026-09-15 13:45:36.993 [restartedMain] INFO  o.s.d.r.c.RepositoryConfigurationDelegate - Bootstrapping Spring Data JPA repositories in DEFAULT mode.
2026-09-15 13:45:37.060 [restartedMain] INFO  o.s.d.r.c.RepositoryConfigurationDelegate - Finished Spring Data repository scanning in 59 ms. Found 6 JPA repository interfaces.
2026-09-15 13:45:37.447 [restartedMain] WARN  o.s.c.s.PostProcessorRegistrationDelegate$BeanPostProcessorChecker - Bean 'org.springframework.ws.config.annotation.DelegatingWsConfiguration' of type [org.springframework.ws.config.annotation.DelegatingWsConfiguration$$SpringCGLIB$$0] is not eligible for getting processed by all BeanPostProcessors (for example: not eligible for auto-proxying). The currently created BeanPostProcessor [annotationActionEndpointMapping] is declared through a non-static factory method on that class; consider declaring it as static instead.
2026-09-15 13:45:37.473 [restartedMain] INFO  o.s.w.s.a.s.AnnotationActionEndpointMapping - Supporting [WS-Addressing August 2004, WS-Addressing 1.0]
2026-09-15 13:45:37.997 [restartedMain] INFO  o.s.b.w.e.tomcat.TomcatWebServer - Tomcat initialized with port 8080 (http)
2026-09-15 13:45:38.007 [restartedMain] INFO  o.a.coyote.http11.Http11NioProtocol - Initializing ProtocolHandler ["http-nio-8080"]
2026-09-15 13:45:38.010 [restartedMain] INFO  o.a.catalina.core.StandardService - Starting service [Tomcat]
2026-09-15 13:45:38.010 [restartedMain] INFO  o.a.catalina.core.StandardEngine - Starting Servlet engine: [Apache Tomcat/10.1.20]
2026-09-15 13:45:38.065 [restartedMain] INFO  o.a.c.c.C.[Tomcat].[localhost].[/] - Initializing Spring embedded WebApplicationContext
2026-09-15 13:45:38.066 [restartedMain] INFO  o.s.b.w.s.c.ServletWebServerApplicationContext - Root WebApplicationContext: initialization completed in 2141 ms
2026-09-15 13:45:38.092 [restartedMain] ERROR o.s.b.w.e.tomcat.TomcatStarter - Error starting Tomcat context. Exception: org.springframework.beans.factory.UnsatisfiedDependencyException. Message: Error creating bean with name 'jwtAuthenticationFilter' defined in file [E:\bsuirapp\exchange\target\classes\com\crypto\exchange\web\security\JwtAuthenticationFilter.class]: Unsatisfied dependency expressed through constructor parameter 0: Error creating bean with name 'jwtTokenProvider' defined in file [E:\bsuirapp\exchange\target\classes\com\crypto\exchange\web\security\JwtTokenProvider.class]: Unexpected exception during bean creation
2026-09-15 13:45:38.116 [restartedMain] INFO  o.a.catalina.core.StandardService - Stopping service [Tomcat]
2026-09-15 13:45:38.127 [restartedMain] WARN  o.s.b.w.s.c.AnnotationConfigServletWebServerApplicationContext - Exception encountered during context initialization - cancelling refresh attempt: org.springframework.context.ApplicationContextException: Unable to start web server
2026-09-15 13:45:38.139 [restartedMain] INFO  o.s.b.a.l.ConditionEvaluationReportLogger - 

Error starting ApplicationContext. To display the condition evaluation report re-run your application with 'debug' enabled.
2026-09-15 13:45:38.156 [restartedMain] ERROR o.s.boot.SpringApplication - Application run failed
org.springframework.context.ApplicationContextException: Unable to start web server
	at org.springframework.boot.web.servlet.context.ServletWebServerApplicationContext.onRefresh(ServletWebServerApplicationContext.java:165)
	at org.springframework.context.support.AbstractApplicationContext.refresh(AbstractApplicationContext.java:618)
	at org.springframework.boot.web.servlet.context.ServletWebServerApplicationContext.refresh(ServletWebServerApplicationContext.java:146)
	at org.springframework.boot.SpringApplication.refresh(SpringApplication.java:754)
	at org.springframework.boot.SpringApplication.refreshContext(SpringApplication.java:456)
	at org.springframework.boot.SpringApplication.run(SpringApplication.java:334)
	at org.springframework.boot.SpringApplication.run(SpringApplication.java:1354)
	at org.springframework.boot.SpringApplication.run(SpringApplication.java:1343)
	at com.crypto.exchange.ExchangeApplication.main(ExchangeApplication.java:15)
	at java.base/jdk.internal.reflect.DirectMethodHandleAccessor.invoke(DirectMethodHandleAccessor.java:103)
	at java.base/java.lang.reflect.Method.invoke(Method.java:580)
	at org.springframework.boot.devtools.restart.RestartLauncher.run(RestartLauncher.java:50)
Caused by: org.springframework.boot.web.server.WebServerException: Unable to start embedded Tomcat
	at org.springframework.boot.web.embedded.tomcat.TomcatWebServer.initialize(TomcatWebServer.java:145)
	at org.springframework.boot.web.embedded.tomcat.TomcatWebServer.<init>(TomcatWebServer.java:105)
	at org.springframework.boot.web.embedded.tomcat.TomcatServletWebServerFactory.getTomcatWebServer(TomcatServletWebServerFactory.java:499)
	at org.springframework.boot.web.embedded.tomcat.TomcatServletWebServerFactory.getWebServer(TomcatServletWebServerFactory.java:218)
	at org.springframework.boot.web.servlet.context.ServletWebServerApplicationContext.createWebServer(ServletWebServerApplicationContext.java:188)
	at org.springframework.boot.web.servlet.context.ServletWebServerApplicationContext.onRefresh(ServletWebServerApplicationContext.java:162)
	... 11 common frames omitted
Caused by: org.springframework.beans.factory.UnsatisfiedDependencyException: Error creating bean with name 'jwtAuthenticationFilter' defined in file [E:\bsuirapp\exchange\target\classes\com\crypto\exchange\web\security\JwtAuthenticationFilter.class]: Unsatisfied dependency expressed through constructor parameter 0: Error creating bean with name 'jwtTokenProvider' defined in file [E:\bsuirapp\exchange\target\classes\com\crypto\exchange\web\security\JwtTokenProvider.class]: Unexpected exception during bean creation
	at org.springframework.beans.factory.support.ConstructorResolver.createArgumentArray(ConstructorResolver.java:795)
	at org.springframework.beans.factory.support.ConstructorResolver.autowireConstructor(ConstructorResolver.java:237)
	at org.springframework.beans.factory.support.AbstractAutowireCapableBeanFactory.autowireConstructor(AbstractAutowireCapableBeanFactory.java:1355)
	at org.springframework.beans.factory.support.AbstractAutowireCapableBeanFactory.createBeanInstance(AbstractAutowireCapableBeanFactory.java:1192)
	at org.springframework.beans.factory.support.AbstractAutowireCapableBeanFactory.doCreateBean(AbstractAutowireCapableBeanFactory.java:562)
	at org.springframework.beans.factory.support.AbstractAutowireCapableBeanFactory.createBean(AbstractAutowireCapableBeanFactory.java:522)
	at org.springframework.beans.factory.support.AbstractBeanFactory.lambda$doGetBean$0(AbstractBeanFactory.java:326)
	at org.springframework.beans.factory.support.DefaultSingletonBeanRegistry.getSingleton(DefaultSingletonBeanRegistry.java:234)
	at org.springframework.beans.factory.support.AbstractBeanFactory.doGetBean(AbstractBeanFactory.java:324)
	at org.springframework.beans.factory.support.AbstractBeanFactory.getBean(AbstractBeanFactory.java:205)
	at org.springframework.boot.web.servlet.ServletContextInitializerBeans.getOrderedBeansOfType(ServletContextInitializerBeans.java:210)
	at org.springframework.boot.web.servlet.ServletContextInitializerBeans.addAsRegistrationBean(ServletContextInitializerBeans.java:173)
	at org.springframework.boot.web.servlet.ServletContextInitializerBeans.addAsRegistrationBean(ServletContextInitializerBeans.java:168)
	at org.springframework.boot.web.servlet.ServletContextInitializerBeans.addAdaptableBeans(ServletContextInitializerBeans.java:153)
	at org.springframework.boot.web.servlet.ServletContextInitializerBeans.<init>(ServletContextInitializerBeans.java:86)
	at org.springframework.boot.web.servlet.context.ServletWebServerApplicationContext.getServletContextInitializerBeans(ServletWebServerApplicationContext.java:266)
	at org.springframework.boot.web.servlet.context.ServletWebServerApplicationContext.selfInitialize(ServletWebServerApplicationContext.java:240)
	at org.springframework.boot.web.embedded.tomcat.TomcatStarter.onStartup(TomcatStarter.java:52)
	at org.apache.catalina.core.StandardContext.startInternal(StandardContext.java:4880)
	at org.apache.catalina.util.LifecycleBase.start(LifecycleBase.java:171)
	at org.apache.catalina.core.ContainerBase$StartChild.call(ContainerBase.java:1332)
	at org.apache.catalina.core.ContainerBase$StartChild.call(ContainerBase.java:1322)
	at java.base/java.util.concurrent.FutureTask.run(FutureTask.java:317)
	at org.apache.tomcat.util.threads.InlineExecutorService.execute(InlineExecutorService.java:75)
	at java.base/java.util.concurrent.AbstractExecutorService.submit(AbstractExecutorService.java:148)
	at org.apache.catalina.core.ContainerBase.startInternal(ContainerBase.java:866)
	at org.apache.catalina.core.StandardHost.startInternal(StandardHost.java:845)
	at org.apache.catalina.util.LifecycleBase.start(LifecycleBase.java:171)
	at org.apache.catalina.core.ContainerBase$StartChild.call(ContainerBase.java:1332)
	at org.apache.catalina.core.ContainerBase$StartChild.call(ContainerBase.java:1322)
	at java.base/java.util.concurrent.FutureTask.run(FutureTask.java:317)
	at org.apache.tomcat.util.threads.InlineExecutorService.execute(InlineExecutorService.java:75)
	at java.base/java.util.concurrent.AbstractExecutorService.submit(AbstractExecutorService.java:148)
	at org.apache.catalina.core.ContainerBase.startInternal(ContainerBase.java:866)
	at org.apache.catalina.core.StandardEngine.startInternal(StandardEngine.java:240)
	at org.apache.catalina.util.LifecycleBase.start(LifecycleBase.java:171)
	at org.apache.catalina.core.StandardService.startInternal(StandardService.java:433)
	at org.apache.catalina.util.LifecycleBase.start(LifecycleBase.java:171)
	at org.apache.catalina.core.StandardServer.startInternal(StandardServer.java:921)
	at org.apache.catalina.util.LifecycleBase.start(LifecycleBase.java:171)
	at org.apache.catalina.startup.Tomcat.start(Tomcat.java:437)
	at org.springframework.boot.web.embedded.tomcat.TomcatWebServer.initialize(TomcatWebServer.java:126)
	... 16 common frames omitted
Caused by: org.springframework.beans.factory.BeanCreationException: Error creating bean with name 'jwtTokenProvider' defined in file [E:\bsuirapp\exchange\target\classes\com\crypto\exchange\web\security\JwtTokenProvider.class]: Unexpected exception during bean creation
	at org.springframework.beans.factory.support.AbstractAutowireCapableBeanFactory.createBean(AbstractAutowireCapableBeanFactory.java:535)
	at org.springframework.beans.factory.support.AbstractBeanFactory.lambda$doGetBean$0(AbstractBeanFactory.java:326)
	at org.springframework.beans.factory.support.DefaultSingletonBeanRegistry.getSingleton(DefaultSingletonBeanRegistry.java:234)
	at org.springframework.beans.factory.support.AbstractBeanFactory.doGetBean(AbstractBeanFactory.java:324)
	at org.springframework.beans.factory.support.AbstractBeanFactory.getBean(AbstractBeanFactory.java:200)
	at org.springframework.beans.factory.config.DependencyDescriptor.resolveCandidate(DependencyDescriptor.java:254)
	at org.springframework.beans.factory.support.DefaultListableBeanFactory.doResolveDependency(DefaultListableBeanFactory.java:1443)
	at org.springframework.beans.factory.support.DefaultListableBeanFactory.resolveDependency(DefaultListableBeanFactory.java:1353)
	at org.springframework.beans.factory.support.ConstructorResolver.resolveAutowiredArgument(ConstructorResolver.java:904)
	at org.springframework.beans.factory.support.ConstructorResolver.createArgumentArray(ConstructorResolver.java:782)
	... 57 common frames omitted
Caused by: java.lang.IllegalArgumentException: Could not resolve placeholder 'JWT_SECRET' in value "${JWT_SECRET}"
	at org.springframework.util.PropertyPlaceholderHelper.parseStringValue(PropertyPlaceholderHelper.java:180)
	at org.springframework.util.PropertyPlaceholderHelper.replacePlaceholders(PropertyPlaceholderHelper.java:126)
	at org.springframework.core.env.AbstractPropertyResolver.doResolvePlaceholders(AbstractPropertyResolver.java:239)
	at org.springframework.core.env.AbstractPropertyResolver.resolveRequiredPlaceholders(AbstractPropertyResolver.java:210)
	at org.springframework.core.env.AbstractPropertyResolver.resolveNestedPlaceholders(AbstractPropertyResolver.java:230)
	at org.springframework.boot.context.properties.source.ConfigurationPropertySourcesPropertyResolver.getProperty(ConfigurationPropertySourcesPropertyResolver.java:80)
	at org.springframework.boot.context.properties.source.ConfigurationPropertySourcesPropertyResolver.getProperty(ConfigurationPropertySourcesPropertyResolver.java:61)
	at org.springframework.core.env.AbstractEnvironment.getProperty(AbstractEnvironment.java:552)
	at org.springframework.context.support.PropertySourcesPlaceholderConfigurer$1.getProperty(PropertySourcesPlaceholderConfigurer.java:153)
	at org.springframework.context.support.PropertySourcesPlaceholderConfigurer$1.getProperty(PropertySourcesPlaceholderConfigurer.java:149)
	at org.springframework.core.env.PropertySourcesPropertyResolver.getProperty(PropertySourcesPropertyResolver.java:85)
	at org.springframework.core.env.PropertySourcesPropertyResolver.getPropertyAsRawString(PropertySourcesPropertyResolver.java:74)
	at org.springframework.util.PropertyPlaceholderHelper.parseStringValue(PropertyPlaceholderHelper.java:153)
	at org.springframework.util.PropertyPlaceholderHelper.replacePlaceholders(PropertyPlaceholderHelper.java:126)
	at org.springframework.core.env.AbstractPropertyResolver.doResolvePlaceholders(AbstractPropertyResolver.java:239)
	at org.springframework.core.env.AbstractPropertyResolver.resolveRequiredPlaceholders(AbstractPropertyResolver.java:210)
	at org.springframework.context.support.PropertySourcesPlaceholderConfigurer.lambda$processProperties$0(PropertySourcesPlaceholderConfigurer.java:200)
	at org.springframework.beans.factory.support.AbstractBeanFactory.resolveEmbeddedValue(AbstractBeanFactory.java:953)
	at org.springframework.beans.factory.support.DefaultListableBeanFactory.doResolveDependency(DefaultListableBeanFactory.java:1374)
	at org.springframework.beans.factory.support.DefaultListableBeanFactory.resolveDependency(DefaultListableBeanFactory.java:1353)
	at org.springframework.beans.factory.support.ConstructorResolver.resolveAutowiredArgument(ConstructorResolver.java:904)
	at org.springframework.beans.factory.support.ConstructorResolver.createArgumentArray(ConstructorResolver.java:782)
	at org.springframework.beans.factory.support.ConstructorResolver.autowireConstructor(ConstructorResolver.java:237)
	at org.springframework.beans.factory.support.AbstractAutowireCapableBeanFactory.autowireConstructor(AbstractAutowireCapableBeanFactory.java:1355)
	at org.springframework.beans.factory.support.AbstractAutowireCapableBeanFactory.createBeanInstance(AbstractAutowireCapableBeanFactory.java:1192)
	at org.springframework.beans.factory.support.AbstractAutowireCapableBeanFactory.doCreateBean(AbstractAutowireCapableBeanFactory.java:562)
	at org.springframework.beans.factory.support.AbstractAutowireCapableBeanFactory.createBean(AbstractAutowireCapableBeanFactory.java:522)
	... 66 common frames omitted
2026-09-15 13:50:12.887 [background-preinit] INFO  o.h.validator.internal.util.Version - HV000001: Hibernate Validator 8.0.1.Final
2026-09-15 13:50:12.935 [restartedMain] INFO  c.c.exchange.ExchangeApplication - Starting ExchangeApplication using Java 23.0.2 with PID 19348 (E:\bsuirapp\exchange\target\classes started by AxlLN in E:\bsuirapp\exchange)
2026-09-15 13:50:12.936 [restartedMain] DEBUG c.c.exchange.ExchangeApplication - Running with Spring Boot v3.2.5, Spring v6.1.6
2026-09-15 13:50:12.937 [restartedMain] INFO  c.c.exchange.ExchangeApplication - No active profile set, falling back to 1 default profile: "default"
2026-09-15 13:50:13.003 [restartedMain] INFO  o.s.b.d.e.DevToolsPropertyDefaultsPostProcessor - Devtools property defaults active! Set 'spring.devtools.add-properties' to 'false' to disable
2026-09-15 13:50:13.003 [restartedMain] INFO  o.s.b.d.e.DevToolsPropertyDefaultsPostProcessor - For additional web related logging consider setting the 'logging.level.web' property to 'DEBUG'
2026-09-15 13:50:13.919 [restartedMain] INFO  o.s.d.r.c.RepositoryConfigurationDelegate - Bootstrapping Spring Data JPA repositories in DEFAULT mode.
2026-09-15 13:50:13.985 [restartedMain] INFO  o.s.d.r.c.RepositoryConfigurationDelegate - Finished Spring Data repository scanning in 59 ms. Found 6 JPA repository interfaces.
2026-09-15 13:50:14.321 [restartedMain] WARN  o.s.c.s.PostProcessorRegistrationDelegate$BeanPostProcessorChecker - Bean 'org.springframework.ws.config.annotation.DelegatingWsConfiguration' of type [org.springframework.ws.config.annotation.DelegatingWsConfiguration$$SpringCGLIB$$0] is not eligible for getting processed by all BeanPostProcessors (for example: not eligible for auto-proxying). The currently created BeanPostProcessor [annotationActionEndpointMapping] is declared through a non-static factory method on that class; consider declaring it as static instead.
2026-09-15 13:50:14.350 [restartedMain] INFO  o.s.w.s.a.s.AnnotationActionEndpointMapping - Supporting [WS-Addressing August 2004, WS-Addressing 1.0]
2026-09-15 13:50:14.797 [restartedMain] INFO  o.s.b.w.e.tomcat.TomcatWebServer - Tomcat initialized with port 8080 (http)
2026-09-15 13:50:14.812 [restartedMain] INFO  o.a.coyote.http11.Http11NioProtocol - Initializing ProtocolHandler ["http-nio-8080"]
2026-09-15 13:50:14.814 [restartedMain] INFO  o.a.catalina.core.StandardService - Starting service [Tomcat]
2026-09-15 13:50:14.814 [restartedMain] INFO  o.a.catalina.core.StandardEngine - Starting Servlet engine: [Apache Tomcat/10.1.20]
2026-09-15 13:50:14.869 [restartedMain] INFO  o.a.c.c.C.[Tomcat].[localhost].[/] - Initializing Spring embedded WebApplicationContext
2026-09-15 13:50:14.870 [restartedMain] INFO  o.s.b.w.s.c.ServletWebServerApplicationContext - Root WebApplicationContext: initialization completed in 1866 ms
2026-09-15 13:50:15.072 [restartedMain] INFO  o.h.jpa.internal.util.LogHelper - HHH000204: Processing PersistenceUnitInfo [name: default]
2026-09-15 13:50:15.135 [restartedMain] INFO  org.hibernate.Version - HHH000412: Hibernate ORM core version 6.4.4.Final
2026-09-15 13:50:15.177 [restartedMain] INFO  o.h.c.i.RegionFactoryInitiator - HHH000026: Second-level cache disabled
2026-09-15 13:50:15.420 [restartedMain] INFO  o.s.o.j.p.SpringPersistenceUnitInfo - No LoadTimeWeaver setup: ignoring JPA class transformer
2026-09-15 13:50:15.446 [restartedMain] INFO  com.zaxxer.hikari.HikariDataSource - HikariPool-1 - Starting...
2026-09-15 13:50:15.650 [restartedMain] INFO  com.zaxxer.hikari.pool.HikariPool - HikariPool-1 - Added connection org.postgresql.jdbc.PgConnection@5cd6335d
2026-09-15 13:50:15.652 [restartedMain] INFO  com.zaxxer.hikari.HikariDataSource - HikariPool-1 - Start completed.
2026-09-15 13:50:16.643 [restartedMain] INFO  o.h.e.t.j.p.i.JtaPlatformInitiator - HHH000489: No JTA platform available (set 'hibernate.transaction.jta.platform' to enable JTA platform integration)
2026-09-15 13:50:16.795 [restartedMain] INFO  o.s.o.j.LocalContainerEntityManagerFactoryBean - Initialized JPA EntityManagerFactory for persistence unit 'default'
2026-09-15 13:50:17.062 [restartedMain] INFO  o.s.d.j.r.query.QueryEnhancerFactory - Hibernate is in classpath; If applicable, HQL parser will be used.
2026-09-15 13:50:17.507 [restartedMain] DEBUG c.c.e.w.s.JwtAuthenticationFilter - Filter 'jwtAuthenticationFilter' configured for use
2026-09-15 13:50:17.884 [restartedMain] WARN  o.s.b.a.o.j.JpaBaseConfiguration$JpaWebConfiguration - spring.jpa.open-in-view is enabled by default. Therefore, database queries may be performed during view rendering. Explicitly configure spring.jpa.open-in-view to disable this warning
2026-09-15 13:50:18.200 [restartedMain] INFO  o.s.s.web.DefaultSecurityFilterChain - Will secure any request with [org.springframework.security.web.session.DisableEncodeUrlFilter@130fa170, org.springframework.security.web.context.request.async.WebAsyncManagerIntegrationFilter@1c089513, org.springframework.security.web.context.SecurityContextHolderFilter@26405831, org.springframework.security.web.header.HeaderWriterFilter@7b48a00c, org.springframework.web.filter.CorsFilter@792874be, org.springframework.security.web.authentication.logout.LogoutFilter@68855ac8, com.crypto.exchange.web.security.JwtAuthenticationFilter@12ae86f4, org.springframework.security.web.savedrequest.RequestCacheAwareFilter@3822d9ef, org.springframework.security.web.servletapi.SecurityContextHolderAwareRequestFilter@76477e60, org.springframework.security.web.authentication.AnonymousAuthenticationFilter@42915c4e, org.springframework.security.web.session.SessionManagementFilter@2d4ee83e, org.springframework.security.web.access.ExceptionTranslationFilter@5c140e57, org.springframework.security.web.access.intercept.AuthorizationFilter@45794e2c]
2026-09-15 13:50:18.331 [restartedMain] WARN  o.s.b.w.s.c.AnnotationConfigServletWebServerApplicationContext - Exception encountered during context initialization - cancelling refresh attempt: org.springframework.beans.factory.BeanCreationException: Error creating bean with name 'handlerExceptionResolver' defined in class path resource [org/springframework/boot/autoconfigure/web/servlet/WebMvcAutoConfiguration$EnableWebMvcConfiguration.class]: Failed to instantiate [org.springframework.web.servlet.HandlerExceptionResolver]: Factory method 'handlerExceptionResolver' threw exception with message: Ambiguous @ExceptionHandler method mapped for [class org.springframework.security.authentication.BadCredentialsException]: {public com.crypto.exchange.core.exception.ErrorResponse com.crypto.exchange.core.exception.GlobalExceptionHandler.handleAuthenticationException(java.lang.Exception), public com.crypto.exchange.core.exception.ErrorResponse com.crypto.exchange.core.exception.GlobalExceptionHandler.handleBadCredentials(org.springframework.security.authentication.BadCredentialsException)}
2026-09-15 13:50:18.333 [restartedMain] INFO  o.s.o.j.LocalContainerEntityManagerFactoryBean - Closing JPA EntityManagerFactory for persistence unit 'default'
2026-09-15 13:50:18.336 [restartedMain] INFO  com.zaxxer.hikari.HikariDataSource - HikariPool-1 - Shutdown initiated...
2026-09-15 13:50:18.340 [restartedMain] INFO  com.zaxxer.hikari.HikariDataSource - HikariPool-1 - Shutdown completed.
2026-09-15 13:50:18.346 [restartedMain] INFO  o.a.catalina.core.StandardService - Stopping service [Tomcat]
2026-09-15 13:50:18.360 [restartedMain] INFO  o.s.b.a.l.ConditionEvaluationReportLogger - 

Error starting ApplicationContext. To display the condition evaluation report re-run your application with 'debug' enabled.
2026-09-15 13:50:18.377 [restartedMain] ERROR o.s.boot.SpringApplication - Application run failed
org.springframework.beans.factory.BeanCreationException: Error creating bean with name 'handlerExceptionResolver' defined in class path resource [org/springframework/boot/autoconfigure/web/servlet/WebMvcAutoConfiguration$EnableWebMvcConfiguration.class]: Failed to instantiate [org.springframework.web.servlet.HandlerExceptionResolver]: Factory method 'handlerExceptionResolver' threw exception with message: Ambiguous @ExceptionHandler method mapped for [class org.springframework.security.authentication.BadCredentialsException]: {public com.crypto.exchange.core.exception.ErrorResponse com.crypto.exchange.core.exception.GlobalExceptionHandler.handleAuthenticationException(java.lang.Exception), public com.crypto.exchange.core.exception.ErrorResponse com.crypto.exchange.core.exception.GlobalExceptionHandler.handleBadCredentials(org.springframework.security.authentication.BadCredentialsException)}
	at org.springframework.beans.factory.support.ConstructorResolver.instantiate(ConstructorResolver.java:648)
	at org.springframework.beans.factory.support.ConstructorResolver.instantiateUsingFactoryMethod(ConstructorResolver.java:636)
	at org.springframework.beans.factory.support.AbstractAutowireCapableBeanFactory.instantiateUsingFactoryMethod(AbstractAutowireCapableBeanFactory.java:1335)
	at org.springframework.beans.factory.support.AbstractAutowireCapableBeanFactory.createBeanInstance(AbstractAutowireCapableBeanFactory.java:1165)
	at org.springframework.beans.factory.support.AbstractAutowireCapableBeanFactory.doCreateBean(AbstractAutowireCapableBeanFactory.java:562)
	at org.springframework.beans.factory.support.AbstractAutowireCapableBeanFactory.createBean(AbstractAutowireCapableBeanFactory.java:522)
	at org.springframework.beans.factory.support.AbstractBeanFactory.lambda$doGetBean$0(AbstractBeanFactory.java:326)
	at org.springframework.beans.factory.support.DefaultSingletonBeanRegistry.getSingleton(DefaultSingletonBeanRegistry.java:234)
	at org.springframework.beans.factory.support.AbstractBeanFactory.doGetBean(AbstractBeanFactory.java:324)
	at org.springframework.beans.factory.support.AbstractBeanFactory.getBean(AbstractBeanFactory.java:200)
	at org.springframework.beans.factory.support.DefaultListableBeanFactory.preInstantiateSingletons(DefaultListableBeanFactory.java:975)
	at org.springframework.context.support.AbstractApplicationContext.finishBeanFactoryInitialization(AbstractApplicationContext.java:962)
	at org.springframework.context.support.AbstractApplicationContext.refresh(AbstractApplicationContext.java:624)
	at org.springframework.boot.web.servlet.context.ServletWebServerApplicationContext.refresh(ServletWebServerApplicationContext.java:146)
	at org.springframework.boot.SpringApplication.refresh(SpringApplication.java:754)
	at org.springframework.boot.SpringApplication.refreshContext(SpringApplication.java:456)
	at org.springframework.boot.SpringApplication.run(SpringApplication.java:334)
	at org.springframework.boot.SpringApplication.run(SpringApplication.java:1354)
	at org.springframework.boot.SpringApplication.run(SpringApplication.java:1343)
	at com.crypto.exchange.ExchangeApplication.main(ExchangeApplication.java:15)
	at java.base/jdk.internal.reflect.DirectMethodHandleAccessor.invoke(DirectMethodHandleAccessor.java:103)
	at java.base/java.lang.reflect.Method.invoke(Method.java:580)
	at org.springframework.boot.devtools.restart.RestartLauncher.run(RestartLauncher.java:50)
Caused by: org.springframework.beans.BeanInstantiationException: Failed to instantiate [org.springframework.web.servlet.HandlerExceptionResolver]: Factory method 'handlerExceptionResolver' threw exception with message: Ambiguous @ExceptionHandler method mapped for [class org.springframework.security.authentication.BadCredentialsException]: {public com.crypto.exchange.core.exception.ErrorResponse com.crypto.exchange.core.exception.GlobalExceptionHandler.handleAuthenticationException(java.lang.Exception), public com.crypto.exchange.core.exception.ErrorResponse com.crypto.exchange.core.exception.GlobalExceptionHandler.handleBadCredentials(org.springframework.security.authentication.BadCredentialsException)}
	at org.springframework.beans.factory.support.SimpleInstantiationStrategy.instantiate(SimpleInstantiationStrategy.java:177)
	at org.springframework.beans.factory.support.ConstructorResolver.instantiate(ConstructorResolver.java:644)
	... 22 common frames omitted
Caused by: java.lang.IllegalStateException: Ambiguous @ExceptionHandler method mapped for [class org.springframework.security.authentication.BadCredentialsException]: {public com.crypto.exchange.core.exception.ErrorResponse com.crypto.exchange.core.exception.GlobalExceptionHandler.handleAuthenticationException(java.lang.Exception), public com.crypto.exchange.core.exception.ErrorResponse com.crypto.exchange.core.exception.GlobalExceptionHandler.handleBadCredentials(org.springframework.security.authentication.BadCredentialsException)}
	at org.springframework.web.method.annotation.ExceptionHandlerMethodResolver.addExceptionMapping(ExceptionHandlerMethodResolver.java:114)
	at org.springframework.web.method.annotation.ExceptionHandlerMethodResolver.<init>(ExceptionHandlerMethodResolver.java:78)
	at org.springframework.web.servlet.mvc.method.annotation.ExceptionHandlerExceptionResolver.initExceptionHandlerAdviceCache(ExceptionHandlerExceptionResolver.java:289)
	at org.springframework.web.servlet.mvc.method.annotation.ExceptionHandlerExceptionResolver.afterPropertiesSet(ExceptionHandlerExceptionResolver.java:256)
	at org.springframework.web.servlet.config.annotation.WebMvcConfigurationSupport.addDefaultHandlerExceptionResolvers(WebMvcConfigurationSupport.java:1063)
	at org.springframework.web.servlet.config.annotation.WebMvcConfigurationSupport.handlerExceptionResolver(WebMvcConfigurationSupport.java:1005)
	at java.base/jdk.internal.reflect.DirectMethodHandleAccessor.invoke(DirectMethodHandleAccessor.java:103)
	at java.base/java.lang.reflect.Method.invoke(Method.java:580)
	at org.springframework.beans.factory.support.SimpleInstantiationStrategy.instantiate(SimpleInstantiationStrategy.java:140)
	... 23 common frames omitted
2026-09-15 13:52:11.683 [background-preinit] INFO  o.h.validator.internal.util.Version - HV000001: Hibernate Validator 8.0.1.Final
2026-09-15 13:52:11.726 [restartedMain] INFO  c.c.exchange.ExchangeApplication - Starting ExchangeApplication using Java 23.0.2 with PID 17272 (E:\bsuirapp\exchange\target\classes started by AxlLN in E:\bsuirapp\exchange)
2026-09-15 13:52:11.727 [restartedMain] DEBUG c.c.exchange.ExchangeApplication - Running with Spring Boot v3.2.5, Spring v6.1.6
2026-09-15 13:52:11.728 [restartedMain] INFO  c.c.exchange.ExchangeApplication - No active profile set, falling back to 1 default profile: "default"
2026-09-15 13:52:11.794 [restartedMain] INFO  o.s.b.d.e.DevToolsPropertyDefaultsPostProcessor - Devtools property defaults active! Set 'spring.devtools.add-properties' to 'false' to disable
2026-09-15 13:52:11.795 [restartedMain] INFO  o.s.b.d.e.DevToolsPropertyDefaultsPostProcessor - For additional web related logging consider setting the 'logging.level.web' property to 'DEBUG'
2026-09-15 13:52:12.701 [restartedMain] INFO  o.s.d.r.c.RepositoryConfigurationDelegate - Bootstrapping Spring Data JPA repositories in DEFAULT mode.
2026-09-15 13:52:12.768 [restartedMain] INFO  o.s.d.r.c.RepositoryConfigurationDelegate - Finished Spring Data repository scanning in 60 ms. Found 6 JPA repository interfaces.
2026-09-15 13:52:13.099 [restartedMain] WARN  o.s.c.s.PostProcessorRegistrationDelegate$BeanPostProcessorChecker - Bean 'org.springframework.ws.config.annotation.DelegatingWsConfiguration' of type [org.springframework.ws.config.annotation.DelegatingWsConfiguration$$SpringCGLIB$$0] is not eligible for getting processed by all BeanPostProcessors (for example: not eligible for auto-proxying). The currently created BeanPostProcessor [annotationActionEndpointMapping] is declared through a non-static factory method on that class; consider declaring it as static instead.
2026-09-15 13:52:13.120 [restartedMain] INFO  o.s.w.s.a.s.AnnotationActionEndpointMapping - Supporting [WS-Addressing August 2004, WS-Addressing 1.0]
2026-09-15 13:52:13.569 [restartedMain] INFO  o.s.b.w.e.tomcat.TomcatWebServer - Tomcat initialized with port 8080 (http)
2026-09-15 13:52:13.580 [restartedMain] INFO  o.a.coyote.http11.Http11NioProtocol - Initializing ProtocolHandler ["http-nio-8080"]
2026-09-15 13:52:13.583 [restartedMain] INFO  o.a.catalina.core.StandardService - Starting service [Tomcat]
2026-09-15 13:52:13.583 [restartedMain] INFO  o.a.catalina.core.StandardEngine - Starting Servlet engine: [Apache Tomcat/10.1.20]
2026-09-15 13:52:13.632 [restartedMain] INFO  o.a.c.c.C.[Tomcat].[localhost].[/] - Initializing Spring embedded WebApplicationContext
2026-09-15 13:52:13.633 [restartedMain] INFO  o.s.b.w.s.c.ServletWebServerApplicationContext - Root WebApplicationContext: initialization completed in 1837 ms
2026-09-15 13:52:13.807 [restartedMain] INFO  o.h.jpa.internal.util.LogHelper - HHH000204: Processing PersistenceUnitInfo [name: default]
2026-09-15 13:52:13.867 [restartedMain] INFO  org.hibernate.Version - HHH000412: Hibernate ORM core version 6.4.4.Final
2026-09-15 13:52:13.910 [restartedMain] INFO  o.h.c.i.RegionFactoryInitiator - HHH000026: Second-level cache disabled
2026-09-15 13:52:14.117 [restartedMain] INFO  o.s.o.j.p.SpringPersistenceUnitInfo - No LoadTimeWeaver setup: ignoring JPA class transformer
2026-09-15 13:52:14.145 [restartedMain] INFO  com.zaxxer.hikari.HikariDataSource - HikariPool-1 - Starting...
2026-09-15 13:52:14.295 [restartedMain] INFO  com.zaxxer.hikari.pool.HikariPool - HikariPool-1 - Added connection org.postgresql.jdbc.PgConnection@4fde444c
2026-09-15 13:52:14.296 [restartedMain] INFO  com.zaxxer.hikari.HikariDataSource - HikariPool-1 - Start completed.
2026-09-15 13:52:15.232 [restartedMain] INFO  o.h.e.t.j.p.i.JtaPlatformInitiator - HHH000489: No JTA platform available (set 'hibernate.transaction.jta.platform' to enable JTA platform integration)
2026-09-15 13:52:15.349 [restartedMain] INFO  o.s.o.j.LocalContainerEntityManagerFactoryBean - Initialized JPA EntityManagerFactory for persistence unit 'default'
2026-09-15 13:52:15.574 [restartedMain] INFO  o.s.d.j.r.query.QueryEnhancerFactory - Hibernate is in classpath; If applicable, HQL parser will be used.
2026-09-15 13:52:15.939 [restartedMain] DEBUG c.c.e.w.s.JwtAuthenticationFilter - Filter 'jwtAuthenticationFilter' configured for use
2026-09-15 13:52:16.284 [restartedMain] WARN  o.s.b.a.o.j.JpaBaseConfiguration$JpaWebConfiguration - spring.jpa.open-in-view is enabled by default. Therefore, database queries may be performed during view rendering. Explicitly configure spring.jpa.open-in-view to disable this warning
2026-09-15 13:52:16.567 [restartedMain] INFO  o.s.s.web.DefaultSecurityFilterChain - Will secure any request with [org.springframework.security.web.session.DisableEncodeUrlFilter@6d72ef1a, org.springframework.security.web.context.request.async.WebAsyncManagerIntegrationFilter@7f335b09, org.springframework.security.web.context.SecurityContextHolderFilter@692d6b28, org.springframework.security.web.header.HeaderWriterFilter@5246f63a, org.springframework.web.filter.CorsFilter@452c626d, org.springframework.security.web.authentication.logout.LogoutFilter@30084f7b, com.crypto.exchange.web.security.JwtAuthenticationFilter@721b0ab5, org.springframework.security.web.savedrequest.RequestCacheAwareFilter@54066ab5, org.springframework.security.web.servletapi.SecurityContextHolderAwareRequestFilter@3b73ccf3, org.springframework.security.web.authentication.AnonymousAuthenticationFilter@3c077ccd, org.springframework.security.web.session.SessionManagementFilter@7b4d82f, org.springframework.security.web.access.ExceptionTranslationFilter@7b98a502, org.springframework.security.web.access.intercept.AuthorizationFilter@3c45d2d7]
2026-09-15 13:52:16.986 [restartedMain] INFO  o.s.b.d.a.OptionalLiveReloadServer - LiveReload server is running on port 35729
2026-09-15 13:52:17.001 [restartedMain] INFO  o.a.coyote.http11.Http11NioProtocol - Starting ProtocolHandler ["http-nio-8080"]
2026-09-15 13:52:17.018 [restartedMain] INFO  o.s.b.w.e.tomcat.TomcatWebServer - Tomcat started on port 8080 (http) with context path ''
2026-09-15 13:52:17.030 [restartedMain] INFO  c.c.exchange.ExchangeApplication - Started ExchangeApplication in 5.79 seconds (process running for 6.251)
2026-09-15 13:52:17.037 [scheduling-1] INFO  c.c.e.core.aspect.LoggingAspect - Enter: com.crypto.exchange.core.service.CryptoInitializerService.scheduledPriceUpdate() with argument(s) = []
2026-09-15 13:52:17.038 [scheduling-1] INFO  c.c.e.c.s.CryptoInitializerService - Starting crypto price synchronization...
2026-09-15 13:52:17.742 [scheduling-1] INFO  c.c.e.c.s.CryptoInitializerService - Success! Updated 8 cryptocurrencies
2026-09-15 13:52:17.742 [scheduling-1] INFO  c.c.e.core.aspect.LoggingAspect - Exit: com.crypto.exchange.core.service.CryptoInitializerService.scheduledPriceUpdate() executed in 704 ms with result = null
2026-09-15 13:53:04.975 [http-nio-8080-exec-1] INFO  o.a.c.c.C.[Tomcat].[localhost].[/] - Initializing Spring DispatcherServlet 'dispatcherServlet'
2026-09-15 13:53:04.976 [http-nio-8080-exec-1] INFO  o.s.web.servlet.DispatcherServlet - Initializing Servlet 'dispatcherServlet'
2026-09-15 13:53:04.977 [http-nio-8080-exec-1] INFO  o.s.web.servlet.DispatcherServlet - Completed initialization in 0 ms
2026-09-15 13:53:05.553 [http-nio-8080-exec-4] INFO  o.s.api.AbstractOpenApiResource - Init duration for springdoc-openapi is: 376 ms
2026-09-15 13:54:41.126 [http-nio-8080-exec-6] INFO  c.c.e.core.aspect.LoggingAspect - Enter: com.crypto.exchange.web.controller.AuthController.register() with argument(s) = [RegisterRequest[username=example, email=example@example.com, password=password]]
2026-09-15 13:54:41.129 [http-nio-8080-exec-6] INFO  c.c.e.core.aspect.LoggingAspect - Enter: com.crypto.exchange.core.service.AuthService.register() with argument(s) = [RegisterRequest[username=example, email=example@example.com, password=password]]
2026-09-15 13:54:41.264 [http-nio-8080-exec-6] INFO  c.c.e.core.aspect.LoggingAspect - Exit: com.crypto.exchange.core.service.AuthService.register() executed in 135 ms with result = AuthResponseDto[token=eyJhbGciOiJIUzUxMiJ9.eyJzdWIiOiJleGFtcGxlIiwiaWQiOjEsInJvbGUiOiJST0xFX1VTRVIiLCJpYXQiOjE3ODk0Njk2ODEsImV4cCI6MTc4OTU1NjA4MX0.U7leWS9u3L5vKBDz3BR-kIC6YPdb07SidlPOIt0x0xnjqw2nEl1u15aDyExrZawMvQwGWqi_x1GSNLJMhQrhvA, tokenType=Bearer, user=UserResponseDto[id=1, username=example, email=example@example.com, role=ROLE_USER, createdAt=2026-09-15T13:54:41.216510400+03:00]]
2026-09-15 13:54:41.273 [http-nio-8080-exec-6] INFO  c.c.e.core.aspect.LoggingAspect - Exit: com.crypto.exchange.web.controller.AuthController.register() executed in 147 ms with result = <201 CREATED Created,AuthResponseDto[token=eyJhbGciOiJIUzUxMiJ9.eyJzdWIiOiJleGFtcGxlIiwiaWQiOjEsInJvbGUiOiJST0xFX1VTRVIiLCJpYXQiOjE3ODk0Njk2ODEsImV4cCI6MTc4OTU1NjA4MX0.U7leWS9u3L5vKBDz3BR-kIC6YPdb07SidlPOIt0x0xnjqw2nEl1u15aDyExrZawMvQwGWqi_x1GSNLJMhQrhvA, tokenType=Bearer, user=UserResponseDto[id=1, username=example, email=example@example.com, role=ROLE_USER, createdAt=2026-09-15T13:54:41.216510400+03:00]],[]>
2026-09-15 13:57:14.014 [http-nio-8080-exec-8] INFO  c.c.e.core.aspect.LoggingAspect - Enter: com.crypto.exchange.web.controller.CryptoCurrencyController.getAllCryptos() with argument(s) = []
2026-09-15 13:57:14.016 [http-nio-8080-exec-8] INFO  c.c.e.core.aspect.LoggingAspect - Enter: com.crypto.exchange.core.service.CryptoService.getAllCryptocurrencies() with argument(s) = []
2026-09-15 13:57:14.021 [http-nio-8080-exec-8] INFO  c.c.e.core.aspect.LoggingAspect - Exit: com.crypto.exchange.core.service.CryptoService.getAllCryptocurrencies() executed in 5 ms with result = [CryptoCurrencyResponseDto[id=4, symbol=USDT, name=Tether, priceUsd=1.0000, updatedAt=2026-09-15T09:38:37.972004Z], CryptoCurrencyResponseDto[id=6, symbol=XRP, name=XRP, priceUsd=1.4000, updatedAt=2026-09-15T09:38:37.972004Z], CryptoCurrencyResponseDto[id=2, symbol=BTC, name=Bitcoin, priceUsd=76935.9200, updatedAt=2026-09-15T10:52:17.685730Z], CryptoCurrencyResponseDto[id=3, symbol=ETH, name=Ethereum, priceUsd=2475.4900, updatedAt=2026-09-15T10:52:17.688564Z], CryptoCurrencyResponseDto[id=5, symbol=BNB, name=Binance Coin, priceUsd=718.3100, updatedAt=2026-09-15T10:52:17.689564Z], CryptoCurrencyResponseDto[id=7, symbol=SOL, name=Solana, priceUsd=100.8300, updatedAt=2026-09-15T10:52:17.689564Z], CryptoCurrencyResponseDto[id=8, symbol=DOGE, name=Dogecoin, priceUsd=0.0827, updatedAt=2026-09-15T10:52:17.689564Z], CryptoCurrencyResponseDto[id=9, symbol=ADA, name=Cardano, priceUsd=0.2049, updatedAt=2026-09-15T10:52:17.689564Z]]
2026-09-15 13:57:14.023 [http-nio-8080-exec-8] INFO  c.c.e.core.aspect.LoggingAspect - Exit: com.crypto.exchange.web.controller.CryptoCurrencyController.getAllCryptos() executed in 9 ms with result = <200 OK OK,[CryptoCurrencyResponseDto[id=4, symbol=USDT, name=Tether, priceUsd=1.0000, updatedAt=2026-09-15T09:38:37.972004Z], CryptoCurrencyResponseDto[id=6, symbol=XRP, name=XRP, priceUsd=1.4000, updatedAt=2026-09-15T09:38:37.972004Z], CryptoCurrencyResponseDto[id=2, symbol=BTC, name=Bitcoin, priceUsd=76935.9200, updatedAt=2026-09-15T10:52:17.685730Z], CryptoCurrencyResponseDto[id=3, symbol=ETH, name=Ethereum, priceUsd=2475.4900, updatedAt=2026-09-15T10:52:17.688564Z], CryptoCurrencyResponseDto[id=5, symbol=BNB, name=Binance Coin, priceUsd=718.3100, updatedAt=2026-09-15T10:52:17.689564Z], CryptoCurrencyResponseDto[id=7, symbol=SOL, name=Solana, priceUsd=100.8300, updatedAt=2026-09-15T10:52:17.689564Z], CryptoCurrencyResponseDto[id=8, symbol=DOGE, name=Dogecoin, priceUsd=0.0827, updatedAt=2026-09-15T10:52:17.689564Z], CryptoCurrencyResponseDto[id=9, symbol=ADA, name=Cardano, priceUsd=0.2049, updatedAt=2026-09-15T10:52:17.689564Z]],[]>
2026-09-15 13:57:17.036 [scheduling-1] INFO  c.c.e.core.aspect.LoggingAspect - Enter: com.crypto.exchange.core.service.CryptoInitializerService.scheduledPriceUpdate() with argument(s) = []
2026-09-15 13:57:17.036 [scheduling-1] INFO  c.c.e.c.s.CryptoInitializerService - Starting crypto price synchronization...
2026-09-15 13:57:17.182 [scheduling-1] INFO  c.c.e.c.s.CryptoInitializerService - Success! Updated 8 cryptocurrencies
2026-09-15 13:57:17.183 [scheduling-1] INFO  c.c.e.core.aspect.LoggingAspect - Exit: com.crypto.exchange.core.service.CryptoInitializerService.scheduledPriceUpdate() executed in 147 ms with result = null
2026-09-15 14:00:12.322 [http-nio-8080-exec-10] INFO  c.c.e.core.aspect.LoggingAspect - Enter: com.crypto.exchange.web.controller.AuthController.login() with argument(s) = [LoginRequest[usernameOrEmail=example, password=password]]
2026-09-15 14:00:12.322 [http-nio-8080-exec-10] INFO  c.c.e.core.aspect.LoggingAspect - Enter: com.crypto.exchange.core.service.AuthService.login() with argument(s) = [LoginRequest[usernameOrEmail=example, password=password]]
2026-09-15 14:00:12.463 [http-nio-8080-exec-10] INFO  c.c.e.core.aspect.LoggingAspect - Exit: com.crypto.exchange.core.service.AuthService.login() executed in 141 ms with result = AuthResponseDto[token=eyJhbGciOiJIUzUxMiJ9.eyJzdWIiOiJleGFtcGxlIiwiaWQiOjEsInJvbGUiOiJST0xFX1VTRVIiLCJpYXQiOjE3ODk0NzAwMTIsImV4cCI6MTc4OTU1NjQxMn0.cZnsOOuF9Oj58lCsONgxzLh2ybQMcA80i5Zk9UDItikBiSTwNVpWdGMjb4GyGo7QWlTHermEcFuU6oHSi-eq_Q, tokenType=Bearer, user=UserResponseDto[id=1, username=example, email=example@example.com, role=ROLE_USER, createdAt=2026-09-15T10:54:41.216510Z]]
2026-09-15 14:00:12.464 [http-nio-8080-exec-10] INFO  c.c.e.core.aspect.LoggingAspect - Exit: com.crypto.exchange.web.controller.AuthController.login() executed in 142 ms with result = <200 OK OK,AuthResponseDto[token=eyJhbGciOiJIUzUxMiJ9.eyJzdWIiOiJleGFtcGxlIiwiaWQiOjEsInJvbGUiOiJST0xFX1VTRVIiLCJpYXQiOjE3ODk0NzAwMTIsImV4cCI6MTc4OTU1NjQxMn0.cZnsOOuF9Oj58lCsONgxzLh2ybQMcA80i5Zk9UDItikBiSTwNVpWdGMjb4GyGo7QWlTHermEcFuU6oHSi-eq_Q, tokenType=Bearer, user=UserResponseDto[id=1, username=example, email=example@example.com, role=ROLE_USER, createdAt=2026-09-15T10:54:41.216510Z]],[]>
2026-09-15 14:02:17.043 [scheduling-1] INFO  c.c.e.core.aspect.LoggingAspect - Enter: com.crypto.exchange.core.service.CryptoInitializerService.scheduledPriceUpdate() with argument(s) = []
2026-09-15 14:02:17.043 [scheduling-1] INFO  c.c.e.c.s.CryptoInitializerService - Starting crypto price synchronization...
2026-09-15 14:02:17.174 [scheduling-1] INFO  c.c.e.c.s.CryptoInitializerService - Success! Updated 8 cryptocurrencies
2026-09-15 14:02:17.175 [scheduling-1] INFO  c.c.e.core.aspect.LoggingAspect - Exit: com.crypto.exchange.core.service.CryptoInitializerService.scheduledPriceUpdate() executed in 132 ms with result = null
2026-09-15 14:07:17.040 [scheduling-1] INFO  c.c.e.core.aspect.LoggingAspect - Enter: com.crypto.exchange.core.service.CryptoInitializerService.scheduledPriceUpdate() with argument(s) = []
2026-09-15 14:07:17.041 [scheduling-1] INFO  c.c.e.c.s.CryptoInitializerService - Starting crypto price synchronization...
2026-09-15 14:07:17.787 [scheduling-1] INFO  c.c.e.c.s.CryptoInitializerService - Success! Updated 8 cryptocurrencies
2026-09-15 14:07:17.787 [scheduling-1] INFO  c.c.e.core.aspect.LoggingAspect - Exit: com.crypto.exchange.core.service.CryptoInitializerService.scheduledPriceUpdate() executed in 747 ms with result = null
2026-09-15 14:12:17.035 [scheduling-1] INFO  c.c.e.core.aspect.LoggingAspect - Enter: com.crypto.exchange.core.service.CryptoInitializerService.scheduledPriceUpdate() with argument(s) = []
2026-09-15 14:12:17.036 [scheduling-1] INFO  c.c.e.c.s.CryptoInitializerService - Starting crypto price synchronization...
2026-09-15 14:12:25.091 [scheduling-1] INFO  c.c.e.c.s.CryptoInitializerService - Success! Updated 8 cryptocurrencies
2026-09-15 14:12:25.092 [scheduling-1] INFO  c.c.e.core.aspect.LoggingAspect - Exit: com.crypto.exchange.core.service.CryptoInitializerService.scheduledPriceUpdate() executed in 8056 ms with result = null
2026-09-15 14:13:13.623 [SpringApplicationShutdownHook] INFO  o.s.o.j.LocalContainerEntityManagerFactoryBean - Closing JPA EntityManagerFactory for persistence unit 'default'
2026-09-15 14:13:13.626 [SpringApplicationShutdownHook] INFO  com.zaxxer.hikari.HikariDataSource - HikariPool-1 - Shutdown initiated...
2026-09-15 14:13:13.631 [SpringApplicationShutdownHook] INFO  com.zaxxer.hikari.HikariDataSource - HikariPool-1 - Shutdown completed.
2026-09-15 14:13:18.744 [background-preinit] INFO  o.h.validator.internal.util.Version - HV000001: Hibernate Validator 8.0.1.Final
2026-09-15 14:13:18.793 [restartedMain] INFO  c.c.exchange.ExchangeApplication - Starting ExchangeApplication using Java 23.0.2 with PID 24212 (E:\bsuirapp\exchange\target\classes started by AxlLN in E:\bsuirapp\exchange)
2026-09-15 14:13:18.794 [restartedMain] DEBUG c.c.exchange.ExchangeApplication - Running with Spring Boot v3.2.5, Spring v6.1.6
2026-09-15 14:13:18.795 [restartedMain] INFO  c.c.exchange.ExchangeApplication - No active profile set, falling back to 1 default profile: "default"
2026-09-15 14:13:18.876 [restartedMain] INFO  o.s.b.d.e.DevToolsPropertyDefaultsPostProcessor - Devtools property defaults active! Set 'spring.devtools.add-properties' to 'false' to disable
2026-09-15 14:13:18.877 [restartedMain] INFO  o.s.b.d.e.DevToolsPropertyDefaultsPostProcessor - For additional web related logging consider setting the 'logging.level.web' property to 'DEBUG'
2026-09-15 14:13:19.823 [restartedMain] INFO  o.s.d.r.c.RepositoryConfigurationDelegate - Bootstrapping Spring Data JPA repositories in DEFAULT mode.
2026-09-15 14:13:19.890 [restartedMain] INFO  o.s.d.r.c.RepositoryConfigurationDelegate - Finished Spring Data repository scanning in 60 ms. Found 6 JPA repository interfaces.
2026-09-15 14:13:20.243 [restartedMain] WARN  o.s.c.s.PostProcessorRegistrationDelegate$BeanPostProcessorChecker - Bean 'org.springframework.ws.config.annotation.DelegatingWsConfiguration' of type [org.springframework.ws.config.annotation.DelegatingWsConfiguration$$SpringCGLIB$$0] is not eligible for getting processed by all BeanPostProcessors (for example: not eligible for auto-proxying). The currently created BeanPostProcessor [annotationActionEndpointMapping] is declared through a non-static factory method on that class; consider declaring it as static instead.
2026-09-15 14:13:20.265 [restartedMain] INFO  o.s.w.s.a.s.AnnotationActionEndpointMapping - Supporting [WS-Addressing August 2004, WS-Addressing 1.0]
2026-09-15 14:13:20.716 [restartedMain] INFO  o.s.b.w.e.tomcat.TomcatWebServer - Tomcat initialized with port 8080 (http)
2026-09-15 14:13:20.727 [restartedMain] INFO  o.a.coyote.http11.Http11NioProtocol - Initializing ProtocolHandler ["http-nio-8080"]
2026-09-15 14:13:20.730 [restartedMain] INFO  o.a.catalina.core.StandardService - Starting service [Tomcat]
2026-09-15 14:13:20.730 [restartedMain] INFO  o.a.catalina.core.StandardEngine - Starting Servlet engine: [Apache Tomcat/10.1.20]
2026-09-15 14:13:20.781 [restartedMain] INFO  o.a.c.c.C.[Tomcat].[localhost].[/] - Initializing Spring embedded WebApplicationContext
2026-09-15 14:13:20.782 [restartedMain] INFO  o.s.b.w.s.c.ServletWebServerApplicationContext - Root WebApplicationContext: initialization completed in 1903 ms
2026-09-15 14:13:20.856 [restartedMain] DEBUG c.c.e.w.s.JwtAuthenticationFilter - Filter 'jwtAuthenticationFilter' configured for use
2026-09-15 14:13:20.979 [restartedMain] INFO  o.h.jpa.internal.util.LogHelper - HHH000204: Processing PersistenceUnitInfo [name: default]
2026-09-15 14:13:21.037 [restartedMain] INFO  org.hibernate.Version - HHH000412: Hibernate ORM core version 6.4.4.Final
2026-09-15 14:13:21.066 [restartedMain] INFO  o.h.c.i.RegionFactoryInitiator - HHH000026: Second-level cache disabled
2026-09-15 14:13:21.285 [restartedMain] INFO  o.s.o.j.p.SpringPersistenceUnitInfo - No LoadTimeWeaver setup: ignoring JPA class transformer
2026-09-15 14:13:21.309 [restartedMain] INFO  com.zaxxer.hikari.HikariDataSource - HikariPool-1 - Starting...
2026-09-15 14:13:21.462 [restartedMain] INFO  com.zaxxer.hikari.pool.HikariPool - HikariPool-1 - Added connection org.postgresql.jdbc.PgConnection@750c1d13
2026-09-15 14:13:21.463 [restartedMain] INFO  com.zaxxer.hikari.HikariDataSource - HikariPool-1 - Start completed.
2026-09-15 14:13:22.398 [restartedMain] INFO  o.h.e.t.j.p.i.JtaPlatformInitiator - HHH000489: No JTA platform available (set 'hibernate.transaction.jta.platform' to enable JTA platform integration)
2026-09-15 14:13:22.513 [restartedMain] INFO  o.s.o.j.LocalContainerEntityManagerFactoryBean - Initialized JPA EntityManagerFactory for persistence unit 'default'
2026-09-15 14:13:22.857 [restartedMain] INFO  o.s.d.j.r.query.QueryEnhancerFactory - Hibernate is in classpath; If applicable, HQL parser will be used.
2026-09-15 14:13:23.512 [restartedMain] WARN  o.s.b.a.o.j.JpaBaseConfiguration$JpaWebConfiguration - spring.jpa.open-in-view is enabled by default. Therefore, database queries may be performed during view rendering. Explicitly configure spring.jpa.open-in-view to disable this warning
2026-09-15 14:13:23.822 [restartedMain] INFO  o.s.s.web.DefaultSecurityFilterChain - Will secure any request with [org.springframework.security.web.session.DisableEncodeUrlFilter@35279f9a, org.springframework.security.web.context.request.async.WebAsyncManagerIntegrationFilter@7b90b3cf, org.springframework.security.web.context.SecurityContextHolderFilter@6a0b2c5d, org.springframework.security.web.header.HeaderWriterFilter@3059dd7d, org.springframework.web.filter.CorsFilter@76a31db5, org.springframework.security.web.authentication.logout.LogoutFilter@7e3f6add, com.crypto.exchange.web.security.JwtAuthenticationFilter@272da23e, org.springframework.security.web.savedrequest.RequestCacheAwareFilter@11da6ee9, org.springframework.security.web.servletapi.SecurityContextHolderAwareRequestFilter@52e4e5be, org.springframework.security.web.authentication.AnonymousAuthenticationFilter@2d3531e5, org.springframework.security.web.session.SessionManagementFilter@7c5bd550, org.springframework.security.web.access.ExceptionTranslationFilter@64b10599, org.springframework.security.web.access.intercept.AuthorizationFilter@6c6443a2]
2026-09-15 14:13:24.233 [restartedMain] INFO  o.s.b.d.a.OptionalLiveReloadServer - LiveReload server is running on port 35729
2026-09-15 14:13:24.249 [restartedMain] INFO  o.a.coyote.http11.Http11NioProtocol - Starting ProtocolHandler ["http-nio-8080"]
2026-09-15 14:13:24.266 [restartedMain] INFO  o.s.b.w.e.tomcat.TomcatWebServer - Tomcat started on port 8080 (http) with context path ''
2026-09-15 14:13:24.278 [restartedMain] INFO  c.c.exchange.ExchangeApplication - Started ExchangeApplication in 6.014 seconds (process running for 6.46)
2026-09-15 14:13:24.285 [scheduling-1] INFO  c.c.e.core.aspect.LoggingAspect - Enter: com.crypto.exchange.core.service.CryptoInitializerService.scheduledPriceUpdate() with argument(s) = []
2026-09-15 14:13:24.285 [scheduling-1] INFO  c.c.e.c.s.CryptoInitializerService - Starting crypto price synchronization...
2026-09-15 14:13:25.137 [scheduling-1] INFO  c.c.e.c.s.CryptoInitializerService - Success! Updated 8 cryptocurrencies
2026-09-15 14:13:25.137 [scheduling-1] INFO  c.c.e.core.aspect.LoggingAspect - Exit: com.crypto.exchange.core.service.CryptoInitializerService.scheduledPriceUpdate() executed in 852 ms with result = null
2026-09-15 14:13:29.295 [http-nio-8080-exec-1] INFO  o.a.c.c.C.[Tomcat].[localhost].[/] - Initializing Spring DispatcherServlet 'dispatcherServlet'
2026-09-15 14:13:29.295 [http-nio-8080-exec-1] INFO  o.s.web.servlet.DispatcherServlet - Initializing Servlet 'dispatcherServlet'
2026-09-15 14:13:29.297 [http-nio-8080-exec-1] INFO  o.s.web.servlet.DispatcherServlet - Completed initialization in 2 ms
2026-09-15 14:13:29.940 [http-nio-8080-exec-2] INFO  o.s.api.AbstractOpenApiResource - Init duration for springdoc-openapi is: 430 ms
2026-09-15 14:14:57.271 [http-nio-8080-exec-6] INFO  c.c.e.core.aspect.LoggingAspect - Enter: com.crypto.exchange.web.controller.AuthController.register() with argument(s) = [RegisterRequest[username=string1, email=string@example.com, password=string1]]
2026-09-15 14:14:57.273 [http-nio-8080-exec-6] INFO  c.c.e.core.aspect.LoggingAspect - Enter: com.crypto.exchange.core.service.AuthService.register() with argument(s) = [RegisterRequest[username=string1, email=string@example.com, password=string1]]
2026-09-15 14:14:57.422 [http-nio-8080-exec-6] INFO  c.c.e.core.aspect.LoggingAspect - Exit: com.crypto.exchange.core.service.AuthService.register() executed in 149 ms with result = AuthResponseDto[token=eyJhbGciOiJIUzUxMiJ9.eyJzdWIiOiJzdHJpbmcxIiwiaWQiOjIsInJvbGUiOiJST0xFX1VTRVIiLCJpYXQiOjE3ODk0NzA4OTcsImV4cCI6MTc4OTU1NzI5N30.mSq_cuWa2MGMcRhibtM-9jW9stap3nH3zK81BVs9dsTNHiOPp901Nza4NHXOoOJvZSdz1kCEsD8rSNhn1vf61A, tokenType=Bearer, user=UserResponseDto[id=2, username=string1, email=string@example.com, role=ROLE_USER, createdAt=2026-09-15T14:14:57.373499200+03:00]]
2026-09-15 14:14:57.431 [http-nio-8080-exec-6] INFO  c.c.e.core.aspect.LoggingAspect - Exit: com.crypto.exchange.web.controller.AuthController.register() executed in 160 ms with result = <201 CREATED Created,AuthResponseDto[token=eyJhbGciOiJIUzUxMiJ9.eyJzdWIiOiJzdHJpbmcxIiwiaWQiOjIsInJvbGUiOiJST0xFX1VTRVIiLCJpYXQiOjE3ODk0NzA4OTcsImV4cCI6MTc4OTU1NzI5N30.mSq_cuWa2MGMcRhibtM-9jW9stap3nH3zK81BVs9dsTNHiOPp901Nza4NHXOoOJvZSdz1kCEsD8rSNhn1vf61A, tokenType=Bearer, user=UserResponseDto[id=2, username=string1, email=string@example.com, role=ROLE_USER, createdAt=2026-09-15T14:14:57.373499200+03:00]],[]>
2026-09-15 14:14:58.978 [http-nio-8080-exec-7] INFO  c.c.e.core.aspect.LoggingAspect - Enter: com.crypto.exchange.web.controller.AuthController.register() with argument(s) = [RegisterRequest[username=string1, email=string@example.com, password=string1]]
2026-09-15 14:14:58.979 [http-nio-8080-exec-7] INFO  c.c.e.core.aspect.LoggingAspect - Enter: com.crypto.exchange.core.service.AuthService.register() with argument(s) = [RegisterRequest[username=string1, email=string@example.com, password=string1]]
2026-09-15 14:14:58.984 [http-nio-8080-exec-7] ERROR c.c.e.core.aspect.LoggingAspect - Exception in com.crypto.exchange.core.service.AuthService.register() with cause = 'NULL' and exception = 'Username already in use'
2026-09-15 14:14:58.985 [http-nio-8080-exec-7] ERROR c.c.e.core.aspect.LoggingAspect - Exception in com.crypto.exchange.web.controller.AuthController.register() with cause = 'NULL' and exception = 'Username already in use'
2026-09-15 14:14:58.988 [http-nio-8080-exec-7] WARN  c.c.e.c.e.GlobalExceptionHandler - User conflict: Username already in use
2026-09-15 14:14:58.990 [http-nio-8080-exec-7] WARN  o.s.w.s.m.m.a.ExceptionHandlerExceptionResolver - Resolved [com.crypto.exchange.core.exception.UserAlreadyExistsException: Username already in use]
2026-09-15 14:15:22.067 [http-nio-8080-exec-8] INFO  c.c.e.core.aspect.LoggingAspect - Enter: com.crypto.exchange.web.controller.AuthController.register() with argument(s) = [RegisterRequest[username=1234qwer, email=string@example.com, password=string1]]
2026-09-15 14:15:22.067 [http-nio-8080-exec-8] INFO  c.c.e.core.aspect.LoggingAspect - Enter: com.crypto.exchange.core.service.AuthService.register() with argument(s) = [RegisterRequest[username=1234qwer, email=string@example.com, password=string1]]
2026-09-15 14:15:22.072 [http-nio-8080-exec-8] ERROR c.c.e.core.aspect.LoggingAspect - Exception in com.crypto.exchange.core.service.AuthService.register() with cause = 'NULL' and exception = 'Email already in use'
2026-09-15 14:15:22.073 [http-nio-8080-exec-8] ERROR c.c.e.core.aspect.LoggingAspect - Exception in com.crypto.exchange.web.controller.AuthController.register() with cause = 'NULL' and exception = 'Email already in use'
2026-09-15 14:15:22.074 [http-nio-8080-exec-8] WARN  c.c.e.c.e.GlobalExceptionHandler - User conflict: Email already in use
2026-09-15 14:15:22.075 [http-nio-8080-exec-8] WARN  o.s.w.s.m.m.a.ExceptionHandlerExceptionResolver - Resolved [com.crypto.exchange.core.exception.UserAlreadyExistsException: Email already in use]
2026-09-15 14:16:00.038 [http-nio-8080-exec-9] INFO  c.c.e.core.aspect.LoggingAspect - Enter: com.crypto.exchange.web.controller.AuthController.register() with argument(s) = [RegisterRequest[username=user1234, email=user1234@example.com, password=string1]]
2026-09-15 14:16:00.039 [http-nio-8080-exec-9] INFO  c.c.e.core.aspect.LoggingAspect - Enter: com.crypto.exchange.core.service.AuthService.register() with argument(s) = [RegisterRequest[username=user1234, email=user1234@example.com, password=string1]]
2026-09-15 14:16:00.112 [http-nio-8080-exec-9] INFO  c.c.e.core.aspect.LoggingAspect - Exit: com.crypto.exchange.core.service.AuthService.register() executed in 73 ms with result = AuthResponseDto[token=eyJhbGciOiJIUzUxMiJ9.eyJzdWIiOiJ1c2VyMTIzNCIsImlkIjozLCJyb2xlIjoiUk9MRV9VU0VSIiwiaWF0IjoxNzg5NDcwOTYwLCJleHAiOjE3ODk1NTczNjB9.EtdT4IL7L8mQ8vWNmLo4mt-PYMIk95JfWRoWZA-teG6jFFMk4HIbOmrpDvDmKmgv2ih7OBtq_821ShmdK_EpJQ, tokenType=Bearer, user=UserResponseDto[id=3, username=user1234, email=user1234@example.com, role=ROLE_USER, createdAt=2026-09-15T14:16:00.110835600+03:00]]
2026-09-15 14:16:00.115 [http-nio-8080-exec-9] INFO  c.c.e.core.aspect.LoggingAspect - Exit: com.crypto.exchange.web.controller.AuthController.register() executed in 77 ms with result = <201 CREATED Created,AuthResponseDto[token=eyJhbGciOiJIUzUxMiJ9.eyJzdWIiOiJ1c2VyMTIzNCIsImlkIjozLCJyb2xlIjoiUk9MRV9VU0VSIiwiaWF0IjoxNzg5NDcwOTYwLCJleHAiOjE3ODk1NTczNjB9.EtdT4IL7L8mQ8vWNmLo4mt-PYMIk95JfWRoWZA-teG6jFFMk4HIbOmrpDvDmKmgv2ih7OBtq_821ShmdK_EpJQ, tokenType=Bearer, user=UserResponseDto[id=3, username=user1234, email=user1234@example.com, role=ROLE_USER, createdAt=2026-09-15T14:16:00.110835600+03:00]],[]>
2026-09-15 14:18:24.292 [scheduling-1] INFO  c.c.e.core.aspect.LoggingAspect - Enter: com.crypto.exchange.core.service.CryptoInitializerService.scheduledPriceUpdate() with argument(s) = []
2026-09-15 14:18:24.293 [scheduling-1] INFO  c.c.e.c.s.CryptoInitializerService - Starting crypto price synchronization...
2026-09-15 14:18:25.606 [scheduling-1] INFO  c.c.e.c.s.CryptoInitializerService - Success! Updated 8 cryptocurrencies
2026-09-15 14:18:25.606 [scheduling-1] INFO  c.c.e.core.aspect.LoggingAspect - Exit: com.crypto.exchange.core.service.CryptoInitializerService.scheduledPriceUpdate() executed in 1313 ms with result = null
2026-09-15 14:23:24.282 [scheduling-1] INFO  c.c.e.core.aspect.LoggingAspect - Enter: com.crypto.exchange.core.service.CryptoInitializerService.scheduledPriceUpdate() with argument(s) = []
2026-09-15 14:23:24.282 [scheduling-1] INFO  c.c.e.c.s.CryptoInitializerService - Starting crypto price synchronization...
2026-09-15 14:23:24.486 [scheduling-1] INFO  c.c.e.c.s.CryptoInitializerService - Success! Updated 8 cryptocurrencies
2026-09-15 14:23:24.486 [scheduling-1] INFO  c.c.e.core.aspect.LoggingAspect - Exit: com.crypto.exchange.core.service.CryptoInitializerService.scheduledPriceUpdate() executed in 204 ms with result = null
2026-09-15 14:23:40.459 [SpringApplicationShutdownHook] INFO  o.s.o.j.LocalContainerEntityManagerFactoryBean - Closing JPA EntityManagerFactory for persistence unit 'default'
2026-09-15 14:23:40.464 [SpringApplicationShutdownHook] INFO  com.zaxxer.hikari.HikariDataSource - HikariPool-1 - Shutdown initiated...
2026-09-15 14:23:40.467 [SpringApplicationShutdownHook] INFO  com.zaxxer.hikari.HikariDataSource - HikariPool-1 - Shutdown completed.
2026-09-15 14:23:44.644 [background-preinit] INFO  o.h.validator.internal.util.Version - HV000001: Hibernate Validator 8.0.1.Final
2026-09-15 14:23:44.691 [restartedMain] INFO  c.c.exchange.ExchangeApplication - Starting ExchangeApplication using Java 23.0.2 with PID 8876 (E:\bsuirapp\exchange\target\classes started by AxlLN in E:\bsuirapp\exchange)
2026-09-15 14:23:44.691 [restartedMain] DEBUG c.c.exchange.ExchangeApplication - Running with Spring Boot v3.2.5, Spring v6.1.6
2026-09-15 14:23:44.691 [restartedMain] INFO  c.c.exchange.ExchangeApplication - No active profile set, falling back to 1 default profile: "default"
2026-09-15 14:23:44.755 [restartedMain] INFO  o.s.b.d.e.DevToolsPropertyDefaultsPostProcessor - Devtools property defaults active! Set 'spring.devtools.add-properties' to 'false' to disable
2026-09-15 14:23:44.756 [restartedMain] INFO  o.s.b.d.e.DevToolsPropertyDefaultsPostProcessor - For additional web related logging consider setting the 'logging.level.web' property to 'DEBUG'
2026-09-15 14:23:45.892 [restartedMain] INFO  o.s.d.r.c.RepositoryConfigurationDelegate - Bootstrapping Spring Data JPA repositories in DEFAULT mode.
2026-09-15 14:23:45.955 [restartedMain] INFO  o.s.d.r.c.RepositoryConfigurationDelegate - Finished Spring Data repository scanning in 57 ms. Found 6 JPA repository interfaces.
2026-09-15 14:23:46.287 [restartedMain] WARN  o.s.c.s.PostProcessorRegistrationDelegate$BeanPostProcessorChecker - Bean 'org.springframework.ws.config.annotation.DelegatingWsConfiguration' of type [org.springframework.ws.config.annotation.DelegatingWsConfiguration$$SpringCGLIB$$0] is not eligible for getting processed by all BeanPostProcessors (for example: not eligible for auto-proxying). The currently created BeanPostProcessor [annotationActionEndpointMapping] is declared through a non-static factory method on that class; consider declaring it as static instead.
2026-09-15 14:23:46.309 [restartedMain] INFO  o.s.w.s.a.s.AnnotationActionEndpointMapping - Supporting [WS-Addressing August 2004, WS-Addressing 1.0]
2026-09-15 14:23:46.761 [restartedMain] INFO  o.s.b.w.e.tomcat.TomcatWebServer - Tomcat initialized with port 8080 (http)
2026-09-15 14:23:46.773 [restartedMain] INFO  o.a.coyote.http11.Http11NioProtocol - Initializing ProtocolHandler ["http-nio-8080"]
2026-09-15 14:23:46.776 [restartedMain] INFO  o.a.catalina.core.StandardService - Starting service [Tomcat]
2026-09-15 14:23:46.777 [restartedMain] INFO  o.a.catalina.core.StandardEngine - Starting Servlet engine: [Apache Tomcat/10.1.20]
2026-09-15 14:23:46.832 [restartedMain] INFO  o.a.c.c.C.[Tomcat].[localhost].[/] - Initializing Spring embedded WebApplicationContext
2026-09-15 14:23:46.833 [restartedMain] INFO  o.s.b.w.s.c.ServletWebServerApplicationContext - Root WebApplicationContext: initialization completed in 2076 ms
2026-09-15 14:23:46.910 [restartedMain] DEBUG c.c.e.w.s.JwtAuthenticationFilter - Filter 'jwtAuthenticationFilter' configured for use
2026-09-15 14:23:47.042 [restartedMain] INFO  o.h.jpa.internal.util.LogHelper - HHH000204: Processing PersistenceUnitInfo [name: default]
2026-09-15 14:23:47.093 [restartedMain] INFO  org.hibernate.Version - HHH000412: Hibernate ORM core version 6.4.4.Final
2026-09-15 14:23:47.122 [restartedMain] INFO  o.h.c.i.RegionFactoryInitiator - HHH000026: Second-level cache disabled
2026-09-15 14:23:47.354 [restartedMain] INFO  o.s.o.j.p.SpringPersistenceUnitInfo - No LoadTimeWeaver setup: ignoring JPA class transformer
2026-09-15 14:23:47.376 [restartedMain] INFO  com.zaxxer.hikari.HikariDataSource - HikariPool-1 - Starting...
2026-09-15 14:23:47.518 [restartedMain] INFO  com.zaxxer.hikari.pool.HikariPool - HikariPool-1 - Added connection org.postgresql.jdbc.PgConnection@6119448
2026-09-15 14:23:47.520 [restartedMain] INFO  com.zaxxer.hikari.HikariDataSource - HikariPool-1 - Start completed.
2026-09-15 14:23:48.435 [restartedMain] INFO  o.h.e.t.j.p.i.JtaPlatformInitiator - HHH000489: No JTA platform available (set 'hibernate.transaction.jta.platform' to enable JTA platform integration)
2026-09-15 14:23:48.552 [restartedMain] INFO  o.s.o.j.LocalContainerEntityManagerFactoryBean - Initialized JPA EntityManagerFactory for persistence unit 'default'
2026-09-15 14:23:48.888 [restartedMain] INFO  o.s.d.j.r.query.QueryEnhancerFactory - Hibernate is in classpath; If applicable, HQL parser will be used.
2026-09-15 14:23:49.543 [restartedMain] WARN  o.s.b.a.o.j.JpaBaseConfiguration$JpaWebConfiguration - spring.jpa.open-in-view is enabled by default. Therefore, database queries may be performed during view rendering. Explicitly configure spring.jpa.open-in-view to disable this warning
2026-09-15 14:23:49.846 [restartedMain] INFO  o.s.s.web.DefaultSecurityFilterChain - Will secure any request with [org.springframework.security.web.session.DisableEncodeUrlFilter@4f999591, org.springframework.security.web.context.request.async.WebAsyncManagerIntegrationFilter@3fc2e793, org.springframework.security.web.context.SecurityContextHolderFilter@2515ba51, org.springframework.security.web.header.HeaderWriterFilter@261f54bf, org.springframework.web.filter.CorsFilter@1aec4466, org.springframework.security.web.authentication.logout.LogoutFilter@23c1518c, com.crypto.exchange.web.security.JwtAuthenticationFilter@25579853, org.springframework.security.web.savedrequest.RequestCacheAwareFilter@1b32da69, org.springframework.security.web.servletapi.SecurityContextHolderAwareRequestFilter@746cd73, org.springframework.security.web.authentication.AnonymousAuthenticationFilter@1d279559, org.springframework.security.web.session.SessionManagementFilter@563316ff, org.springframework.security.web.access.ExceptionTranslationFilter@678b320d, org.springframework.security.web.access.intercept.AuthorizationFilter@22ea4831]
2026-09-15 14:23:50.250 [restartedMain] INFO  o.s.b.d.a.OptionalLiveReloadServer - LiveReload server is running on port 35729
2026-09-15 14:23:50.265 [restartedMain] INFO  o.a.coyote.http11.Http11NioProtocol - Starting ProtocolHandler ["http-nio-8080"]
2026-09-15 14:23:50.280 [restartedMain] INFO  o.s.b.w.e.tomcat.TomcatWebServer - Tomcat started on port 8080 (http) with context path ''
2026-09-15 14:23:50.292 [restartedMain] INFO  c.c.exchange.ExchangeApplication - Started ExchangeApplication in 6.082 seconds (process running for 6.575)
2026-09-15 14:23:50.298 [scheduling-1] INFO  c.c.e.core.aspect.LoggingAspect - Enter: com.crypto.exchange.core.service.CryptoInitializerService.scheduledPriceUpdate() with argument(s) = []
2026-09-15 14:23:50.298 [scheduling-1] INFO  c.c.e.c.s.CryptoInitializerService - Starting crypto price synchronization...
2026-09-15 14:23:50.968 [scheduling-1] INFO  c.c.e.c.s.CryptoInitializerService - Success! Updated 8 cryptocurrencies
2026-09-15 14:23:50.968 [scheduling-1] INFO  c.c.e.core.aspect.LoggingAspect - Exit: com.crypto.exchange.core.service.CryptoInitializerService.scheduledPriceUpdate() executed in 670 ms with result = null
2026-09-15 14:23:54.583 [http-nio-8080-exec-1] INFO  o.a.c.c.C.[Tomcat].[localhost].[/] - Initializing Spring DispatcherServlet 'dispatcherServlet'
2026-09-15 14:23:54.584 [http-nio-8080-exec-1] INFO  o.s.web.servlet.DispatcherServlet - Initializing Servlet 'dispatcherServlet'
2026-09-15 14:23:54.585 [http-nio-8080-exec-1] INFO  o.s.web.servlet.DispatcherServlet - Completed initialization in 1 ms
2026-09-15 14:23:55.276 [http-nio-8080-exec-2] INFO  o.s.api.AbstractOpenApiResource - Init duration for springdoc-openapi is: 433 ms
2026-09-15 14:24:18.917 [http-nio-8080-exec-5] INFO  c.c.e.core.aspect.LoggingAspect - Enter: com.crypto.exchange.web.controller.AuthController.login() with argument(s) = [LoginRequest[usernameOrEmail=example, password=password]]
2026-09-15 14:24:18.920 [http-nio-8080-exec-5] INFO  c.c.e.core.aspect.LoggingAspect - Enter: com.crypto.exchange.core.service.AuthService.login() with argument(s) = [LoginRequest[usernameOrEmail=example, password=password]]
2026-09-15 14:24:19.272 [http-nio-8080-exec-5] INFO  c.c.e.core.aspect.LoggingAspect - Exit: com.crypto.exchange.core.service.AuthService.login() executed in 351 ms with result = AuthResponseDto[token=eyJhbGciOiJIUzUxMiJ9.eyJzdWIiOiJleGFtcGxlIiwiaWQiOjEsInJvbGUiOiJST0xFX1VTRVIiLCJpYXQiOjE3ODk0NzE0NTksImV4cCI6MTc4OTU1Nzg1OX0.xU7UawBynWs8nesC7mLnA_OUBdYk2qiW7JWLGBK8qT09t_gN2QZXuUIiXedOYfwRN40Pnwzwsh_cKHVeZAKqcg, tokenType=Bearer, user=UserResponseDto[id=1, username=example, email=example@example.com, role=ROLE_USER, createdAt=2026-09-15T10:54:41.216510Z]]
2026-09-15 14:24:19.279 [http-nio-8080-exec-5] INFO  c.c.e.core.aspect.LoggingAspect - Exit: com.crypto.exchange.web.controller.AuthController.login() executed in 362 ms with result = <200 OK OK,AuthResponseDto[token=eyJhbGciOiJIUzUxMiJ9.eyJzdWIiOiJleGFtcGxlIiwiaWQiOjEsInJvbGUiOiJST0xFX1VTRVIiLCJpYXQiOjE3ODk0NzE0NTksImV4cCI6MTc4OTU1Nzg1OX0.xU7UawBynWs8nesC7mLnA_OUBdYk2qiW7JWLGBK8qT09t_gN2QZXuUIiXedOYfwRN40Pnwzwsh_cKHVeZAKqcg, tokenType=Bearer, user=UserResponseDto[id=1, username=example, email=example@example.com, role=ROLE_USER, createdAt=2026-09-15T10:54:41.216510Z]],[]>
2026-09-15 14:24:36.252 [http-nio-8080-exec-6] INFO  c.c.e.core.aspect.LoggingAspect - Enter: com.crypto.exchange.web.controller.UserController.getMyProfile() with argument(s) = [com.crypto.exchange.web.security.UserPrincipal@29ab5854]
2026-09-15 14:24:36.252 [http-nio-8080-exec-6] INFO  c.c.e.core.aspect.LoggingAspect - Enter: com.crypto.exchange.core.service.implementation.UserServiceImpl.getUserProfile() with argument(s) = [1]
2026-09-15 14:24:36.258 [http-nio-8080-exec-6] INFO  c.c.e.core.aspect.LoggingAspect - Exit: com.crypto.exchange.core.service.implementation.UserServiceImpl.getUserProfile() executed in 5 ms with result = UserResponseDto[id=1, username=example, email=example@example.com, role=ROLE_USER, createdAt=2026-09-15T10:54:41.216510Z]
2026-09-15 14:24:36.259 [http-nio-8080-exec-6] INFO  c.c.e.core.aspect.LoggingAspect - Exit: com.crypto.exchange.web.controller.UserController.getMyProfile() executed in 7 ms with result = <200 OK OK,UserResponseDto[id=1, username=example, email=example@example.com, role=ROLE_USER, createdAt=2026-09-15T10:54:41.216510Z],[]>
2026-09-15 14:27:12.912 [http-nio-8080-exec-2] INFO  c.c.e.core.aspect.LoggingAspect - Enter: com.crypto.exchange.web.controller.AuthController.login() with argument(s) = [LoginRequest[usernameOrEmail=example, password=password]]
2026-09-15 14:27:12.914 [http-nio-8080-exec-2] INFO  c.c.e.core.aspect.LoggingAspect - Enter: com.crypto.exchange.core.service.AuthService.login() with argument(s) = [LoginRequest[usernameOrEmail=example, password=password]]
2026-09-15 14:27:13.021 [http-nio-8080-exec-2] INFO  c.c.e.core.aspect.LoggingAspect - Exit: com.crypto.exchange.core.service.AuthService.login() executed in 107 ms with result = AuthResponseDto[token=eyJhbGciOiJIUzUxMiJ9.eyJzdWIiOiJleGFtcGxlIiwiaWQiOjEsInJvbGUiOiJST0xFX1VTRVIiLCJpYXQiOjE3ODk0NzE2MzMsImV4cCI6MTc4OTU1ODAzM30.JAa5-WgGSsOWdXd9eIHSt9rILRkGSRmcOcqHXYZyoYse6sj5KZVhxmPgI-QZxUzCVC8lhnoWVgHkkcXngnBQQA, tokenType=Bearer, user=UserResponseDto[id=1, username=example, email=example@example.com, role=ROLE_USER, createdAt=2026-09-15T10:54:41.216510Z]]
2026-09-15 14:27:13.022 [http-nio-8080-exec-2] INFO  c.c.e.core.aspect.LoggingAspect - Exit: com.crypto.exchange.web.controller.AuthController.login() executed in 110 ms with result = <200 OK OK,AuthResponseDto[token=eyJhbGciOiJIUzUxMiJ9.eyJzdWIiOiJleGFtcGxlIiwiaWQiOjEsInJvbGUiOiJST0xFX1VTRVIiLCJpYXQiOjE3ODk0NzE2MzMsImV4cCI6MTc4OTU1ODAzM30.JAa5-WgGSsOWdXd9eIHSt9rILRkGSRmcOcqHXYZyoYse6sj5KZVhxmPgI-QZxUzCVC8lhnoWVgHkkcXngnBQQA, tokenType=Bearer, user=UserResponseDto[id=1, username=example, email=example@example.com, role=ROLE_USER, createdAt=2026-09-15T10:54:41.216510Z]],[]>
2026-09-15 14:27:24.835 [SpringApplicationShutdownHook] INFO  o.s.o.j.LocalContainerEntityManagerFactoryBean - Closing JPA EntityManagerFactory for persistence unit 'default'
2026-09-15 14:27:24.839 [SpringApplicationShutdownHook] INFO  com.zaxxer.hikari.HikariDataSource - HikariPool-1 - Shutdown initiated...
2026-09-15 14:27:24.843 [SpringApplicationShutdownHook] INFO  com.zaxxer.hikari.HikariDataSource - HikariPool-1 - Shutdown completed.
2026-09-15 14:27:26.750 [background-preinit] INFO  o.h.validator.internal.util.Version - HV000001: Hibernate Validator 8.0.1.Final
2026-09-15 14:27:26.795 [restartedMain] INFO  c.c.exchange.ExchangeApplication - Starting ExchangeApplication using Java 23.0.2 with PID 23368 (E:\bsuirapp\exchange\target\classes started by AxlLN in E:\bsuirapp\exchange)
2026-09-15 14:27:26.796 [restartedMain] DEBUG c.c.exchange.ExchangeApplication - Running with Spring Boot v3.2.5, Spring v6.1.6
2026-09-15 14:27:26.798 [restartedMain] INFO  c.c.exchange.ExchangeApplication - No active profile set, falling back to 1 default profile: "default"
2026-09-15 14:27:26.866 [restartedMain] INFO  o.s.b.d.e.DevToolsPropertyDefaultsPostProcessor - Devtools property defaults active! Set 'spring.devtools.add-properties' to 'false' to disable
2026-09-15 14:27:26.866 [restartedMain] INFO  o.s.b.d.e.DevToolsPropertyDefaultsPostProcessor - For additional web related logging consider setting the 'logging.level.web' property to 'DEBUG'
2026-09-15 14:27:27.777 [restartedMain] INFO  o.s.d.r.c.RepositoryConfigurationDelegate - Bootstrapping Spring Data JPA repositories in DEFAULT mode.
2026-09-15 14:27:27.845 [restartedMain] INFO  o.s.d.r.c.RepositoryConfigurationDelegate - Finished Spring Data repository scanning in 60 ms. Found 6 JPA repository interfaces.
2026-09-15 14:27:28.176 [restartedMain] WARN  o.s.c.s.PostProcessorRegistrationDelegate$BeanPostProcessorChecker - Bean 'org.springframework.ws.config.annotation.DelegatingWsConfiguration' of type [org.springframework.ws.config.annotation.DelegatingWsConfiguration$$SpringCGLIB$$0] is not eligible for getting processed by all BeanPostProcessors (for example: not eligible for auto-proxying). The currently created BeanPostProcessor [annotationActionEndpointMapping] is declared through a non-static factory method on that class; consider declaring it as static instead.
2026-09-15 14:27:28.202 [restartedMain] INFO  o.s.w.s.a.s.AnnotationActionEndpointMapping - Supporting [WS-Addressing August 2004, WS-Addressing 1.0]
2026-09-15 14:27:28.640 [restartedMain] INFO  o.s.b.w.e.tomcat.TomcatWebServer - Tomcat initialized with port 8080 (http)
2026-09-15 14:27:28.650 [restartedMain] INFO  o.a.coyote.http11.Http11NioProtocol - Initializing ProtocolHandler ["http-nio-8080"]
2026-09-15 14:27:28.652 [restartedMain] INFO  o.a.catalina.core.StandardService - Starting service [Tomcat]
2026-09-15 14:27:28.653 [restartedMain] INFO  o.a.catalina.core.StandardEngine - Starting Servlet engine: [Apache Tomcat/10.1.20]
2026-09-15 14:27:28.706 [restartedMain] INFO  o.a.c.c.C.[Tomcat].[localhost].[/] - Initializing Spring embedded WebApplicationContext
2026-09-15 14:27:28.707 [restartedMain] INFO  o.s.b.w.s.c.ServletWebServerApplicationContext - Root WebApplicationContext: initialization completed in 1839 ms
2026-09-15 14:27:28.779 [restartedMain] DEBUG c.c.e.w.s.JwtAuthenticationFilter - Filter 'jwtAuthenticationFilter' configured for use
2026-09-15 14:27:28.926 [restartedMain] INFO  o.h.jpa.internal.util.LogHelper - HHH000204: Processing PersistenceUnitInfo [name: default]
2026-09-15 14:27:28.973 [restartedMain] INFO  org.hibernate.Version - HHH000412: Hibernate ORM core version 6.4.4.Final
2026-09-15 14:27:29.008 [restartedMain] INFO  o.h.c.i.RegionFactoryInitiator - HHH000026: Second-level cache disabled
2026-09-15 14:27:29.220 [restartedMain] INFO  o.s.o.j.p.SpringPersistenceUnitInfo - No LoadTimeWeaver setup: ignoring JPA class transformer
2026-09-15 14:27:29.238 [restartedMain] INFO  com.zaxxer.hikari.HikariDataSource - HikariPool-1 - Starting...
2026-09-15 14:27:29.388 [restartedMain] INFO  com.zaxxer.hikari.pool.HikariPool - HikariPool-1 - Added connection org.postgresql.jdbc.PgConnection@6f2d93cd
2026-09-15 14:27:29.389 [restartedMain] INFO  com.zaxxer.hikari.HikariDataSource - HikariPool-1 - Start completed.
2026-09-15 14:27:30.314 [restartedMain] INFO  o.h.e.t.j.p.i.JtaPlatformInitiator - HHH000489: No JTA platform available (set 'hibernate.transaction.jta.platform' to enable JTA platform integration)
2026-09-15 14:27:30.460 [restartedMain] INFO  o.s.o.j.LocalContainerEntityManagerFactoryBean - Initialized JPA EntityManagerFactory for persistence unit 'default'
2026-09-15 14:27:30.799 [restartedMain] INFO  o.s.d.j.r.query.QueryEnhancerFactory - Hibernate is in classpath; If applicable, HQL parser will be used.
2026-09-15 14:27:31.496 [restartedMain] WARN  o.s.b.a.o.j.JpaBaseConfiguration$JpaWebConfiguration - spring.jpa.open-in-view is enabled by default. Therefore, database queries may be performed during view rendering. Explicitly configure spring.jpa.open-in-view to disable this warning
2026-09-15 14:27:31.800 [restartedMain] INFO  o.s.s.web.DefaultSecurityFilterChain - Will secure any request with [org.springframework.security.web.session.DisableEncodeUrlFilter@ede2883, org.springframework.security.web.context.request.async.WebAsyncManagerIntegrationFilter@62dcec0d, org.springframework.security.web.context.SecurityContextHolderFilter@30cbd80e, org.springframework.security.web.header.HeaderWriterFilter@340a8c8f, org.springframework.web.filter.CorsFilter@23c1518c, org.springframework.security.web.authentication.logout.LogoutFilter@9022711, com.crypto.exchange.web.security.JwtAuthenticationFilter@1d1e3a52, org.springframework.security.web.savedrequest.RequestCacheAwareFilter@300add17, org.springframework.security.web.servletapi.SecurityContextHolderAwareRequestFilter@1fd8cfc6, org.springframework.security.web.authentication.AnonymousAuthenticationFilter@16234dd4, org.springframework.security.web.session.SessionManagementFilter@f268521, org.springframework.security.web.access.ExceptionTranslationFilter@23cf3fdf, org.springframework.security.web.access.intercept.AuthorizationFilter@6231cbee]
2026-09-15 14:27:32.215 [restartedMain] INFO  o.s.b.d.a.OptionalLiveReloadServer - LiveReload server is running on port 35729
2026-09-15 14:27:32.230 [restartedMain] INFO  o.a.coyote.http11.Http11NioProtocol - Starting ProtocolHandler ["http-nio-8080"]
2026-09-15 14:27:32.248 [restartedMain] INFO  o.s.b.w.e.tomcat.TomcatWebServer - Tomcat started on port 8080 (http) with context path ''
2026-09-15 14:27:32.260 [restartedMain] INFO  c.c.exchange.ExchangeApplication - Started ExchangeApplication in 5.953 seconds (process running for 6.505)
2026-09-15 14:27:32.266 [scheduling-1] INFO  c.c.e.core.aspect.LoggingAspect - Enter: com.crypto.exchange.core.service.CryptoInitializerService.scheduledPriceUpdate() with argument(s) = []
2026-09-15 14:27:32.266 [scheduling-1] INFO  c.c.e.c.s.CryptoInitializerService - Starting crypto price synchronization...
2026-09-15 14:27:32.853 [scheduling-1] INFO  c.c.e.c.s.CryptoInitializerService - Success! Updated 8 cryptocurrencies
2026-09-15 14:27:32.853 [scheduling-1] INFO  c.c.e.core.aspect.LoggingAspect - Exit: com.crypto.exchange.core.service.CryptoInitializerService.scheduledPriceUpdate() executed in 587 ms with result = null
2026-09-15 14:27:45.724 [http-nio-8080-exec-3] INFO  o.a.c.c.C.[Tomcat].[localhost].[/] - Initializing Spring DispatcherServlet 'dispatcherServlet'
2026-09-15 14:27:45.724 [http-nio-8080-exec-3] INFO  o.s.web.servlet.DispatcherServlet - Initializing Servlet 'dispatcherServlet'
2026-09-15 14:27:45.725 [http-nio-8080-exec-3] INFO  o.s.web.servlet.DispatcherServlet - Completed initialization in 1 ms
2026-09-15 14:27:46.507 [http-nio-8080-exec-4] INFO  o.s.api.AbstractOpenApiResource - Init duration for springdoc-openapi is: 577 ms
2026-09-15 14:28:02.385 [http-nio-8080-exec-5] INFO  c.c.e.core.aspect.LoggingAspect - Enter: com.crypto.exchange.web.controller.AuthController.login() with argument(s) = [LoginRequest[usernameOrEmail=example, password=password]]
2026-09-15 14:28:02.388 [http-nio-8080-exec-5] INFO  c.c.e.core.aspect.LoggingAspect - Enter: com.crypto.exchange.core.service.AuthService.login() with argument(s) = [LoginRequest[usernameOrEmail=example, password=password]]
2026-09-15 14:28:02.720 [http-nio-8080-exec-5] INFO  c.c.e.core.aspect.LoggingAspect - Exit: com.crypto.exchange.core.service.AuthService.login() executed in 332 ms with result = AuthResponseDto[token=eyJhbGciOiJIUzUxMiJ9.eyJzdWIiOiJleGFtcGxlIiwiaWQiOjEsInJvbGUiOiJST0xFX1VTRVIiLCJpYXQiOjE3ODk0NzE2ODIsImV4cCI6MTc4OTU1ODA4Mn0.cZwtIS4D_A6YvN7-9ZIcAL8fygrdqHFjf-6z89VdC4p4x3Vtp8vuh1dv_d9JME4HfM4KuJxuBlM7V148pbcIlA, tokenType=Bearer, user=UserResponseDto[id=1, username=example, email=example@example.com, role=ROLE_USER, createdAt=2026-09-15T10:54:41.216510Z]]
2026-09-15 14:28:02.728 [http-nio-8080-exec-5] INFO  c.c.e.core.aspect.LoggingAspect - Exit: com.crypto.exchange.web.controller.AuthController.login() executed in 343 ms with result = <200 OK OK,AuthResponseDto[token=eyJhbGciOiJIUzUxMiJ9.eyJzdWIiOiJleGFtcGxlIiwiaWQiOjEsInJvbGUiOiJST0xFX1VTRVIiLCJpYXQiOjE3ODk0NzE2ODIsImV4cCI6MTc4OTU1ODA4Mn0.cZwtIS4D_A6YvN7-9ZIcAL8fygrdqHFjf-6z89VdC4p4x3Vtp8vuh1dv_d9JME4HfM4KuJxuBlM7V148pbcIlA, tokenType=Bearer, user=UserResponseDto[id=1, username=example, email=example@example.com, role=ROLE_USER, createdAt=2026-09-15T10:54:41.216510Z]],[]>
2026-09-15 14:28:48.168 [http-nio-8080-exec-10] INFO  c.c.e.core.aspect.LoggingAspect - Enter: com.crypto.exchange.web.controller.AuthController.login() with argument(s) = [LoginRequest[usernameOrEmail=example, password=password]]
2026-09-15 14:28:48.169 [http-nio-8080-exec-10] INFO  c.c.e.core.aspect.LoggingAspect - Enter: com.crypto.exchange.core.service.AuthService.login() with argument(s) = [LoginRequest[usernameOrEmail=example, password=password]]
2026-09-15 14:28:48.306 [http-nio-8080-exec-10] INFO  c.c.e.core.aspect.LoggingAspect - Exit: com.crypto.exchange.core.service.AuthService.login() executed in 136 ms with result = AuthResponseDto[token=eyJhbGciOiJIUzUxMiJ9.eyJzdWIiOiJleGFtcGxlIiwiaWQiOjEsInJvbGUiOiJST0xFX0FETUlOIiwiaWF0IjoxNzg5NDcxNzI4LCJleHAiOjE3ODk1NTgxMjh9.xmsa9TzkV5MKHdMgWtrNrVbLi1fZz3pbFcGlES6UOeHNiHlhAs2SyjvQBVJ_MfByTRcMNmdcTIjyOCaSvz6efw, tokenType=Bearer, user=UserResponseDto[id=1, username=example, email=example@example.com, role=ROLE_ADMIN, createdAt=2026-09-15T10:54:41.216510Z]]
2026-09-15 14:28:48.307 [http-nio-8080-exec-10] INFO  c.c.e.core.aspect.LoggingAspect - Exit: com.crypto.exchange.web.controller.AuthController.login() executed in 138 ms with result = <200 OK OK,AuthResponseDto[token=eyJhbGciOiJIUzUxMiJ9.eyJzdWIiOiJleGFtcGxlIiwiaWQiOjEsInJvbGUiOiJST0xFX0FETUlOIiwiaWF0IjoxNzg5NDcxNzI4LCJleHAiOjE3ODk1NTgxMjh9.xmsa9TzkV5MKHdMgWtrNrVbLi1fZz3pbFcGlES6UOeHNiHlhAs2SyjvQBVJ_MfByTRcMNmdcTIjyOCaSvz6efw, tokenType=Bearer, user=UserResponseDto[id=1, username=example, email=example@example.com, role=ROLE_ADMIN, createdAt=2026-09-15T10:54:41.216510Z]],[]>
2026-09-15 14:28:50.044 [http-nio-8080-exec-3] INFO  c.c.e.core.aspect.LoggingAspect - Enter: com.crypto.exchange.web.controller.AuthController.login() with argument(s) = [LoginRequest[usernameOrEmail=example, password=password]]
2026-09-15 14:28:50.045 [http-nio-8080-exec-3] INFO  c.c.e.core.aspect.LoggingAspect - Enter: com.crypto.exchange.core.service.AuthService.login() with argument(s) = [LoginRequest[usernameOrEmail=example, password=password]]
2026-09-15 14:28:50.155 [http-nio-8080-exec-3] INFO  c.c.e.core.aspect.LoggingAspect - Exit: com.crypto.exchange.core.service.AuthService.login() executed in 110 ms with result = AuthResponseDto[token=eyJhbGciOiJIUzUxMiJ9.eyJzdWIiOiJleGFtcGxlIiwiaWQiOjEsInJvbGUiOiJST0xFX0FETUlOIiwiaWF0IjoxNzg5NDcxNzMwLCJleHAiOjE3ODk1NTgxMzB9.gZ1Md0l1ySoBnH1be59H8TMGbg0kjg7-LexsyXE_0ee9W9SEsEL656tTUmunqCrkoEgGInAheEBjw4q_zsRqZQ, tokenType=Bearer, user=UserResponseDto[id=1, username=example, email=example@example.com, role=ROLE_ADMIN, createdAt=2026-09-15T10:54:41.216510Z]]
2026-09-15 14:28:50.156 [http-nio-8080-exec-3] INFO  c.c.e.core.aspect.LoggingAspect - Exit: com.crypto.exchange.web.controller.AuthController.login() executed in 112 ms with result = <200 OK OK,AuthResponseDto[token=eyJhbGciOiJIUzUxMiJ9.eyJzdWIiOiJleGFtcGxlIiwiaWQiOjEsInJvbGUiOiJST0xFX0FETUlOIiwiaWF0IjoxNzg5NDcxNzMwLCJleHAiOjE3ODk1NTgxMzB9.gZ1Md0l1ySoBnH1be59H8TMGbg0kjg7-LexsyXE_0ee9W9SEsEL656tTUmunqCrkoEgGInAheEBjw4q_zsRqZQ, tokenType=Bearer, user=UserResponseDto[id=1, username=example, email=example@example.com, role=ROLE_ADMIN, createdAt=2026-09-15T10:54:41.216510Z]],[]>
2026-09-15 14:29:15.475 [http-nio-8080-exec-1] INFO  c.c.e.core.aspect.LoggingAspect - Enter: com.crypto.exchange.web.controller.AdminUserController.getUserById() with argument(s) = [3]
2026-09-15 14:29:15.476 [http-nio-8080-exec-1] INFO  c.c.e.core.aspect.LoggingAspect - Enter: com.crypto.exchange.core.service.implementation.UserServiceImpl.getUserById() with argument(s) = [3]
2026-09-15 14:29:15.482 [http-nio-8080-exec-1] INFO  c.c.e.core.aspect.LoggingAspect - Exit: com.crypto.exchange.core.service.implementation.UserServiceImpl.getUserById() executed in 6 ms with result = UserResponseDto[id=3, username=user1234, email=user1234@example.com, role=ROLE_USER, createdAt=2026-09-15T11:16:00.110836Z]
2026-09-15 14:29:15.483 [http-nio-8080-exec-1] INFO  c.c.e.core.aspect.LoggingAspect - Exit: com.crypto.exchange.web.controller.AdminUserController.getUserById() executed in 8 ms with result = <200 OK OK,UserResponseDto[id=3, username=user1234, email=user1234@example.com, role=ROLE_USER, createdAt=2026-09-15T11:16:00.110836Z],[]>
2026-09-15 14:29:24.765 [http-nio-8080-exec-2] INFO  c.c.e.core.aspect.LoggingAspect - Enter: com.crypto.exchange.web.controller.AdminUserController.getUserById() with argument(s) = [2]
2026-09-15 14:29:24.766 [http-nio-8080-exec-2] INFO  c.c.e.core.aspect.LoggingAspect - Enter: com.crypto.exchange.core.service.implementation.UserServiceImpl.getUserById() with argument(s) = [2]
2026-09-15 14:29:24.767 [http-nio-8080-exec-2] INFO  c.c.e.core.aspect.LoggingAspect - Exit: com.crypto.exchange.core.service.implementation.UserServiceImpl.getUserById() executed in 1 ms with result = UserResponseDto[id=2, username=string1, email=string@example.com, role=ROLE_USER, createdAt=2026-09-15T11:14:57.373499Z]
2026-09-15 14:29:24.768 [http-nio-8080-exec-2] INFO  c.c.e.core.aspect.LoggingAspect - Exit: com.crypto.exchange.web.controller.AdminUserController.getUserById() executed in 3 ms with result = <200 OK OK,UserResponseDto[id=2, username=string1, email=string@example.com, role=ROLE_USER, createdAt=2026-09-15T11:14:57.373499Z],[]>
2026-09-15 14:29:40.753 [http-nio-8080-exec-4] INFO  c.c.e.core.aspect.LoggingAspect - Enter: com.crypto.exchange.web.controller.UserController.getMyProfile() with argument(s) = [com.crypto.exchange.web.security.UserPrincipal@7d9cb7d0]
2026-09-15 14:29:40.754 [http-nio-8080-exec-4] INFO  c.c.e.core.aspect.LoggingAspect - Enter: com.crypto.exchange.core.service.implementation.UserServiceImpl.getUserProfile() with argument(s) = [1]
2026-09-15 14:29:40.756 [http-nio-8080-exec-4] INFO  c.c.e.core.aspect.LoggingAspect - Exit: com.crypto.exchange.core.service.implementation.UserServiceImpl.getUserProfile() executed in 2 ms with result = UserResponseDto[id=1, username=example, email=example@example.com, role=ROLE_ADMIN, createdAt=2026-09-15T10:54:41.216510Z]
2026-09-15 14:29:40.757 [http-nio-8080-exec-4] INFO  c.c.e.core.aspect.LoggingAspect - Exit: com.crypto.exchange.web.controller.UserController.getMyProfile() executed in 4 ms with result = <200 OK OK,UserResponseDto[id=1, username=example, email=example@example.com, role=ROLE_ADMIN, createdAt=2026-09-15T10:54:41.216510Z],[]>
2026-09-15 14:29:41.747 [http-nio-8080-exec-5] INFO  c.c.e.core.aspect.LoggingAspect - Enter: com.crypto.exchange.web.controller.UserController.getMyProfile() with argument(s) = [com.crypto.exchange.web.security.UserPrincipal@64d32a71]
2026-09-15 14:29:41.747 [http-nio-8080-exec-5] INFO  c.c.e.core.aspect.LoggingAspect - Enter: com.crypto.exchange.core.service.implementation.UserServiceImpl.getUserProfile() with argument(s) = [1]
2026-09-15 14:29:41.749 [http-nio-8080-exec-5] INFO  c.c.e.core.aspect.LoggingAspect - Exit: com.crypto.exchange.core.service.implementation.UserServiceImpl.getUserProfile() executed in 1 ms with result = UserResponseDto[id=1, username=example, email=example@example.com, role=ROLE_ADMIN, createdAt=2026-09-15T10:54:41.216510Z]
2026-09-15 14:29:41.749 [http-nio-8080-exec-5] INFO  c.c.e.core.aspect.LoggingAspect - Exit: com.crypto.exchange.web.controller.UserController.getMyProfile() executed in 2 ms with result = <200 OK OK,UserResponseDto[id=1, username=example, email=example@example.com, role=ROLE_ADMIN, createdAt=2026-09-15T10:54:41.216510Z],[]>
2026-09-15 14:31:13.241 [SpringApplicationShutdownHook] INFO  o.s.o.j.LocalContainerEntityManagerFactoryBean - Closing JPA EntityManagerFactory for persistence unit 'default'
2026-09-15 14:31:13.244 [SpringApplicationShutdownHook] INFO  com.zaxxer.hikari.HikariDataSource - HikariPool-1 - Shutdown initiated...
2026-09-15 14:31:13.248 [SpringApplicationShutdownHook] INFO  com.zaxxer.hikari.HikariDataSource - HikariPool-1 - Shutdown completed.
2026-09-15 15:33:20.623 [background-preinit] INFO  o.h.validator.internal.util.Version - HV000001: Hibernate Validator 8.0.1.Final
2026-09-15 15:33:20.678 [restartedMain] INFO  c.c.exchange.ExchangeApplication - Starting ExchangeApplication using Java 23.0.2 with PID 23056 (E:\bsuirapp\exchange\target\classes started by AxlLN in E:\bsuirapp\exchange)
2026-09-15 15:33:20.679 [restartedMain] DEBUG c.c.exchange.ExchangeApplication - Running with Spring Boot v3.2.5, Spring v6.1.6
2026-09-15 15:33:20.680 [restartedMain] INFO  c.c.exchange.ExchangeApplication - No active profile set, falling back to 1 default profile: "default"
2026-09-15 15:33:20.765 [restartedMain] INFO  o.s.b.d.e.DevToolsPropertyDefaultsPostProcessor - Devtools property defaults active! Set 'spring.devtools.add-properties' to 'false' to disable
2026-09-15 15:33:20.766 [restartedMain] INFO  o.s.b.d.e.DevToolsPropertyDefaultsPostProcessor - For additional web related logging consider setting the 'logging.level.web' property to 'DEBUG'
2026-09-15 15:33:21.989 [restartedMain] INFO  o.s.d.r.c.RepositoryConfigurationDelegate - Bootstrapping Spring Data JPA repositories in DEFAULT mode.
2026-09-15 15:33:22.082 [restartedMain] INFO  o.s.d.r.c.RepositoryConfigurationDelegate - Finished Spring Data repository scanning in 84 ms. Found 6 JPA repository interfaces.
2026-09-15 15:33:22.572 [restartedMain] WARN  o.s.c.s.PostProcessorRegistrationDelegate$BeanPostProcessorChecker - Bean 'org.springframework.ws.config.annotation.DelegatingWsConfiguration' of type [org.springframework.ws.config.annotation.DelegatingWsConfiguration$$SpringCGLIB$$0] is not eligible for getting processed by all BeanPostProcessors (for example: not eligible for auto-proxying). The currently created BeanPostProcessor [annotationActionEndpointMapping] is declared through a non-static factory method on that class; consider declaring it as static instead.
2026-09-15 15:33:22.607 [restartedMain] INFO  o.s.w.s.a.s.AnnotationActionEndpointMapping - Supporting [WS-Addressing August 2004, WS-Addressing 1.0]
2026-09-15 15:33:23.174 [restartedMain] INFO  o.s.b.w.e.tomcat.TomcatWebServer - Tomcat initialized with port 8080 (http)
2026-09-15 15:33:23.189 [restartedMain] INFO  o.a.coyote.http11.Http11NioProtocol - Initializing ProtocolHandler ["http-nio-8080"]
2026-09-15 15:33:23.192 [restartedMain] INFO  o.a.catalina.core.StandardService - Starting service [Tomcat]
2026-09-15 15:33:23.192 [restartedMain] INFO  o.a.catalina.core.StandardEngine - Starting Servlet engine: [Apache Tomcat/10.1.20]
2026-09-15 15:33:23.255 [restartedMain] INFO  o.a.c.c.C.[Tomcat].[localhost].[/] - Initializing Spring embedded WebApplicationContext
2026-09-15 15:33:23.257 [restartedMain] INFO  o.s.b.w.s.c.ServletWebServerApplicationContext - Root WebApplicationContext: initialization completed in 2489 ms
2026-09-15 15:33:23.358 [restartedMain] DEBUG c.c.e.w.s.JwtAuthenticationFilter - Filter 'jwtAuthenticationFilter' configured for use
2026-09-15 15:33:23.525 [restartedMain] INFO  o.h.jpa.internal.util.LogHelper - HHH000204: Processing PersistenceUnitInfo [name: default]
2026-09-15 15:33:23.592 [restartedMain] INFO  org.hibernate.Version - HHH000412: Hibernate ORM core version 6.4.4.Final
2026-09-15 15:33:23.630 [restartedMain] INFO  o.h.c.i.RegionFactoryInitiator - HHH000026: Second-level cache disabled
2026-09-15 15:33:23.902 [restartedMain] INFO  o.s.o.j.p.SpringPersistenceUnitInfo - No LoadTimeWeaver setup: ignoring JPA class transformer
2026-09-15 15:33:23.932 [restartedMain] INFO  com.zaxxer.hikari.HikariDataSource - HikariPool-1 - Starting...
2026-09-15 15:33:24.154 [restartedMain] INFO  com.zaxxer.hikari.pool.HikariPool - HikariPool-1 - Added connection org.postgresql.jdbc.PgConnection@48d29aa1
2026-09-15 15:33:24.157 [restartedMain] INFO  com.zaxxer.hikari.HikariDataSource - HikariPool-1 - Start completed.
2026-09-15 15:33:25.549 [restartedMain] INFO  o.h.e.t.j.p.i.JtaPlatformInitiator - HHH000489: No JTA platform available (set 'hibernate.transaction.jta.platform' to enable JTA platform integration)
2026-09-15 15:33:25.714 [restartedMain] INFO  o.s.o.j.LocalContainerEntityManagerFactoryBean - Initialized JPA EntityManagerFactory for persistence unit 'default'
2026-09-15 15:33:26.100 [restartedMain] INFO  o.s.d.j.r.query.QueryEnhancerFactory - Hibernate is in classpath; If applicable, HQL parser will be used.
2026-09-15 15:33:27.176 [restartedMain] WARN  o.s.b.a.o.j.JpaBaseConfiguration$JpaWebConfiguration - spring.jpa.open-in-view is enabled by default. Therefore, database queries may be performed during view rendering. Explicitly configure spring.jpa.open-in-view to disable this warning
2026-09-15 15:33:27.760 [restartedMain] INFO  o.s.s.web.DefaultSecurityFilterChain - Will secure any request with [org.springframework.security.web.session.DisableEncodeUrlFilter@176f16cf, org.springframework.security.web.context.request.async.WebAsyncManagerIntegrationFilter@502bb70, org.springframework.security.web.context.SecurityContextHolderFilter@25f65cd1, org.springframework.security.web.header.HeaderWriterFilter@1fd8cfc6, org.springframework.web.filter.CorsFilter@1d888851, org.springframework.security.web.authentication.logout.LogoutFilter@2ac2edd7, com.crypto.exchange.web.security.JwtAuthenticationFilter@cc608cd, org.springframework.security.web.savedrequest.RequestCacheAwareFilter@678b320d, org.springframework.security.web.servletapi.SecurityContextHolderAwareRequestFilter@31188699, org.springframework.security.web.authentication.AnonymousAuthenticationFilter@486d503, org.springframework.security.web.session.SessionManagementFilter@56ff93, org.springframework.security.web.access.ExceptionTranslationFilter@bff5cbb, org.springframework.security.web.access.intercept.AuthorizationFilter@6c7fd012]
2026-09-15 15:33:28.713 [restartedMain] INFO  o.s.b.d.a.OptionalLiveReloadServer - LiveReload server is running on port 35729
2026-09-15 15:33:28.745 [restartedMain] INFO  o.a.coyote.http11.Http11NioProtocol - Starting ProtocolHandler ["http-nio-8080"]
2026-09-15 15:33:28.804 [restartedMain] INFO  o.s.b.w.e.tomcat.TomcatWebServer - Tomcat started on port 8080 (http) with context path ''
2026-09-15 15:33:28.832 [restartedMain] INFO  c.c.exchange.ExchangeApplication - Started ExchangeApplication in 8.75 seconds (process running for 9.339)
2026-09-15 15:33:28.843 [scheduling-1] INFO  c.c.e.core.aspect.LoggingAspect - Enter: com.crypto.exchange.core.service.CryptoInitializerService.scheduledPriceUpdate() with argument(s) = []
2026-09-15 15:33:28.844 [scheduling-1] INFO  c.c.e.c.s.CryptoInitializerService - Starting crypto price synchronization...
2026-09-15 15:33:30.431 [scheduling-1] INFO  c.c.e.c.s.CryptoInitializerService - Success! Updated 8 cryptocurrencies
2026-09-15 15:33:30.432 [scheduling-1] INFO  c.c.e.core.aspect.LoggingAspect - Exit: com.crypto.exchange.core.service.CryptoInitializerService.scheduledPriceUpdate() executed in 1588 ms with result = null
2026-09-15 15:33:34.454 [http-nio-8080-exec-1] INFO  o.a.c.c.C.[Tomcat].[localhost].[/] - Initializing Spring DispatcherServlet 'dispatcherServlet'
2026-09-15 15:33:34.455 [http-nio-8080-exec-1] INFO  o.s.web.servlet.DispatcherServlet - Initializing Servlet 'dispatcherServlet'
2026-09-15 15:33:34.458 [http-nio-8080-exec-1] INFO  o.s.web.servlet.DispatcherServlet - Completed initialization in 3 ms
2026-09-15 15:33:36.445 [http-nio-8080-exec-4] INFO  o.s.api.AbstractOpenApiResource - Init duration for springdoc-openapi is: 1464 ms
2026-09-15 15:33:56.261 [http-nio-8080-exec-5] INFO  c.c.e.core.aspect.LoggingAspect - Enter: com.crypto.exchange.web.controller.AuthController.login() with argument(s) = [LoginRequest[usernameOrEmail=example, password=password]]
2026-09-15 15:33:56.268 [http-nio-8080-exec-5] INFO  c.c.e.core.aspect.LoggingAspect - Enter: com.crypto.exchange.core.service.AuthService.login() with argument(s) = [LoginRequest[usernameOrEmail=example, password=password]]
2026-09-15 15:33:57.249 [http-nio-8080-exec-5] INFO  c.c.e.core.aspect.LoggingAspect - Exit: com.crypto.exchange.core.service.AuthService.login() executed in 981 ms with result = AuthResponseDto[token=eyJhbGciOiJIUzUxMiJ9.eyJzdWIiOiJleGFtcGxlIiwiaWQiOjEsInJvbGUiOiJST0xFX0FETUlOIiwiaWF0IjoxNzg5NDc1NjM2LCJleHAiOjE3ODk1NjIwMzZ9.gHbga5ZagH793y3DdYt-OB3m-a3OgK7VMR36KSOld-nsJlcXfmds2OwtowcHkH0ogajOjrL8ypJKk4k2R4cryQ, tokenType=Bearer, user=UserResponseDto[id=1, username=example, email=example@example.com, role=ROLE_ADMIN, createdAt=2026-09-15T10:54:41.216510Z]]
2026-09-15 15:33:57.281 [http-nio-8080-exec-5] INFO  c.c.e.core.aspect.LoggingAspect - Exit: com.crypto.exchange.web.controller.AuthController.login() executed in 1020 ms with result = <200 OK OK,AuthResponseDto[token=eyJhbGciOiJIUzUxMiJ9.eyJzdWIiOiJleGFtcGxlIiwiaWQiOjEsInJvbGUiOiJST0xFX0FETUlOIiwiaWF0IjoxNzg5NDc1NjM2LCJleHAiOjE3ODk1NjIwMzZ9.gHbga5ZagH793y3DdYt-OB3m-a3OgK7VMR36KSOld-nsJlcXfmds2OwtowcHkH0ogajOjrL8ypJKk4k2R4cryQ, tokenType=Bearer, user=UserResponseDto[id=1, username=example, email=example@example.com, role=ROLE_ADMIN, createdAt=2026-09-15T10:54:41.216510Z]],[]>
2026-09-15 15:33:58.594 [http-nio-8080-exec-6] INFO  c.c.e.core.aspect.LoggingAspect - Enter: com.crypto.exchange.web.controller.AuthController.login() with argument(s) = [LoginRequest[usernameOrEmail=example, password=password]]
2026-09-15 15:33:58.597 [http-nio-8080-exec-6] INFO  c.c.e.core.aspect.LoggingAspect - Enter: com.crypto.exchange.core.service.AuthService.login() with argument(s) = [LoginRequest[usernameOrEmail=example, password=password]]
2026-09-15 15:33:58.910 [http-nio-8080-exec-6] INFO  c.c.e.core.aspect.LoggingAspect - Exit: com.crypto.exchange.core.service.AuthService.login() executed in 313 ms with result = AuthResponseDto[token=eyJhbGciOiJIUzUxMiJ9.eyJzdWIiOiJleGFtcGxlIiwiaWQiOjEsInJvbGUiOiJST0xFX0FETUlOIiwiaWF0IjoxNzg5NDc1NjM4LCJleHAiOjE3ODk1NjIwMzh9.YzKXvsfEYVFQj_tlP09VicEf-f_LvHKSvcU5YU0VnQR8aKaSTONVdjys90SKS00FCD-nB9X2b3inWwVHb5m1QA, tokenType=Bearer, user=UserResponseDto[id=1, username=example, email=example@example.com, role=ROLE_ADMIN, createdAt=2026-09-15T10:54:41.216510Z]]
2026-09-15 15:33:58.911 [http-nio-8080-exec-6] INFO  c.c.e.core.aspect.LoggingAspect - Exit: com.crypto.exchange.web.controller.AuthController.login() executed in 317 ms with result = <200 OK OK,AuthResponseDto[token=eyJhbGciOiJIUzUxMiJ9.eyJzdWIiOiJleGFtcGxlIiwiaWQiOjEsInJvbGUiOiJST0xFX0FETUlOIiwiaWF0IjoxNzg5NDc1NjM4LCJleHAiOjE3ODk1NjIwMzh9.YzKXvsfEYVFQj_tlP09VicEf-f_LvHKSvcU5YU0VnQR8aKaSTONVdjys90SKS00FCD-nB9X2b3inWwVHb5m1QA, tokenType=Bearer, user=UserResponseDto[id=1, username=example, email=example@example.com, role=ROLE_ADMIN, createdAt=2026-09-15T10:54:41.216510Z]],[]>
2026-09-15 15:34:13.720 [http-nio-8080-exec-7] INFO  c.c.e.core.aspect.LoggingAspect - Enter: com.crypto.exchange.web.controller.UserController.getMyProfile() with argument(s) = [com.crypto.exchange.web.security.UserPrincipal@76495826]
2026-09-15 15:34:13.722 [http-nio-8080-exec-7] INFO  c.c.e.core.aspect.LoggingAspect - Enter: com.crypto.exchange.core.service.implementation.UserServiceImpl.getUserProfile() with argument(s) = [1]
2026-09-15 15:34:13.736 [http-nio-8080-exec-7] INFO  c.c.e.core.aspect.LoggingAspect - Exit: com.crypto.exchange.core.service.implementation.UserServiceImpl.getUserProfile() executed in 14 ms with result = UserResponseDto[id=1, username=example, email=example@example.com, role=ROLE_ADMIN, createdAt=2026-09-15T10:54:41.216510Z]
2026-09-15 15:34:13.738 [http-nio-8080-exec-7] INFO  c.c.e.core.aspect.LoggingAspect - Exit: com.crypto.exchange.web.controller.UserController.getMyProfile() executed in 18 ms with result = <200 OK OK,UserResponseDto[id=1, username=example, email=example@example.com, role=ROLE_ADMIN, createdAt=2026-09-15T10:54:41.216510Z],[]>
2026-09-15 15:34:22.490 [http-nio-8080-exec-8] INFO  c.c.e.core.aspect.LoggingAspect - Enter: com.crypto.exchange.web.controller.AdminUserController.getUserById() with argument(s) = [2]
2026-09-15 15:34:22.493 [http-nio-8080-exec-8] INFO  c.c.e.core.aspect.LoggingAspect - Enter: com.crypto.exchange.core.service.implementation.UserServiceImpl.getUserById() with argument(s) = [2]
2026-09-15 15:34:22.497 [http-nio-8080-exec-8] INFO  c.c.e.core.aspect.LoggingAspect - Exit: com.crypto.exchange.core.service.implementation.UserServiceImpl.getUserById() executed in 4 ms with result = UserResponseDto[id=2, username=string1, email=string@example.com, role=ROLE_USER, createdAt=2026-09-15T11:14:57.373499Z]
2026-09-15 15:34:22.499 [http-nio-8080-exec-8] INFO  c.c.e.core.aspect.LoggingAspect - Exit: com.crypto.exchange.web.controller.AdminUserController.getUserById() executed in 8 ms with result = <200 OK OK,UserResponseDto[id=2, username=string1, email=string@example.com, role=ROLE_USER, createdAt=2026-09-15T11:14:57.373499Z],[]>
2026-09-15 15:38:28.835 [scheduling-1] INFO  c.c.e.core.aspect.LoggingAspect - Enter: com.crypto.exchange.core.service.CryptoInitializerService.scheduledPriceUpdate() with argument(s) = []
2026-09-15 15:38:28.836 [scheduling-1] INFO  c.c.e.c.s.CryptoInitializerService - Starting crypto price synchronization...
2026-09-15 15:38:29.197 [scheduling-1] INFO  c.c.e.c.s.CryptoInitializerService - Success! Updated 8 cryptocurrencies
2026-09-15 15:38:29.197 [scheduling-1] INFO  c.c.e.core.aspect.LoggingAspect - Exit: com.crypto.exchange.core.service.CryptoInitializerService.scheduledPriceUpdate() executed in 362 ms with result = null
2026-09-15 15:39:50.851 [SpringApplicationShutdownHook] INFO  o.s.o.j.LocalContainerEntityManagerFactoryBean - Closing JPA EntityManagerFactory for persistence unit 'default'
2026-09-15 15:39:50.855 [SpringApplicationShutdownHook] INFO  com.zaxxer.hikari.HikariDataSource - HikariPool-1 - Shutdown initiated...
2026-09-15 15:39:50.862 [SpringApplicationShutdownHook] INFO  com.zaxxer.hikari.HikariDataSource - HikariPool-1 - Shutdown completed.
2026-09-15 15:40:00.591 [background-preinit] INFO  o.h.validator.internal.util.Version - HV000001: Hibernate Validator 8.0.1.Final
2026-09-15 15:40:00.640 [restartedMain] INFO  c.c.exchange.ExchangeApplication - Starting ExchangeApplication using Java 23.0.2 with PID 13320 (E:\bsuirapp\exchange\target\classes started by AxlLN in E:\bsuirapp\exchange)
2026-09-15 15:40:00.640 [restartedMain] DEBUG c.c.exchange.ExchangeApplication - Running with Spring Boot v3.2.5, Spring v6.1.6
2026-09-15 15:40:00.641 [restartedMain] INFO  c.c.exchange.ExchangeApplication - No active profile set, falling back to 1 default profile: "default"
2026-09-15 15:40:00.718 [restartedMain] INFO  o.s.b.d.e.DevToolsPropertyDefaultsPostProcessor - Devtools property defaults active! Set 'spring.devtools.add-properties' to 'false' to disable
2026-09-15 15:40:00.718 [restartedMain] INFO  o.s.b.d.e.DevToolsPropertyDefaultsPostProcessor - For additional web related logging consider setting the 'logging.level.web' property to 'DEBUG'
2026-09-15 15:40:01.894 [restartedMain] INFO  o.s.d.r.c.RepositoryConfigurationDelegate - Bootstrapping Spring Data JPA repositories in DEFAULT mode.
2026-09-15 15:40:01.985 [restartedMain] INFO  o.s.d.r.c.RepositoryConfigurationDelegate - Finished Spring Data repository scanning in 82 ms. Found 6 JPA repository interfaces.
2026-09-15 15:40:02.437 [restartedMain] WARN  o.s.c.s.PostProcessorRegistrationDelegate$BeanPostProcessorChecker - Bean 'org.springframework.ws.config.annotation.DelegatingWsConfiguration' of type [org.springframework.ws.config.annotation.DelegatingWsConfiguration$$SpringCGLIB$$0] is not eligible for getting processed by all BeanPostProcessors (for example: not eligible for auto-proxying). The currently created BeanPostProcessor [annotationActionEndpointMapping] is declared through a non-static factory method on that class; consider declaring it as static instead.
2026-09-15 15:40:02.463 [restartedMain] INFO  o.s.w.s.a.s.AnnotationActionEndpointMapping - Supporting [WS-Addressing August 2004, WS-Addressing 1.0]
2026-09-15 15:40:02.983 [restartedMain] INFO  o.s.b.w.e.tomcat.TomcatWebServer - Tomcat initialized with port 8080 (http)
2026-09-15 15:40:02.995 [restartedMain] INFO  o.a.coyote.http11.Http11NioProtocol - Initializing ProtocolHandler ["http-nio-8080"]
2026-09-15 15:40:02.999 [restartedMain] INFO  o.a.catalina.core.StandardService - Starting service [Tomcat]
2026-09-15 15:40:02.999 [restartedMain] INFO  o.a.catalina.core.StandardEngine - Starting Servlet engine: [Apache Tomcat/10.1.20]
2026-09-15 15:40:03.068 [restartedMain] INFO  o.a.c.c.C.[Tomcat].[localhost].[/] - Initializing Spring embedded WebApplicationContext
2026-09-15 15:40:03.071 [restartedMain] INFO  o.s.b.w.s.c.ServletWebServerApplicationContext - Root WebApplicationContext: initialization completed in 2350 ms
2026-09-15 15:40:03.159 [restartedMain] DEBUG c.c.e.w.s.JwtAuthenticationFilter - Filter 'jwtAuthenticationFilter' configured for use
2026-09-15 15:40:03.330 [restartedMain] INFO  o.h.jpa.internal.util.LogHelper - HHH000204: Processing PersistenceUnitInfo [name: default]
2026-09-15 15:40:03.390 [restartedMain] INFO  org.hibernate.Version - HHH000412: Hibernate ORM core version 6.4.4.Final
2026-09-15 15:40:03.424 [restartedMain] INFO  o.h.c.i.RegionFactoryInitiator - HHH000026: Second-level cache disabled
2026-09-15 15:40:03.689 [restartedMain] INFO  o.s.o.j.p.SpringPersistenceUnitInfo - No LoadTimeWeaver setup: ignoring JPA class transformer
2026-09-15 15:40:03.716 [restartedMain] INFO  com.zaxxer.hikari.HikariDataSource - HikariPool-1 - Starting...
2026-09-15 15:40:04.046 [restartedMain] INFO  com.zaxxer.hikari.pool.HikariPool - HikariPool-1 - Added connection org.postgresql.jdbc.PgConnection@6a62147e
2026-09-15 15:40:04.049 [restartedMain] INFO  com.zaxxer.hikari.HikariDataSource - HikariPool-1 - Start completed.
2026-09-15 15:40:05.640 [restartedMain] INFO  o.h.e.t.j.p.i.JtaPlatformInitiator - HHH000489: No JTA platform available (set 'hibernate.transaction.jta.platform' to enable JTA platform integration)
2026-09-15 15:40:05.892 [restartedMain] INFO  o.s.o.j.LocalContainerEntityManagerFactoryBean - Initialized JPA EntityManagerFactory for persistence unit 'default'
2026-09-15 15:40:06.356 [restartedMain] INFO  o.s.d.j.r.query.QueryEnhancerFactory - Hibernate is in classpath; If applicable, HQL parser will be used.
2026-09-15 15:40:07.198 [restartedMain] WARN  o.s.b.a.o.j.JpaBaseConfiguration$JpaWebConfiguration - spring.jpa.open-in-view is enabled by default. Therefore, database queries may be performed during view rendering. Explicitly configure spring.jpa.open-in-view to disable this warning
2026-09-15 15:40:07.571 [restartedMain] INFO  o.s.s.web.DefaultSecurityFilterChain - Will secure any request with [org.springframework.security.web.session.DisableEncodeUrlFilter@34f10a2, org.springframework.security.web.context.request.async.WebAsyncManagerIntegrationFilter@1c0415da, org.springframework.security.web.context.SecurityContextHolderFilter@39313421, org.springframework.security.web.header.HeaderWriterFilter@36c73c5f, org.springframework.web.filter.CorsFilter@3d4a7076, org.springframework.security.web.authentication.logout.LogoutFilter@7c2aae7a, com.crypto.exchange.web.security.JwtAuthenticationFilter@38d40e64, org.springframework.security.web.savedrequest.RequestCacheAwareFilter@2490a016, org.springframework.security.web.servletapi.SecurityContextHolderAwareRequestFilter@6c20cb7e, org.springframework.security.web.authentication.AnonymousAuthenticationFilter@80267e1, org.springframework.security.web.session.SessionManagementFilter@6fdc585f, org.springframework.security.web.access.ExceptionTranslationFilter@1d279559, org.springframework.security.web.access.intercept.AuthorizationFilter@6dde5140]
2026-09-15 15:40:08.019 [restartedMain] INFO  o.s.b.d.a.OptionalLiveReloadServer - LiveReload server is running on port 35729
2026-09-15 15:40:08.043 [restartedMain] INFO  o.a.coyote.http11.Http11NioProtocol - Starting ProtocolHandler ["http-nio-8080"]
2026-09-15 15:40:08.064 [restartedMain] INFO  o.s.b.w.e.tomcat.TomcatWebServer - Tomcat started on port 8080 (http) with context path ''
2026-09-15 15:40:08.079 [restartedMain] INFO  c.c.exchange.ExchangeApplication - Started ExchangeApplication in 8.069 seconds (process running for 8.73)
2026-09-15 15:40:08.084 [scheduling-1] INFO  c.c.e.core.aspect.LoggingAspect - Enter: com.crypto.exchange.core.service.CryptoInitializerService.scheduledPriceUpdate() with argument(s) = []
2026-09-15 15:40:08.084 [scheduling-1] INFO  c.c.e.c.s.CryptoInitializerService - Starting crypto price synchronization...
2026-09-15 15:40:09.270 [scheduling-1] INFO  c.c.e.c.s.CryptoInitializerService - Success! Updated 8 cryptocurrencies
2026-09-15 15:40:09.270 [scheduling-1] INFO  c.c.e.core.aspect.LoggingAspect - Exit: com.crypto.exchange.core.service.CryptoInitializerService.scheduledPriceUpdate() executed in 1186 ms with result = null
2026-09-15 15:40:12.925 [http-nio-8080-exec-1] INFO  o.a.c.c.C.[Tomcat].[localhost].[/] - Initializing Spring DispatcherServlet 'dispatcherServlet'
2026-09-15 15:40:12.925 [http-nio-8080-exec-1] INFO  o.s.web.servlet.DispatcherServlet - Initializing Servlet 'dispatcherServlet'
2026-09-15 15:40:12.929 [http-nio-8080-exec-1] INFO  o.s.web.servlet.DispatcherServlet - Completed initialization in 3 ms
2026-09-15 15:40:14.916 [http-nio-8080-exec-4] INFO  o.s.api.AbstractOpenApiResource - Init duration for springdoc-openapi is: 1460 ms
2026-09-15 15:41:53.883 [http-nio-8080-exec-8] INFO  c.c.e.core.aspect.LoggingAspect - Enter: com.crypto.exchange.web.controller.AuthController.login() with argument(s) = [LoginRequest[usernameOrEmail=example, password=password]]
2026-09-15 15:41:53.889 [http-nio-8080-exec-8] INFO  c.c.e.core.aspect.LoggingAspect - Enter: com.crypto.exchange.core.service.AuthService.login() with argument(s) = [LoginRequest[usernameOrEmail=example, password=password]]
2026-09-15 15:41:54.761 [http-nio-8080-exec-8] INFO  c.c.e.core.aspect.LoggingAspect - Exit: com.crypto.exchange.core.service.AuthService.login() executed in 872 ms with result = AuthResponseDto[token=eyJhbGciOiJIUzUxMiJ9.eyJzdWIiOiJleGFtcGxlIiwiaWQiOjEsInJvbGUiOiJST0xFX0FETUlOIiwiaWF0IjoxNzg5NDc2MTE0LCJleHAiOjE3ODk1NjI1MTR9.FPPQ0MV_d4Hhaj3-LQBJG_BWdAtI3msfJcuy8uBKqlTtJSOnWOM2mYTF4CQpxc2VpM1cfIaVYxLhIbB6ZFjPgg, tokenType=Bearer, user=UserResponseDto[id=1, username=example, email=example@example.com, role=ROLE_ADMIN, createdAt=2026-09-15T10:54:41.216510Z]]
2026-09-15 15:41:54.779 [http-nio-8080-exec-8] INFO  c.c.e.core.aspect.LoggingAspect - Exit: com.crypto.exchange.web.controller.AuthController.login() executed in 895 ms with result = <200 OK OK,AuthResponseDto[token=eyJhbGciOiJIUzUxMiJ9.eyJzdWIiOiJleGFtcGxlIiwiaWQiOjEsInJvbGUiOiJST0xFX0FETUlOIiwiaWF0IjoxNzg5NDc2MTE0LCJleHAiOjE3ODk1NjI1MTR9.FPPQ0MV_d4Hhaj3-LQBJG_BWdAtI3msfJcuy8uBKqlTtJSOnWOM2mYTF4CQpxc2VpM1cfIaVYxLhIbB6ZFjPgg, tokenType=Bearer, user=UserResponseDto[id=1, username=example, email=example@example.com, role=ROLE_ADMIN, createdAt=2026-09-15T10:54:41.216510Z]],[]>
2026-09-15 15:42:18.329 [http-nio-8080-exec-9] INFO  c.c.e.core.aspect.LoggingAspect - Enter: com.crypto.exchange.web.controller.WalletController.getMyWallets() with argument(s) = [com.crypto.exchange.web.security.UserPrincipal@528fd1b5]
2026-09-15 15:42:18.331 [http-nio-8080-exec-9] INFO  c.c.e.core.aspect.LoggingAspect - Enter: com.crypto.exchange.core.service.implementation.WalletServiceImpl.getUserWallets() with argument(s) = [1]
2026-09-15 15:42:18.348 [http-nio-8080-exec-9] INFO  c.c.e.core.aspect.LoggingAspect - Exit: com.crypto.exchange.core.service.implementation.WalletServiceImpl.getUserWallets() executed in 17 ms with result = []
2026-09-15 15:42:18.350 [http-nio-8080-exec-9] INFO  c.c.e.core.aspect.LoggingAspect - Exit: com.crypto.exchange.web.controller.WalletController.getMyWallets() executed in 20 ms with result = <200 OK OK,[],[]>
2026-09-15 15:42:35.056 [http-nio-8080-exec-10] INFO  c.c.e.core.aspect.LoggingAspect - Enter: com.crypto.exchange.web.controller.WalletController.createWallet() with argument(s) = [com.crypto.exchange.web.security.UserPrincipal@197b2cfe, CreateWalletRequestDto[name=wallet1, isDefault=true]]
2026-09-15 15:42:35.059 [http-nio-8080-exec-10] INFO  c.c.e.core.aspect.LoggingAspect - Enter: com.crypto.exchange.core.service.implementation.WalletServiceImpl.createWallet() with argument(s) = [1, CreateWalletRequestDto[name=wallet1, isDefault=true]]
2026-09-15 15:42:35.141 [http-nio-8080-exec-10] INFO  c.c.e.core.aspect.LoggingAspect - Exit: com.crypto.exchange.core.service.implementation.WalletServiceImpl.createWallet() executed in 82 ms with result = WalletResponseDto[id=1, name=wallet1, isDefault=true, balances=[WalletBalanceResponseDto[id=1, symbol=USDT, cryptoName=Tether, amount=0, currentPriceUsd=0.9997, totalValueUsd=0.0000], WalletBalanceResponseDto[id=2, symbol=SOL, cryptoName=Solana, amount=0, currentPriceUsd=101.0000, totalValueUsd=0.0000], WalletBalanceResponseDto[id=3, symbol=BTC, cryptoName=Bitcoin, amount=0, currentPriceUsd=76911.7400, totalValueUsd=0.0000], WalletBalanceResponseDto[id=4, symbol=DOGE, cryptoName=Dogecoin, amount=0, currentPriceUsd=0.0827, totalValueUsd=0.0000], WalletBalanceResponseDto[id=5, symbol=XRP, cryptoName=XRP, amount=0, currentPriceUsd=1.4000, totalValueUsd=0.0000], WalletBalanceResponseDto[id=6, symbol=ETH, cryptoName=Ethereum, amount=0, currentPriceUsd=2477.4800, totalValueUsd=0.0000], WalletBalanceResponseDto[id=7, symbol=ADA, cryptoName=Cardano, amount=0, currentPriceUsd=0.2052, totalValueUsd=0.0000], WalletBalanceResponseDto[id=8, symbol=BNB, cryptoName=Binance Coin, amount=0, currentPriceUsd=718.8100, totalValueUsd=0.0000]]]
2026-09-15 15:42:35.174 [http-nio-8080-exec-10] INFO  c.c.e.core.aspect.LoggingAspect - Exit: com.crypto.exchange.web.controller.WalletController.createWallet() executed in 117 ms with result = <201 CREATED Created,WalletResponseDto[id=1, name=wallet1, isDefault=true, balances=[WalletBalanceResponseDto[id=1, symbol=USDT, cryptoName=Tether, amount=0, currentPriceUsd=0.9997, totalValueUsd=0.0000], WalletBalanceResponseDto[id=2, symbol=SOL, cryptoName=Solana, amount=0, currentPriceUsd=101.0000, totalValueUsd=0.0000], WalletBalanceResponseDto[id=3, symbol=BTC, cryptoName=Bitcoin, amount=0, currentPriceUsd=76911.7400, totalValueUsd=0.0000], WalletBalanceResponseDto[id=4, symbol=DOGE, cryptoName=Dogecoin, amount=0, currentPriceUsd=0.0827, totalValueUsd=0.0000], WalletBalanceResponseDto[id=5, symbol=XRP, cryptoName=XRP, amount=0, currentPriceUsd=1.4000, totalValueUsd=0.0000], WalletBalanceResponseDto[id=6, symbol=ETH, cryptoName=Ethereum, amount=0, currentPriceUsd=2477.4800, totalValueUsd=0.0000], WalletBalanceResponseDto[id=7, symbol=ADA, cryptoName=Cardano, amount=0, currentPriceUsd=0.2052, totalValueUsd=0.0000], WalletBalanceResponseDto[id=8, symbol=BNB, cryptoName=Binance Coin, amount=0, currentPriceUsd=718.8100, totalValueUsd=0.0000]]],[]>
2026-09-15 15:44:23.251 [http-nio-8080-exec-2] INFO  c.c.e.core.aspect.LoggingAspect - Enter: com.crypto.exchange.web.controller.WalletController.getWalletById() with argument(s) = [com.crypto.exchange.web.security.UserPrincipal@39a1887e, 2]
2026-09-15 15:44:23.254 [http-nio-8080-exec-2] INFO  c.c.e.core.aspect.LoggingAspect - Enter: com.crypto.exchange.core.service.implementation.WalletServiceImpl.getWalletById() with argument(s) = [1, 2]
2026-09-15 15:44:23.262 [http-nio-8080-exec-2] ERROR c.c.e.core.aspect.LoggingAspect - Exception in com.crypto.exchange.core.service.implementation.WalletServiceImpl.getWalletById() with cause = 'NULL' and exception = 'Wallet not found with id: 2'
2026-09-15 15:44:23.269 [http-nio-8080-exec-2] ERROR c.c.e.core.aspect.LoggingAspect - Exception in com.crypto.exchange.web.controller.WalletController.getWalletById() with cause = 'NULL' and exception = 'Wallet not found with id: 2'
2026-09-15 15:44:23.274 [http-nio-8080-exec-2] WARN  c.c.e.c.e.GlobalExceptionHandler - Resource not found: Wallet not found with id: 2
2026-09-15 15:44:23.287 [http-nio-8080-exec-2] WARN  o.s.w.s.m.m.a.ExceptionHandlerExceptionResolver - Resolved [com.crypto.exchange.core.exception.ResourceNotFoundException: Wallet not found with id: 2]
2026-09-15 15:44:28.127 [http-nio-8080-exec-3] INFO  c.c.e.core.aspect.LoggingAspect - Enter: com.crypto.exchange.web.controller.WalletController.getWalletById() with argument(s) = [com.crypto.exchange.web.security.UserPrincipal@6de0b907, 1]
2026-09-15 15:44:28.128 [http-nio-8080-exec-3] INFO  c.c.e.core.aspect.LoggingAspect - Enter: com.crypto.exchange.core.service.implementation.WalletServiceImpl.getWalletById() with argument(s) = [1, 1]
2026-09-15 15:44:28.193 [http-nio-8080-exec-3] INFO  c.c.e.core.aspect.LoggingAspect - Exit: com.crypto.exchange.core.service.implementation.WalletServiceImpl.getWalletById() executed in 65 ms with result = WalletResponseDto[id=1, name=wallet1, isDefault=true, balances=[WalletBalanceResponseDto[id=8, symbol=BNB, cryptoName=Binance Coin, amount=0E-8, currentPriceUsd=718.8100, totalValueUsd=0E-12], WalletBalanceResponseDto[id=2, symbol=SOL, cryptoName=Solana, amount=0E-8, currentPriceUsd=101.0000, totalValueUsd=0E-12], WalletBalanceResponseDto[id=3, symbol=BTC, cryptoName=Bitcoin, amount=0E-8, currentPriceUsd=76911.7400, totalValueUsd=0E-12], WalletBalanceResponseDto[id=1, symbol=USDT, cryptoName=Tether, amount=0E-8, currentPriceUsd=0.9997, totalValueUsd=0E-12], WalletBalanceResponseDto[id=4, symbol=DOGE, cryptoName=Dogecoin, amount=0E-8, currentPriceUsd=0.0827, totalValueUsd=0E-12], WalletBalanceResponseDto[id=5, symbol=XRP, cryptoName=XRP, amount=0E-8, currentPriceUsd=1.4000, totalValueUsd=0E-12], WalletBalanceResponseDto[id=6, symbol=ETH, cryptoName=Ethereum, amount=0E-8, currentPriceUsd=2477.4800, totalValueUsd=0E-12], WalletBalanceResponseDto[id=7, symbol=ADA, cryptoName=Cardano, amount=0E-8, currentPriceUsd=0.2052, totalValueUsd=0E-12]]]
2026-09-15 15:44:28.195 [http-nio-8080-exec-3] INFO  c.c.e.core.aspect.LoggingAspect - Exit: com.crypto.exchange.web.controller.WalletController.getWalletById() executed in 68 ms with result = <200 OK OK,WalletResponseDto[id=1, name=wallet1, isDefault=true, balances=[WalletBalanceResponseDto[id=8, symbol=BNB, cryptoName=Binance Coin, amount=0E-8, currentPriceUsd=718.8100, totalValueUsd=0E-12], WalletBalanceResponseDto[id=2, symbol=SOL, cryptoName=Solana, amount=0E-8, currentPriceUsd=101.0000, totalValueUsd=0E-12], WalletBalanceResponseDto[id=3, symbol=BTC, cryptoName=Bitcoin, amount=0E-8, currentPriceUsd=76911.7400, totalValueUsd=0E-12], WalletBalanceResponseDto[id=1, symbol=USDT, cryptoName=Tether, amount=0E-8, currentPriceUsd=0.9997, totalValueUsd=0E-12], WalletBalanceResponseDto[id=4, symbol=DOGE, cryptoName=Dogecoin, amount=0E-8, currentPriceUsd=0.0827, totalValueUsd=0E-12], WalletBalanceResponseDto[id=5, symbol=XRP, cryptoName=XRP, amount=0E-8, currentPriceUsd=1.4000, totalValueUsd=0E-12], WalletBalanceResponseDto[id=6, symbol=ETH, cryptoName=Ethereum, amount=0E-8, currentPriceUsd=2477.4800, totalValueUsd=0E-12], WalletBalanceResponseDto[id=7, symbol=ADA, cryptoName=Cardano, amount=0E-8, currentPriceUsd=0.2052, totalValueUsd=0E-12]]],[]>
2026-09-15 15:45:08.080 [scheduling-1] INFO  c.c.e.core.aspect.LoggingAspect - Enter: com.crypto.exchange.core.service.CryptoInitializerService.scheduledPriceUpdate() with argument(s) = []
2026-09-15 15:45:08.080 [scheduling-1] INFO  c.c.e.c.s.CryptoInitializerService - Starting crypto price synchronization...
2026-09-15 15:45:08.378 [scheduling-1] INFO  c.c.e.c.s.CryptoInitializerService - Success! Updated 8 cryptocurrencies
2026-09-15 15:45:08.378 [scheduling-1] INFO  c.c.e.core.aspect.LoggingAspect - Exit: com.crypto.exchange.core.service.CryptoInitializerService.scheduledPriceUpdate() executed in 298 ms with result = null
2026-09-15 15:49:51.430 [SpringApplicationShutdownHook] INFO  o.s.o.j.LocalContainerEntityManagerFactoryBean - Closing JPA EntityManagerFactory for persistence unit 'default'
2026-09-15 15:49:51.436 [SpringApplicationShutdownHook] INFO  com.zaxxer.hikari.HikariDataSource - HikariPool-1 - Shutdown initiated...
2026-09-15 15:49:51.444 [SpringApplicationShutdownHook] INFO  com.zaxxer.hikari.HikariDataSource - HikariPool-1 - Shutdown completed.
2026-09-15 15:50:31.127 [background-preinit] INFO  o.h.validator.internal.util.Version - HV000001: Hibernate Validator 8.0.1.Final
2026-09-15 15:50:31.181 [restartedMain] INFO  c.c.exchange.ExchangeApplication - Starting ExchangeApplication using Java 23.0.2 with PID 18700 (E:\bsuirapp\exchange\target\classes started by AxlLN in E:\bsuirapp\exchange)
2026-09-15 15:50:31.182 [restartedMain] DEBUG c.c.exchange.ExchangeApplication - Running with Spring Boot v3.2.5, Spring v6.1.6
2026-09-15 15:50:31.183 [restartedMain] INFO  c.c.exchange.ExchangeApplication - No active profile set, falling back to 1 default profile: "default"
2026-09-15 15:50:31.266 [restartedMain] INFO  o.s.b.d.e.DevToolsPropertyDefaultsPostProcessor - Devtools property defaults active! Set 'spring.devtools.add-properties' to 'false' to disable
2026-09-15 15:50:31.267 [restartedMain] INFO  o.s.b.d.e.DevToolsPropertyDefaultsPostProcessor - For additional web related logging consider setting the 'logging.level.web' property to 'DEBUG'
2026-09-15 15:50:32.510 [restartedMain] INFO  o.s.d.r.c.RepositoryConfigurationDelegate - Bootstrapping Spring Data JPA repositories in DEFAULT mode.
2026-09-15 15:50:32.603 [restartedMain] INFO  o.s.d.r.c.RepositoryConfigurationDelegate - Finished Spring Data repository scanning in 84 ms. Found 6 JPA repository interfaces.
2026-09-15 15:50:32.992 [restartedMain] WARN  o.s.c.s.PostProcessorRegistrationDelegate$BeanPostProcessorChecker - Bean 'org.springframework.ws.config.annotation.DelegatingWsConfiguration' of type [org.springframework.ws.config.annotation.DelegatingWsConfiguration$$SpringCGLIB$$0] is not eligible for getting processed by all BeanPostProcessors (for example: not eligible for auto-proxying). The currently created BeanPostProcessor [annotationActionEndpointMapping] is declared through a non-static factory method on that class; consider declaring it as static instead.
2026-09-15 15:50:33.021 [restartedMain] INFO  o.s.w.s.a.s.AnnotationActionEndpointMapping - Supporting [WS-Addressing August 2004, WS-Addressing 1.0]
2026-09-15 15:50:33.541 [restartedMain] INFO  o.s.b.w.e.tomcat.TomcatWebServer - Tomcat initialized with port 8080 (http)
2026-09-15 15:50:33.554 [restartedMain] INFO  o.a.coyote.http11.Http11NioProtocol - Initializing ProtocolHandler ["http-nio-8080"]
2026-09-15 15:50:33.557 [restartedMain] INFO  o.a.catalina.core.StandardService - Starting service [Tomcat]
2026-09-15 15:50:33.557 [restartedMain] INFO  o.a.catalina.core.StandardEngine - Starting Servlet engine: [Apache Tomcat/10.1.20]
2026-09-15 15:50:33.629 [restartedMain] INFO  o.a.c.c.C.[Tomcat].[localhost].[/] - Initializing Spring embedded WebApplicationContext
2026-09-15 15:50:33.631 [restartedMain] INFO  o.s.b.w.s.c.ServletWebServerApplicationContext - Root WebApplicationContext: initialization completed in 2363 ms
2026-09-15 15:50:33.725 [restartedMain] DEBUG c.c.e.w.s.JwtAuthenticationFilter - Filter 'jwtAuthenticationFilter' configured for use
2026-09-15 15:50:33.884 [restartedMain] INFO  o.h.jpa.internal.util.LogHelper - HHH000204: Processing PersistenceUnitInfo [name: default]
2026-09-15 15:50:33.944 [restartedMain] INFO  org.hibernate.Version - HHH000412: Hibernate ORM core version 6.4.4.Final
2026-09-15 15:50:33.980 [restartedMain] INFO  o.h.c.i.RegionFactoryInitiator - HHH000026: Second-level cache disabled
2026-09-15 15:50:34.239 [restartedMain] INFO  o.s.o.j.p.SpringPersistenceUnitInfo - No LoadTimeWeaver setup: ignoring JPA class transformer
2026-09-15 15:50:34.265 [restartedMain] INFO  com.zaxxer.hikari.HikariDataSource - HikariPool-1 - Starting...
2026-09-15 15:50:34.462 [restartedMain] INFO  com.zaxxer.hikari.pool.HikariPool - HikariPool-1 - Added connection org.postgresql.jdbc.PgConnection@4951a768
2026-09-15 15:50:34.464 [restartedMain] INFO  com.zaxxer.hikari.HikariDataSource - HikariPool-1 - Start completed.
2026-09-15 15:50:36.088 [restartedMain] INFO  o.h.e.t.j.p.i.JtaPlatformInitiator - HHH000489: No JTA platform available (set 'hibernate.transaction.jta.platform' to enable JTA platform integration)
2026-09-15 15:50:36.318 [restartedMain] INFO  o.s.o.j.LocalContainerEntityManagerFactoryBean - Initialized JPA EntityManagerFactory for persistence unit 'default'
2026-09-15 15:50:36.744 [restartedMain] INFO  o.s.d.j.r.query.QueryEnhancerFactory - Hibernate is in classpath; If applicable, HQL parser will be used.
2026-09-15 15:50:37.899 [restartedMain] WARN  o.s.b.a.o.j.JpaBaseConfiguration$JpaWebConfiguration - spring.jpa.open-in-view is enabled by default. Therefore, database queries may be performed during view rendering. Explicitly configure spring.jpa.open-in-view to disable this warning
2026-09-15 15:50:38.239 [restartedMain] INFO  o.s.s.web.DefaultSecurityFilterChain - Will secure any request with [org.springframework.security.web.session.DisableEncodeUrlFilter@1c8c9132, org.springframework.security.web.context.request.async.WebAsyncManagerIntegrationFilter@13531387, org.springframework.security.web.context.SecurityContextHolderFilter@1b9bdb57, org.springframework.security.web.header.HeaderWriterFilter@5d5c6e59, org.springframework.web.filter.CorsFilter@13f78f06, org.springframework.security.web.authentication.logout.LogoutFilter@549b21da, com.crypto.exchange.web.security.JwtAuthenticationFilter@2b66f00b, org.springframework.security.web.savedrequest.RequestCacheAwareFilter@c01091d, org.springframework.security.web.servletapi.SecurityContextHolderAwareRequestFilter@64baada2, org.springframework.security.web.authentication.AnonymousAuthenticationFilter@53dba1ba, org.springframework.security.web.session.SessionManagementFilter@6845a6eb, org.springframework.security.web.access.ExceptionTranslationFilter@5c007ae7, org.springframework.security.web.access.intercept.AuthorizationFilter@549b6965]
2026-09-15 15:50:38.685 [restartedMain] INFO  o.s.b.d.a.OptionalLiveReloadServer - LiveReload server is running on port 35729
2026-09-15 15:50:38.700 [restartedMain] INFO  o.a.coyote.http11.Http11NioProtocol - Starting ProtocolHandler ["http-nio-8080"]
2026-09-15 15:50:38.720 [restartedMain] INFO  o.s.b.w.e.tomcat.TomcatWebServer - Tomcat started on port 8080 (http) with context path ''
2026-09-15 15:50:38.733 [restartedMain] INFO  c.c.exchange.ExchangeApplication - Started ExchangeApplication in 8.19 seconds (process running for 8.826)
2026-09-15 15:50:38.742 [scheduling-1] INFO  c.c.e.core.aspect.LoggingAspect - Enter: com.crypto.exchange.core.service.CryptoInitializerService.scheduledPriceUpdate() with argument(s) = []
2026-09-15 15:50:38.742 [scheduling-1] INFO  c.c.e.c.s.CryptoInitializerService - Starting crypto price synchronization...
2026-09-15 15:50:40.037 [scheduling-1] INFO  c.c.e.c.s.CryptoInitializerService - Success! Updated 8 cryptocurrencies
2026-09-15 15:50:40.037 [scheduling-1] INFO  c.c.e.core.aspect.LoggingAspect - Exit: com.crypto.exchange.core.service.CryptoInitializerService.scheduledPriceUpdate() executed in 1295 ms with result = null
2026-09-15 15:50:44.120 [http-nio-8080-exec-1] INFO  o.a.c.c.C.[Tomcat].[localhost].[/] - Initializing Spring DispatcherServlet 'dispatcherServlet'
2026-09-15 15:50:44.121 [http-nio-8080-exec-1] INFO  o.s.web.servlet.DispatcherServlet - Initializing Servlet 'dispatcherServlet'
2026-09-15 15:50:44.125 [http-nio-8080-exec-1] INFO  o.s.web.servlet.DispatcherServlet - Completed initialization in 3 ms
2026-09-15 15:50:46.432 [http-nio-8080-exec-4] INFO  o.s.api.AbstractOpenApiResource - Init duration for springdoc-openapi is: 1661 ms
2026-09-15 15:51:17.348 [http-nio-8080-exec-5] INFO  c.c.e.core.aspect.LoggingAspect - Enter: com.crypto.exchange.web.controller.AuthController.login() with argument(s) = [LoginRequest[usernameOrEmail=example, password=password]]
2026-09-15 15:51:17.354 [http-nio-8080-exec-5] INFO  c.c.e.core.aspect.LoggingAspect - Enter: com.crypto.exchange.core.service.AuthService.login() with argument(s) = [LoginRequest[usernameOrEmail=example, password=password]]
2026-09-15 15:51:18.261 [http-nio-8080-exec-5] INFO  c.c.e.core.aspect.LoggingAspect - Exit: com.crypto.exchange.core.service.AuthService.login() executed in 907 ms with result = AuthResponseDto[token=eyJhbGciOiJIUzUxMiJ9.eyJzdWIiOiJleGFtcGxlIiwiaWQiOjEsInJvbGUiOiJST0xFX0FETUlOIiwiaWF0IjoxNzg5NDc2Njc4LCJleHAiOjE3ODk1NjMwNzh9.OajJcwSqui0lZe-K7KJ3PLiZg2m_k_SISWm1g6N34qpSBTMYn0UYxQ6SH-bJgni9QohSQa7Rsj4h6uL_YSgL_g, tokenType=Bearer, user=UserResponseDto[id=1, username=example, email=example@example.com, role=ROLE_ADMIN, createdAt=2026-09-15T10:54:41.216510Z]]
2026-09-15 15:51:18.287 [http-nio-8080-exec-5] INFO  c.c.e.core.aspect.LoggingAspect - Exit: com.crypto.exchange.web.controller.AuthController.login() executed in 938 ms with result = <200 OK OK,AuthResponseDto[token=eyJhbGciOiJIUzUxMiJ9.eyJzdWIiOiJleGFtcGxlIiwiaWQiOjEsInJvbGUiOiJST0xFX0FETUlOIiwiaWF0IjoxNzg5NDc2Njc4LCJleHAiOjE3ODk1NjMwNzh9.OajJcwSqui0lZe-K7KJ3PLiZg2m_k_SISWm1g6N34qpSBTMYn0UYxQ6SH-bJgni9QohSQa7Rsj4h6uL_YSgL_g, tokenType=Bearer, user=UserResponseDto[id=1, username=example, email=example@example.com, role=ROLE_ADMIN, createdAt=2026-09-15T10:54:41.216510Z]],[]>
2026-09-15 15:52:07.099 [http-nio-8080-exec-6] INFO  c.c.e.core.aspect.LoggingAspect - Enter: com.crypto.exchange.web.controller.WalletController.deposit() with argument(s) = [com.crypto.exchange.web.security.UserPrincipal@6eb3c0e, 1, BalanceOperationRequestDto[cryptoId=4, amount=10]]
2026-09-15 15:52:07.101 [http-nio-8080-exec-6] INFO  c.c.e.core.aspect.LoggingAspect - Enter: com.crypto.exchange.core.service.implementation.WalletServiceImpl.deposit() with argument(s) = [1, 1, BalanceOperationRequestDto[cryptoId=4, amount=10]]
2026-09-15 15:52:07.267 [http-nio-8080-exec-6] INFO  c.c.e.core.aspect.LoggingAspect - Exit: com.crypto.exchange.core.service.implementation.WalletServiceImpl.deposit() executed in 165 ms with result = WalletResponseDto[id=1, name=wallet1, isDefault=true, balances=[WalletBalanceResponseDto[id=7, symbol=ADA, cryptoName=Cardano, amount=0E-8, currentPriceUsd=0.2051, totalValueUsd=0E-12], WalletBalanceResponseDto[id=8, symbol=BNB, cryptoName=Binance Coin, amount=0E-8, currentPriceUsd=718.9800, totalValueUsd=0E-12], WalletBalanceResponseDto[id=6, symbol=ETH, cryptoName=Ethereum, amount=0E-8, currentPriceUsd=2476.5500, totalValueUsd=0E-12], WalletBalanceResponseDto[id=2, symbol=SOL, cryptoName=Solana, amount=0E-8, currentPriceUsd=100.9600, totalValueUsd=0E-12], WalletBalanceResponseDto[id=4, symbol=DOGE, cryptoName=Dogecoin, amount=0E-8, currentPriceUsd=0.0827, totalValueUsd=0E-12], WalletBalanceResponseDto[id=5, symbol=XRP, cryptoName=XRP, amount=0E-8, currentPriceUsd=1.4100, totalValueUsd=0E-12], WalletBalanceResponseDto[id=1, symbol=USDT, cryptoName=Tether, amount=10.00000000, currentPriceUsd=0.9997, totalValueUsd=9.997000000000], WalletBalanceResponseDto[id=3, symbol=BTC, cryptoName=Bitcoin, amount=0E-8, currentPriceUsd=76934.7600, totalValueUsd=0E-12]]]
2026-09-15 15:52:07.288 [http-nio-8080-exec-6] INFO  c.c.e.core.aspect.LoggingAspect - Exit: com.crypto.exchange.web.controller.WalletController.deposit() executed in 188 ms with result = <200 OK OK,WalletResponseDto[id=1, name=wallet1, isDefault=true, balances=[WalletBalanceResponseDto[id=7, symbol=ADA, cryptoName=Cardano, amount=0E-8, currentPriceUsd=0.2051, totalValueUsd=0E-12], WalletBalanceResponseDto[id=8, symbol=BNB, cryptoName=Binance Coin, amount=0E-8, currentPriceUsd=718.9800, totalValueUsd=0E-12], WalletBalanceResponseDto[id=6, symbol=ETH, cryptoName=Ethereum, amount=0E-8, currentPriceUsd=2476.5500, totalValueUsd=0E-12], WalletBalanceResponseDto[id=2, symbol=SOL, cryptoName=Solana, amount=0E-8, currentPriceUsd=100.9600, totalValueUsd=0E-12], WalletBalanceResponseDto[id=4, symbol=DOGE, cryptoName=Dogecoin, amount=0E-8, currentPriceUsd=0.0827, totalValueUsd=0E-12], WalletBalanceResponseDto[id=5, symbol=XRP, cryptoName=XRP, amount=0E-8, currentPriceUsd=1.4100, totalValueUsd=0E-12], WalletBalanceResponseDto[id=1, symbol=USDT, cryptoName=Tether, amount=10.00000000, currentPriceUsd=0.9997, totalValueUsd=9.997000000000], WalletBalanceResponseDto[id=3, symbol=BTC, cryptoName=Bitcoin, amount=0E-8, currentPriceUsd=76934.7600, totalValueUsd=0E-12]]],[]>
2026-09-15 15:55:38.743 [scheduling-1] INFO  c.c.e.core.aspect.LoggingAspect - Enter: com.crypto.exchange.core.service.CryptoInitializerService.scheduledPriceUpdate() with argument(s) = []
2026-09-15 15:55:38.744 [scheduling-1] INFO  c.c.e.c.s.CryptoInitializerService - Starting crypto price synchronization...
2026-09-15 15:55:39.192 [scheduling-1] INFO  c.c.e.c.s.CryptoInitializerService - Success! Updated 8 cryptocurrencies
2026-09-15 15:55:39.192 [scheduling-1] INFO  c.c.e.core.aspect.LoggingAspect - Exit: com.crypto.exchange.core.service.CryptoInitializerService.scheduledPriceUpdate() executed in 449 ms with result = null
2026-09-15 15:56:06.960 [SpringApplicationShutdownHook] INFO  o.s.o.j.LocalContainerEntityManagerFactoryBean - Closing JPA EntityManagerFactory for persistence unit 'default'
2026-09-15 15:56:06.965 [SpringApplicationShutdownHook] INFO  com.zaxxer.hikari.HikariDataSource - HikariPool-1 - Shutdown initiated...
2026-09-15 15:56:06.969 [SpringApplicationShutdownHook] INFO  com.zaxxer.hikari.HikariDataSource - HikariPool-1 - Shutdown completed.
2026-09-15 15:59:22.357 [background-preinit] INFO  o.h.validator.internal.util.Version - HV000001: Hibernate Validator 8.0.1.Final
2026-09-15 15:59:22.410 [restartedMain] INFO  c.c.exchange.ExchangeApplication - Starting ExchangeApplication using Java 23.0.2 with PID 16932 (E:\bsuirapp\exchange\target\classes started by AxlLN in E:\bsuirapp\exchange)
2026-09-15 15:59:22.411 [restartedMain] DEBUG c.c.exchange.ExchangeApplication - Running with Spring Boot v3.2.5, Spring v6.1.6
2026-09-15 15:59:22.411 [restartedMain] INFO  c.c.exchange.ExchangeApplication - No active profile set, falling back to 1 default profile: "default"
2026-09-15 15:59:22.497 [restartedMain] INFO  o.s.b.d.e.DevToolsPropertyDefaultsPostProcessor - Devtools property defaults active! Set 'spring.devtools.add-properties' to 'false' to disable
2026-09-15 15:59:22.497 [restartedMain] INFO  o.s.b.d.e.DevToolsPropertyDefaultsPostProcessor - For additional web related logging consider setting the 'logging.level.web' property to 'DEBUG'
2026-09-15 15:59:23.732 [restartedMain] INFO  o.s.d.r.c.RepositoryConfigurationDelegate - Bootstrapping Spring Data JPA repositories in DEFAULT mode.
2026-09-15 15:59:23.830 [restartedMain] INFO  o.s.d.r.c.RepositoryConfigurationDelegate - Finished Spring Data repository scanning in 87 ms. Found 6 JPA repository interfaces.
2026-09-15 15:59:24.241 [restartedMain] WARN  o.s.c.s.PostProcessorRegistrationDelegate$BeanPostProcessorChecker - Bean 'org.springframework.ws.config.annotation.DelegatingWsConfiguration' of type [org.springframework.ws.config.annotation.DelegatingWsConfiguration$$SpringCGLIB$$0] is not eligible for getting processed by all BeanPostProcessors (for example: not eligible for auto-proxying). The currently created BeanPostProcessor [annotationActionEndpointMapping] is declared through a non-static factory method on that class; consider declaring it as static instead.
2026-09-15 15:59:24.272 [restartedMain] INFO  o.s.w.s.a.s.AnnotationActionEndpointMapping - Supporting [WS-Addressing August 2004, WS-Addressing 1.0]
2026-09-15 15:59:24.821 [restartedMain] INFO  o.s.b.w.e.tomcat.TomcatWebServer - Tomcat initialized with port 8080 (http)
2026-09-15 15:59:24.835 [restartedMain] INFO  o.a.coyote.http11.Http11NioProtocol - Initializing ProtocolHandler ["http-nio-8080"]
2026-09-15 15:59:24.837 [restartedMain] INFO  o.a.catalina.core.StandardService - Starting service [Tomcat]
2026-09-15 15:59:24.838 [restartedMain] INFO  o.a.catalina.core.StandardEngine - Starting Servlet engine: [Apache Tomcat/10.1.20]
2026-09-15 15:59:24.909 [restartedMain] INFO  o.a.c.c.C.[Tomcat].[localhost].[/] - Initializing Spring embedded WebApplicationContext
2026-09-15 15:59:24.910 [restartedMain] INFO  o.s.b.w.s.c.ServletWebServerApplicationContext - Root WebApplicationContext: initialization completed in 2412 ms
2026-09-15 15:59:25.003 [restartedMain] DEBUG c.c.e.w.s.JwtAuthenticationFilter - Filter 'jwtAuthenticationFilter' configured for use
2026-09-15 15:59:25.160 [restartedMain] INFO  o.h.jpa.internal.util.LogHelper - HHH000204: Processing PersistenceUnitInfo [name: default]
2026-09-15 15:59:25.214 [restartedMain] INFO  org.hibernate.Version - HHH000412: Hibernate ORM core version 6.4.4.Final
2026-09-15 15:59:25.264 [restartedMain] INFO  o.h.c.i.RegionFactoryInitiator - HHH000026: Second-level cache disabled
2026-09-15 15:59:25.535 [restartedMain] INFO  o.s.o.j.p.SpringPersistenceUnitInfo - No LoadTimeWeaver setup: ignoring JPA class transformer
2026-09-15 15:59:25.568 [restartedMain] INFO  com.zaxxer.hikari.HikariDataSource - HikariPool-1 - Starting...
2026-09-15 15:59:25.807 [restartedMain] INFO  com.zaxxer.hikari.pool.HikariPool - HikariPool-1 - Added connection org.postgresql.jdbc.PgConnection@6b50cf64
2026-09-15 15:59:25.809 [restartedMain] INFO  com.zaxxer.hikari.HikariDataSource - HikariPool-1 - Start completed.
2026-09-15 15:59:27.347 [restartedMain] INFO  o.h.e.t.j.p.i.JtaPlatformInitiator - HHH000489: No JTA platform available (set 'hibernate.transaction.jta.platform' to enable JTA platform integration)
2026-09-15 15:59:27.471 [restartedMain] WARN  o.h.e.jdbc.spi.SqlExceptionHelper - SQL Warning Code: 0, SQLState: 00000
2026-09-15 15:59:27.471 [restartedMain] WARN  o.h.e.jdbc.spi.SqlExceptionHelper - constraint "uk_a1cu2owj1hb8bglwqsr1emgrl" of relation "crypto_currencies" does not exist, skipping
2026-09-15 15:59:27.656 [restartedMain] INFO  o.s.o.j.LocalContainerEntityManagerFactoryBean - Initialized JPA EntityManagerFactory for persistence unit 'default'
2026-09-15 15:59:28.028 [restartedMain] INFO  o.s.d.j.r.query.QueryEnhancerFactory - Hibernate is in classpath; If applicable, HQL parser will be used.
2026-09-15 15:59:29.183 [restartedMain] WARN  o.s.b.a.o.j.JpaBaseConfiguration$JpaWebConfiguration - spring.jpa.open-in-view is enabled by default. Therefore, database queries may be performed during view rendering. Explicitly configure spring.jpa.open-in-view to disable this warning
2026-09-15 15:59:29.537 [restartedMain] INFO  o.s.s.web.DefaultSecurityFilterChain - Will secure any request with [org.springframework.security.web.session.DisableEncodeUrlFilter@47cbc1b0, org.springframework.security.web.context.request.async.WebAsyncManagerIntegrationFilter@6163bb54, org.springframework.security.web.context.SecurityContextHolderFilter@1c2792a9, org.springframework.security.web.header.HeaderWriterFilter@65142568, org.springframework.web.filter.CorsFilter@1eeb6876, org.springframework.security.web.authentication.logout.LogoutFilter@37df42fc, com.crypto.exchange.web.security.JwtAuthenticationFilter@6ff1ec37, org.springframework.security.web.savedrequest.RequestCacheAwareFilter@ba0f4a2, org.springframework.security.web.servletapi.SecurityContextHolderAwareRequestFilter@517d9ee1, org.springframework.security.web.authentication.AnonymousAuthenticationFilter@6e2aac52, org.springframework.security.web.session.SessionManagementFilter@20ae7431, org.springframework.security.web.access.ExceptionTranslationFilter@38890e1c, org.springframework.security.web.access.intercept.AuthorizationFilter@492de471]
2026-09-15 15:59:30.002 [restartedMain] INFO  o.s.b.d.a.OptionalLiveReloadServer - LiveReload server is running on port 35729
2026-09-15 15:59:30.024 [restartedMain] INFO  o.a.coyote.http11.Http11NioProtocol - Starting ProtocolHandler ["http-nio-8080"]
2026-09-15 15:59:30.047 [restartedMain] INFO  o.s.b.w.e.tomcat.TomcatWebServer - Tomcat started on port 8080 (http) with context path ''
2026-09-15 15:59:30.063 [restartedMain] INFO  c.c.exchange.ExchangeApplication - Started ExchangeApplication in 8.31 seconds (process running for 8.928)
2026-09-15 15:59:30.070 [scheduling-1] INFO  c.c.e.core.aspect.LoggingAspect - Enter: com.crypto.exchange.core.service.CryptoInitializerService.scheduledPriceUpdate() with argument(s) = []
2026-09-15 15:59:30.070 [scheduling-1] INFO  c.c.e.c.s.CryptoInitializerService - Starting crypto price synchronization...
2026-09-15 15:59:31.199 [scheduling-1] INFO  c.c.e.c.s.CryptoInitializerService - Success! Updated and mapped 8 cryptocurrencies with CoinLore IDs
2026-09-15 15:59:31.199 [scheduling-1] INFO  c.c.e.core.aspect.LoggingAspect - Exit: com.crypto.exchange.core.service.CryptoInitializerService.scheduledPriceUpdate() executed in 1129 ms with result = null
2026-09-15 15:59:35.891 [http-nio-8080-exec-1] INFO  o.a.c.c.C.[Tomcat].[localhost].[/] - Initializing Spring DispatcherServlet 'dispatcherServlet'
2026-09-15 15:59:35.892 [http-nio-8080-exec-1] INFO  o.s.web.servlet.DispatcherServlet - Initializing Servlet 'dispatcherServlet'
2026-09-15 15:59:35.896 [http-nio-8080-exec-1] INFO  o.s.web.servlet.DispatcherServlet - Completed initialization in 3 ms
2026-09-15 15:59:38.093 [http-nio-8080-exec-6] INFO  o.s.api.AbstractOpenApiResource - Init duration for springdoc-openapi is: 1564 ms
2026-09-15 16:00:12.780 [http-nio-8080-exec-4] INFO  c.c.e.core.aspect.LoggingAspect - Enter: com.crypto.exchange.web.controller.AuthController.login() with argument(s) = [LoginRequest[usernameOrEmail=example, password=password]]
2026-09-15 16:00:12.803 [http-nio-8080-exec-4] INFO  c.c.e.core.aspect.LoggingAspect - Enter: com.crypto.exchange.core.service.AuthService.login() with argument(s) = [LoginRequest[usernameOrEmail=example, password=password]]
2026-09-15 16:00:13.757 [http-nio-8080-exec-4] INFO  c.c.e.core.aspect.LoggingAspect - Exit: com.crypto.exchange.core.service.AuthService.login() executed in 949 ms with result = AuthResponseDto[token=eyJhbGciOiJIUzUxMiJ9.eyJzdWIiOiJleGFtcGxlIiwiaWQiOjEsInJvbGUiOiJST0xFX0FETUlOIiwiaWF0IjoxNzg5NDc3MjEzLCJleHAiOjE3ODk1NjM2MTN9.uoiaLncR4hUIra7XhED0YOf2XEom1-FeAGM4oZz3uw0ATbQq0AiLJ6yH73cQmhQ630jA5qCnUqTgwh1Hkhy-JA, tokenType=Bearer, user=UserResponseDto[id=1, username=example, email=example@example.com, role=ROLE_ADMIN, createdAt=2026-09-15T10:54:41.216510Z]]
2026-09-15 16:00:13.779 [http-nio-8080-exec-4] INFO  c.c.e.core.aspect.LoggingAspect - Exit: com.crypto.exchange.web.controller.AuthController.login() executed in 997 ms with result = <200 OK OK,AuthResponseDto[token=eyJhbGciOiJIUzUxMiJ9.eyJzdWIiOiJleGFtcGxlIiwiaWQiOjEsInJvbGUiOiJST0xFX0FETUlOIiwiaWF0IjoxNzg5NDc3MjEzLCJleHAiOjE3ODk1NjM2MTN9.uoiaLncR4hUIra7XhED0YOf2XEom1-FeAGM4oZz3uw0ATbQq0AiLJ6yH73cQmhQ630jA5qCnUqTgwh1Hkhy-JA, tokenType=Bearer, user=UserResponseDto[id=1, username=example, email=example@example.com, role=ROLE_ADMIN, createdAt=2026-09-15T10:54:41.216510Z]],[]>
2026-09-15 16:00:27.877 [http-nio-8080-exec-7] INFO  c.c.e.core.aspect.LoggingAspect - Enter: com.crypto.exchange.web.controller.CryptoCurrencyController.getAllCryptos() with argument(s) = []
2026-09-15 16:00:27.879 [http-nio-8080-exec-7] INFO  c.c.e.core.aspect.LoggingAspect - Enter: com.crypto.exchange.core.service.CryptoService.getAllCryptocurrencies() with argument(s) = []
2026-09-15 16:00:27.900 [http-nio-8080-exec-7] INFO  c.c.e.core.aspect.LoggingAspect - Exit: com.crypto.exchange.core.service.CryptoService.getAllCryptocurrencies() executed in 20 ms with result = [CryptoCurrencyResponseDto[id=2, symbol=BTC, name=Bitcoin, priceUsd=76979.6400, updatedAt=2026-09-15T12:59:31.141650Z], CryptoCurrencyResponseDto[id=3, symbol=ETH, name=Ethereum, priceUsd=2479.7700, updatedAt=2026-09-15T12:59:31.145652Z], CryptoCurrencyResponseDto[id=4, symbol=USDT, name=Tether, priceUsd=0.9995, updatedAt=2026-09-15T12:59:31.145652Z], CryptoCurrencyResponseDto[id=5, symbol=BNB, name=Binance Coin, priceUsd=719.3600, updatedAt=2026-09-15T12:59:31.145652Z], CryptoCurrencyResponseDto[id=6, symbol=XRP, name=XRP, priceUsd=1.4100, updatedAt=2026-09-15T12:59:31.146650Z], CryptoCurrencyResponseDto[id=7, symbol=SOL, name=Solana, priceUsd=100.9600, updatedAt=2026-09-15T12:59:31.146650Z], CryptoCurrencyResponseDto[id=8, symbol=DOGE, name=Dogecoin, priceUsd=0.0827, updatedAt=2026-09-15T12:59:31.146650Z], CryptoCurrencyResponseDto[id=9, symbol=ADA, name=Cardano, priceUsd=0.2051, updatedAt=2026-09-15T12:59:31.146650Z]]
2026-09-15 16:00:27.904 [http-nio-8080-exec-7] INFO  c.c.e.core.aspect.LoggingAspect - Exit: com.crypto.exchange.web.controller.CryptoCurrencyController.getAllCryptos() executed in 26 ms with result = <200 OK OK,[CryptoCurrencyResponseDto[id=2, symbol=BTC, name=Bitcoin, priceUsd=76979.6400, updatedAt=2026-09-15T12:59:31.141650Z], CryptoCurrencyResponseDto[id=3, symbol=ETH, name=Ethereum, priceUsd=2479.7700, updatedAt=2026-09-15T12:59:31.145652Z], CryptoCurrencyResponseDto[id=4, symbol=USDT, name=Tether, priceUsd=0.9995, updatedAt=2026-09-15T12:59:31.145652Z], CryptoCurrencyResponseDto[id=5, symbol=BNB, name=Binance Coin, priceUsd=719.3600, updatedAt=2026-09-15T12:59:31.145652Z], CryptoCurrencyResponseDto[id=6, symbol=XRP, name=XRP, priceUsd=1.4100, updatedAt=2026-09-15T12:59:31.146650Z], CryptoCurrencyResponseDto[id=7, symbol=SOL, name=Solana, priceUsd=100.9600, updatedAt=2026-09-15T12:59:31.146650Z], CryptoCurrencyResponseDto[id=8, symbol=DOGE, name=Dogecoin, priceUsd=0.0827, updatedAt=2026-09-15T12:59:31.146650Z], CryptoCurrencyResponseDto[id=9, symbol=ADA, name=Cardano, priceUsd=0.2051, updatedAt=2026-09-15T12:59:31.146650Z]],[]>
2026-09-15 16:01:08.836 [http-nio-8080-exec-8] INFO  c.c.e.core.aspect.LoggingAspect - Enter: com.crypto.exchange.web.controller.WalletController.deposit() with argument(s) = [com.crypto.exchange.web.security.UserPrincipal@32a19568, 1, BalanceOperationRequestDto[cryptoId=2, amount=10]]
2026-09-15 16:01:08.838 [http-nio-8080-exec-8] INFO  c.c.e.core.aspect.LoggingAspect - Enter: com.crypto.exchange.core.service.implementation.WalletServiceImpl.deposit() with argument(s) = [1, 1, BalanceOperationRequestDto[cryptoId=2, amount=10]]
2026-09-15 16:01:09.001 [http-nio-8080-exec-8] INFO  c.c.e.core.aspect.LoggingAspect - Exit: com.crypto.exchange.core.service.implementation.WalletServiceImpl.deposit() executed in 162 ms with result = WalletResponseDto[id=1, name=wallet1, isDefault=true, balances=[WalletBalanceResponseDto[id=6, symbol=ETH, cryptoName=Ethereum, amount=0E-8, currentPriceUsd=2479.7700, totalValueUsd=0E-12], WalletBalanceResponseDto[id=7, symbol=ADA, cryptoName=Cardano, amount=0E-8, currentPriceUsd=0.2051, totalValueUsd=0E-12], WalletBalanceResponseDto[id=5, symbol=XRP, cryptoName=XRP, amount=0E-8, currentPriceUsd=1.4100, totalValueUsd=0E-12], WalletBalanceResponseDto[id=3, symbol=BTC, cryptoName=Bitcoin, amount=10.00000000, currentPriceUsd=76979.6400, totalValueUsd=769796.400000000000], WalletBalanceResponseDto[id=2, symbol=SOL, cryptoName=Solana, amount=0E-8, currentPriceUsd=100.9600, totalValueUsd=0E-12], WalletBalanceResponseDto[id=4, symbol=DOGE, cryptoName=Dogecoin, amount=0E-8, currentPriceUsd=0.0827, totalValueUsd=0E-12], WalletBalanceResponseDto[id=1, symbol=USDT, cryptoName=Tether, amount=10.00000000, currentPriceUsd=0.9995, totalValueUsd=9.995000000000], WalletBalanceResponseDto[id=8, symbol=BNB, cryptoName=Binance Coin, amount=0E-8, currentPriceUsd=719.3600, totalValueUsd=0E-12]]]
2026-09-15 16:01:09.022 [http-nio-8080-exec-8] INFO  c.c.e.core.aspect.LoggingAspect - Exit: com.crypto.exchange.web.controller.WalletController.deposit() executed in 185 ms with result = <200 OK OK,WalletResponseDto[id=1, name=wallet1, isDefault=true, balances=[WalletBalanceResponseDto[id=6, symbol=ETH, cryptoName=Ethereum, amount=0E-8, currentPriceUsd=2479.7700, totalValueUsd=0E-12], WalletBalanceResponseDto[id=7, symbol=ADA, cryptoName=Cardano, amount=0E-8, currentPriceUsd=0.2051, totalValueUsd=0E-12], WalletBalanceResponseDto[id=5, symbol=XRP, cryptoName=XRP, amount=0E-8, currentPriceUsd=1.4100, totalValueUsd=0E-12], WalletBalanceResponseDto[id=3, symbol=BTC, cryptoName=Bitcoin, amount=10.00000000, currentPriceUsd=76979.6400, totalValueUsd=769796.400000000000], WalletBalanceResponseDto[id=2, symbol=SOL, cryptoName=Solana, amount=0E-8, currentPriceUsd=100.9600, totalValueUsd=0E-12], WalletBalanceResponseDto[id=4, symbol=DOGE, cryptoName=Dogecoin, amount=0E-8, currentPriceUsd=0.0827, totalValueUsd=0E-12], WalletBalanceResponseDto[id=1, symbol=USDT, cryptoName=Tether, amount=10.00000000, currentPriceUsd=0.9995, totalValueUsd=9.995000000000], WalletBalanceResponseDto[id=8, symbol=BNB, cryptoName=Binance Coin, amount=0E-8, currentPriceUsd=719.3600, totalValueUsd=0E-12]]],[]>
2026-09-15 16:01:10.514 [http-nio-8080-exec-9] INFO  c.c.e.core.aspect.LoggingAspect - Enter: com.crypto.exchange.web.controller.WalletController.deposit() with argument(s) = [com.crypto.exchange.web.security.UserPrincipal@379fbb44, 1, BalanceOperationRequestDto[cryptoId=2, amount=10]]
2026-09-15 16:01:10.515 [http-nio-8080-exec-9] INFO  c.c.e.core.aspect.LoggingAspect - Enter: com.crypto.exchange.core.service.implementation.WalletServiceImpl.deposit() with argument(s) = [1, 1, BalanceOperationRequestDto[cryptoId=2, amount=10]]
2026-09-15 16:01:10.554 [http-nio-8080-exec-9] INFO  c.c.e.core.aspect.LoggingAspect - Exit: com.crypto.exchange.core.service.implementation.WalletServiceImpl.deposit() executed in 38 ms with result = WalletResponseDto[id=1, name=wallet1, isDefault=true, balances=[WalletBalanceResponseDto[id=4, symbol=DOGE, cryptoName=Dogecoin, amount=0E-8, currentPriceUsd=0.0827, totalValueUsd=0E-12], WalletBalanceResponseDto[id=5, symbol=XRP, cryptoName=XRP, amount=0E-8, currentPriceUsd=1.4100, totalValueUsd=0E-12], WalletBalanceResponseDto[id=7, symbol=ADA, cryptoName=Cardano, amount=0E-8, currentPriceUsd=0.2051, totalValueUsd=0E-12], WalletBalanceResponseDto[id=2, symbol=SOL, cryptoName=Solana, amount=0E-8, currentPriceUsd=100.9600, totalValueUsd=0E-12], WalletBalanceResponseDto[id=8, symbol=BNB, cryptoName=Binance Coin, amount=0E-8, currentPriceUsd=719.3600, totalValueUsd=0E-12], WalletBalanceResponseDto[id=6, symbol=ETH, cryptoName=Ethereum, amount=0E-8, currentPriceUsd=2479.7700, totalValueUsd=0E-12], WalletBalanceResponseDto[id=1, symbol=USDT, cryptoName=Tether, amount=10.00000000, currentPriceUsd=0.9995, totalValueUsd=9.995000000000], WalletBalanceResponseDto[id=3, symbol=BTC, cryptoName=Bitcoin, amount=20.00000000, currentPriceUsd=76979.6400, totalValueUsd=1539592.800000000000]]]
2026-09-15 16:01:10.560 [http-nio-8080-exec-9] INFO  c.c.e.core.aspect.LoggingAspect - Exit: com.crypto.exchange.web.controller.WalletController.deposit() executed in 46 ms with result = <200 OK OK,WalletResponseDto[id=1, name=wallet1, isDefault=true, balances=[WalletBalanceResponseDto[id=4, symbol=DOGE, cryptoName=Dogecoin, amount=0E-8, currentPriceUsd=0.0827, totalValueUsd=0E-12], WalletBalanceResponseDto[id=5, symbol=XRP, cryptoName=XRP, amount=0E-8, currentPriceUsd=1.4100, totalValueUsd=0E-12], WalletBalanceResponseDto[id=7, symbol=ADA, cryptoName=Cardano, amount=0E-8, currentPriceUsd=0.2051, totalValueUsd=0E-12], WalletBalanceResponseDto[id=2, symbol=SOL, cryptoName=Solana, amount=0E-8, currentPriceUsd=100.9600, totalValueUsd=0E-12], WalletBalanceResponseDto[id=8, symbol=BNB, cryptoName=Binance Coin, amount=0E-8, currentPriceUsd=719.3600, totalValueUsd=0E-12], WalletBalanceResponseDto[id=6, symbol=ETH, cryptoName=Ethereum, amount=0E-8, currentPriceUsd=2479.7700, totalValueUsd=0E-12], WalletBalanceResponseDto[id=1, symbol=USDT, cryptoName=Tether, amount=10.00000000, currentPriceUsd=0.9995, totalValueUsd=9.995000000000], WalletBalanceResponseDto[id=3, symbol=BTC, cryptoName=Bitcoin, amount=20.00000000, currentPriceUsd=76979.6400, totalValueUsd=1539592.800000000000]]],[]>
2026-09-15 16:01:49.531 [SpringApplicationShutdownHook] INFO  o.s.o.j.LocalContainerEntityManagerFactoryBean - Closing JPA EntityManagerFactory for persistence unit 'default'
2026-09-15 16:01:49.541 [SpringApplicationShutdownHook] INFO  com.zaxxer.hikari.HikariDataSource - HikariPool-1 - Shutdown initiated...
2026-09-15 16:01:49.548 [SpringApplicationShutdownHook] INFO  com.zaxxer.hikari.HikariDataSource - HikariPool-1 - Shutdown completed.
2026-09-15 16:09:43.916 [background-preinit] INFO  o.h.validator.internal.util.Version - HV000001: Hibernate Validator 8.0.1.Final
2026-09-15 16:09:43.973 [restartedMain] INFO  c.c.exchange.ExchangeApplication - Starting ExchangeApplication using Java 23.0.2 with PID 23004 (E:\bsuirapp\exchange\target\classes started by AxlLN in E:\bsuirapp\exchange)
2026-09-15 16:09:43.974 [restartedMain] DEBUG c.c.exchange.ExchangeApplication - Running with Spring Boot v3.2.5, Spring v6.1.6
2026-09-15 16:09:43.975 [restartedMain] INFO  c.c.exchange.ExchangeApplication - No active profile set, falling back to 1 default profile: "default"
2026-09-15 16:09:44.064 [restartedMain] INFO  o.s.b.d.e.DevToolsPropertyDefaultsPostProcessor - Devtools property defaults active! Set 'spring.devtools.add-properties' to 'false' to disable
2026-09-15 16:09:44.064 [restartedMain] INFO  o.s.b.d.e.DevToolsPropertyDefaultsPostProcessor - For additional web related logging consider setting the 'logging.level.web' property to 'DEBUG'
2026-09-15 16:09:45.259 [restartedMain] INFO  o.s.d.r.c.RepositoryConfigurationDelegate - Bootstrapping Spring Data JPA repositories in DEFAULT mode.
2026-09-15 16:09:45.353 [restartedMain] INFO  o.s.d.r.c.RepositoryConfigurationDelegate - Finished Spring Data repository scanning in 85 ms. Found 6 JPA repository interfaces.
2026-09-15 16:09:45.814 [restartedMain] WARN  o.s.c.s.PostProcessorRegistrationDelegate$BeanPostProcessorChecker - Bean 'org.springframework.ws.config.annotation.DelegatingWsConfiguration' of type [org.springframework.ws.config.annotation.DelegatingWsConfiguration$$SpringCGLIB$$0] is not eligible for getting processed by all BeanPostProcessors (for example: not eligible for auto-proxying). The currently created BeanPostProcessor [annotationActionEndpointMapping] is declared through a non-static factory method on that class; consider declaring it as static instead.
2026-09-15 16:09:45.838 [restartedMain] INFO  o.s.w.s.a.s.AnnotationActionEndpointMapping - Supporting [WS-Addressing August 2004, WS-Addressing 1.0]
2026-09-15 16:09:46.375 [restartedMain] INFO  o.s.b.w.e.tomcat.TomcatWebServer - Tomcat initialized with port 8080 (http)
2026-09-15 16:09:46.388 [restartedMain] INFO  o.a.coyote.http11.Http11NioProtocol - Initializing ProtocolHandler ["http-nio-8080"]
2026-09-15 16:09:46.390 [restartedMain] INFO  o.a.catalina.core.StandardService - Starting service [Tomcat]
2026-09-15 16:09:46.391 [restartedMain] INFO  o.a.catalina.core.StandardEngine - Starting Servlet engine: [Apache Tomcat/10.1.20]
2026-09-15 16:09:46.463 [restartedMain] INFO  o.a.c.c.C.[Tomcat].[localhost].[/] - Initializing Spring embedded WebApplicationContext
2026-09-15 16:09:46.464 [restartedMain] INFO  o.s.b.w.s.c.ServletWebServerApplicationContext - Root WebApplicationContext: initialization completed in 2398 ms
2026-09-15 16:09:46.550 [restartedMain] DEBUG c.c.e.w.s.JwtAuthenticationFilter - Filter 'jwtAuthenticationFilter' configured for use
2026-09-15 16:09:46.712 [restartedMain] INFO  o.h.jpa.internal.util.LogHelper - HHH000204: Processing PersistenceUnitInfo [name: default]
2026-09-15 16:09:46.770 [restartedMain] INFO  org.hibernate.Version - HHH000412: Hibernate ORM core version 6.4.4.Final
2026-09-15 16:09:46.808 [restartedMain] INFO  o.h.c.i.RegionFactoryInitiator - HHH000026: Second-level cache disabled
2026-09-15 16:09:47.052 [restartedMain] INFO  o.s.o.j.p.SpringPersistenceUnitInfo - No LoadTimeWeaver setup: ignoring JPA class transformer
2026-09-15 16:09:47.080 [restartedMain] INFO  com.zaxxer.hikari.HikariDataSource - HikariPool-1 - Starting...
2026-09-15 16:09:47.287 [restartedMain] INFO  com.zaxxer.hikari.pool.HikariPool - HikariPool-1 - Added connection org.postgresql.jdbc.PgConnection@6be5694b
2026-09-15 16:09:47.289 [restartedMain] INFO  com.zaxxer.hikari.HikariDataSource - HikariPool-1 - Start completed.
2026-09-15 16:09:48.709 [restartedMain] INFO  o.h.e.t.j.p.i.JtaPlatformInitiator - HHH000489: No JTA platform available (set 'hibernate.transaction.jta.platform' to enable JTA platform integration)
2026-09-15 16:09:48.932 [restartedMain] INFO  o.s.o.j.LocalContainerEntityManagerFactoryBean - Initialized JPA EntityManagerFactory for persistence unit 'default'
2026-09-15 16:09:49.306 [restartedMain] INFO  o.s.d.j.r.query.QueryEnhancerFactory - Hibernate is in classpath; If applicable, HQL parser will be used.
2026-09-15 16:09:50.342 [restartedMain] WARN  o.s.b.a.o.j.JpaBaseConfiguration$JpaWebConfiguration - spring.jpa.open-in-view is enabled by default. Therefore, database queries may be performed during view rendering. Explicitly configure spring.jpa.open-in-view to disable this warning
2026-09-15 16:09:50.721 [restartedMain] INFO  o.s.s.web.DefaultSecurityFilterChain - Will secure any request with [org.springframework.security.web.session.DisableEncodeUrlFilter@2af709ef, org.springframework.security.web.context.request.async.WebAsyncManagerIntegrationFilter@26d388b, org.springframework.security.web.context.SecurityContextHolderFilter@2ed10cbb, org.springframework.security.web.header.HeaderWriterFilter@1b10e057, org.springframework.web.filter.CorsFilter@625a146, org.springframework.security.web.authentication.logout.LogoutFilter@1c2792a9, com.crypto.exchange.web.security.JwtAuthenticationFilter@8fcec37, org.springframework.security.web.savedrequest.RequestCacheAwareFilter@5dc2374e, org.springframework.security.web.servletapi.SecurityContextHolderAwareRequestFilter@441f8981, org.springframework.security.web.authentication.AnonymousAuthenticationFilter@66b30b39, org.springframework.security.web.session.SessionManagementFilter@5c3b0048, org.springframework.security.web.access.ExceptionTranslationFilter@1d996d7c, org.springframework.security.web.access.intercept.AuthorizationFilter@3703e63c]
2026-09-15 16:09:51.150 [restartedMain] INFO  o.s.b.d.a.OptionalLiveReloadServer - LiveReload server is running on port 35729
2026-09-15 16:09:51.168 [restartedMain] INFO  o.a.coyote.http11.Http11NioProtocol - Starting ProtocolHandler ["http-nio-8080"]
2026-09-15 16:09:51.187 [restartedMain] INFO  o.s.b.w.e.tomcat.TomcatWebServer - Tomcat started on port 8080 (http) with context path ''
2026-09-15 16:09:51.201 [restartedMain] INFO  c.c.exchange.ExchangeApplication - Started ExchangeApplication in 7.843 seconds (process running for 8.414)
2026-09-15 16:09:51.209 [scheduling-1] INFO  c.c.e.core.aspect.LoggingAspect - Enter: com.crypto.exchange.core.service.CryptoInitializerService.scheduledPriceUpdate() with argument(s) = []
2026-09-15 16:09:51.209 [scheduling-1] INFO  c.c.e.c.s.CryptoInitializerService - Starting crypto price synchronization...
2026-09-15 16:09:52.389 [scheduling-1] INFO  c.c.e.c.s.CryptoInitializerService - Success! Updated and mapped 8 cryptocurrencies with CoinLore IDs
2026-09-15 16:09:52.389 [scheduling-1] INFO  c.c.e.core.aspect.LoggingAspect - Exit: com.crypto.exchange.core.service.CryptoInitializerService.scheduledPriceUpdate() executed in 1180 ms with result = null
2026-09-15 16:10:17.782 [SpringApplicationShutdownHook] INFO  o.s.o.j.LocalContainerEntityManagerFactoryBean - Closing JPA EntityManagerFactory for persistence unit 'default'
2026-09-15 16:10:17.793 [SpringApplicationShutdownHook] INFO  com.zaxxer.hikari.HikariDataSource - HikariPool-1 - Shutdown initiated...
2026-09-15 16:10:17.803 [SpringApplicationShutdownHook] INFO  com.zaxxer.hikari.HikariDataSource - HikariPool-1 - Shutdown completed.
2026-09-15 16:12:00.328 [background-preinit] INFO  o.h.validator.internal.util.Version - HV000001: Hibernate Validator 8.0.1.Final
2026-09-15 16:12:00.383 [restartedMain] INFO  c.c.exchange.ExchangeApplication - Starting ExchangeApplication using Java 23.0.2 with PID 25812 (E:\bsuirapp\exchange\target\classes started by AxlLN in E:\bsuirapp\exchange)
2026-09-15 16:12:00.384 [restartedMain] DEBUG c.c.exchange.ExchangeApplication - Running with Spring Boot v3.2.5, Spring v6.1.6
2026-09-15 16:12:00.385 [restartedMain] INFO  c.c.exchange.ExchangeApplication - No active profile set, falling back to 1 default profile: "default"
2026-09-15 16:12:00.466 [restartedMain] INFO  o.s.b.d.e.DevToolsPropertyDefaultsPostProcessor - Devtools property defaults active! Set 'spring.devtools.add-properties' to 'false' to disable
2026-09-15 16:12:00.466 [restartedMain] INFO  o.s.b.d.e.DevToolsPropertyDefaultsPostProcessor - For additional web related logging consider setting the 'logging.level.web' property to 'DEBUG'
2026-09-15 16:12:01.793 [restartedMain] INFO  o.s.d.r.c.RepositoryConfigurationDelegate - Bootstrapping Spring Data JPA repositories in DEFAULT mode.
2026-09-15 16:12:01.905 [restartedMain] INFO  o.s.d.r.c.RepositoryConfigurationDelegate - Finished Spring Data repository scanning in 100 ms. Found 6 JPA repository interfaces.
2026-09-15 16:12:02.417 [restartedMain] WARN  o.s.c.s.PostProcessorRegistrationDelegate$BeanPostProcessorChecker - Bean 'org.springframework.ws.config.annotation.DelegatingWsConfiguration' of type [org.springframework.ws.config.annotation.DelegatingWsConfiguration$$SpringCGLIB$$0] is not eligible for getting processed by all BeanPostProcessors (for example: not eligible for auto-proxying). The currently created BeanPostProcessor [annotationActionEndpointMapping] is declared through a non-static factory method on that class; consider declaring it as static instead.
2026-09-15 16:12:02.450 [restartedMain] INFO  o.s.w.s.a.s.AnnotationActionEndpointMapping - Supporting [WS-Addressing August 2004, WS-Addressing 1.0]
2026-09-15 16:12:03.130 [restartedMain] INFO  o.s.b.w.e.tomcat.TomcatWebServer - Tomcat initialized with port 8080 (http)
2026-09-15 16:12:03.148 [restartedMain] INFO  o.a.coyote.http11.Http11NioProtocol - Initializing ProtocolHandler ["http-nio-8080"]
2026-09-15 16:12:03.151 [restartedMain] INFO  o.a.catalina.core.StandardService - Starting service [Tomcat]
2026-09-15 16:12:03.152 [restartedMain] INFO  o.a.catalina.core.StandardEngine - Starting Servlet engine: [Apache Tomcat/10.1.20]
2026-09-15 16:12:03.233 [restartedMain] INFO  o.a.c.c.C.[Tomcat].[localhost].[/] - Initializing Spring embedded WebApplicationContext
2026-09-15 16:12:03.236 [restartedMain] INFO  o.s.b.w.s.c.ServletWebServerApplicationContext - Root WebApplicationContext: initialization completed in 2767 ms
2026-09-15 16:12:03.341 [restartedMain] DEBUG c.c.e.w.s.JwtAuthenticationFilter - Filter 'jwtAuthenticationFilter' configured for use
2026-09-15 16:12:03.523 [restartedMain] INFO  o.h.jpa.internal.util.LogHelper - HHH000204: Processing PersistenceUnitInfo [name: default]
2026-09-15 16:12:03.584 [restartedMain] INFO  org.hibernate.Version - HHH000412: Hibernate ORM core version 6.4.4.Final
2026-09-15 16:12:03.630 [restartedMain] INFO  o.h.c.i.RegionFactoryInitiator - HHH000026: Second-level cache disabled
2026-09-15 16:12:03.931 [restartedMain] INFO  o.s.o.j.p.SpringPersistenceUnitInfo - No LoadTimeWeaver setup: ignoring JPA class transformer
2026-09-15 16:12:03.962 [restartedMain] INFO  com.zaxxer.hikari.HikariDataSource - HikariPool-1 - Starting...
2026-09-15 16:12:04.162 [restartedMain] INFO  com.zaxxer.hikari.pool.HikariPool - HikariPool-1 - Added connection org.postgresql.jdbc.PgConnection@269220db
2026-09-15 16:12:04.165 [restartedMain] INFO  com.zaxxer.hikari.HikariDataSource - HikariPool-1 - Start completed.
2026-09-15 16:12:05.456 [restartedMain] INFO  o.h.e.t.j.p.i.JtaPlatformInitiator - HHH000489: No JTA platform available (set 'hibernate.transaction.jta.platform' to enable JTA platform integration)
2026-09-15 16:12:05.694 [restartedMain] INFO  o.s.o.j.LocalContainerEntityManagerFactoryBean - Initialized JPA EntityManagerFactory for persistence unit 'default'
2026-09-15 16:12:06.063 [restartedMain] INFO  o.s.d.j.r.query.QueryEnhancerFactory - Hibernate is in classpath; If applicable, HQL parser will be used.
2026-09-15 16:12:07.074 [restartedMain] WARN  o.s.b.a.o.j.JpaBaseConfiguration$JpaWebConfiguration - spring.jpa.open-in-view is enabled by default. Therefore, database queries may be performed during view rendering. Explicitly configure spring.jpa.open-in-view to disable this warning
2026-09-15 16:12:07.434 [restartedMain] INFO  o.s.s.web.DefaultSecurityFilterChain - Will secure any request with [org.springframework.security.web.session.DisableEncodeUrlFilter@31f6b5af, org.springframework.security.web.context.request.async.WebAsyncManagerIntegrationFilter@66de6081, org.springframework.security.web.context.SecurityContextHolderFilter@1429f45a, org.springframework.security.web.header.HeaderWriterFilter@1d0fc6cb, org.springframework.web.filter.CorsFilter@14234932, org.springframework.security.web.authentication.logout.LogoutFilter@2102dd78, com.crypto.exchange.web.security.JwtAuthenticationFilter@977df90, org.springframework.security.web.savedrequest.RequestCacheAwareFilter@58528a8d, org.springframework.security.web.servletapi.SecurityContextHolderAwareRequestFilter@2a8b2ec3, org.springframework.security.web.authentication.AnonymousAuthenticationFilter@58334be7, org.springframework.security.web.session.SessionManagementFilter@28a404a1, org.springframework.security.web.access.ExceptionTranslationFilter@64baada2, org.springframework.security.web.access.intercept.AuthorizationFilter@19adcac]
2026-09-15 16:12:07.877 [restartedMain] INFO  o.s.b.d.a.OptionalLiveReloadServer - LiveReload server is running on port 35729
2026-09-15 16:12:07.896 [restartedMain] INFO  o.a.coyote.http11.Http11NioProtocol - Starting ProtocolHandler ["http-nio-8080"]
2026-09-15 16:12:07.916 [restartedMain] INFO  o.s.b.w.e.tomcat.TomcatWebServer - Tomcat started on port 8080 (http) with context path ''
2026-09-15 16:12:07.926 [restartedMain] INFO  c.c.exchange.ExchangeApplication - Started ExchangeApplication in 8.145 seconds (process running for 8.726)
2026-09-15 16:12:07.936 [scheduling-1] INFO  c.c.e.core.aspect.LoggingAspect - Enter: com.crypto.exchange.core.service.CryptoInitializerService.scheduledPriceUpdate() with argument(s) = []
2026-09-15 16:12:07.936 [scheduling-1] INFO  c.c.e.c.s.CryptoInitializerService - Starting crypto price synchronization...
2026-09-15 16:12:09.044 [scheduling-1] INFO  c.c.e.c.s.CryptoInitializerService - Success! Updated and mapped 8 cryptocurrencies with CoinLore IDs
2026-09-15 16:12:09.044 [scheduling-1] INFO  c.c.e.core.aspect.LoggingAspect - Exit: com.crypto.exchange.core.service.CryptoInitializerService.scheduledPriceUpdate() executed in 1108 ms with result = null
2026-09-15 16:12:14.647 [http-nio-8080-exec-2] INFO  o.a.c.c.C.[Tomcat].[localhost].[/] - Initializing Spring DispatcherServlet 'dispatcherServlet'
2026-09-15 16:12:14.648 [http-nio-8080-exec-2] INFO  o.s.web.servlet.DispatcherServlet - Initializing Servlet 'dispatcherServlet'
2026-09-15 16:12:14.650 [http-nio-8080-exec-2] INFO  o.s.web.servlet.DispatcherServlet - Completed initialization in 2 ms
2026-09-15 16:12:16.849 [http-nio-8080-exec-4] INFO  o.s.api.AbstractOpenApiResource - Init duration for springdoc-openapi is: 1521 ms
2026-09-15 16:17:07.931 [scheduling-1] INFO  c.c.e.core.aspect.LoggingAspect - Enter: com.crypto.exchange.core.service.CryptoInitializerService.scheduledPriceUpdate() with argument(s) = []
2026-09-15 16:17:07.931 [scheduling-1] INFO  c.c.e.c.s.CryptoInitializerService - Starting crypto price synchronization...
2026-09-15 16:17:08.353 [scheduling-1] INFO  c.c.e.c.s.CryptoInitializerService - Success! Updated and mapped 8 cryptocurrencies with CoinLore IDs
2026-09-15 16:17:08.353 [scheduling-1] INFO  c.c.e.core.aspect.LoggingAspect - Exit: com.crypto.exchange.core.service.CryptoInitializerService.scheduledPriceUpdate() executed in 422 ms with result = null
2026-09-15 16:17:27.482 [SpringApplicationShutdownHook] INFO  o.s.o.j.LocalContainerEntityManagerFactoryBean - Closing JPA EntityManagerFactory for persistence unit 'default'
2026-09-15 16:17:27.490 [SpringApplicationShutdownHook] INFO  com.zaxxer.hikari.HikariDataSource - HikariPool-1 - Shutdown initiated...
2026-09-15 16:17:27.504 [SpringApplicationShutdownHook] INFO  com.zaxxer.hikari.HikariDataSource - HikariPool-1 - Shutdown completed.
2026-09-15 17:02:17.750 [background-preinit] INFO  o.h.validator.internal.util.Version - HV000001: Hibernate Validator 8.0.1.Final
2026-09-15 17:02:17.840 [restartedMain] INFO  c.c.exchange.ExchangeApplication - Starting ExchangeApplication using Java 23.0.2 with PID 17764 (E:\bsuirapp\exchange\target\classes started by AxlLN in E:\bsuirapp\exchange)
2026-09-15 17:02:17.840 [restartedMain] DEBUG c.c.exchange.ExchangeApplication - Running with Spring Boot v3.2.5, Spring v6.1.6
2026-09-15 17:02:17.840 [restartedMain] INFO  c.c.exchange.ExchangeApplication - No active profile set, falling back to 1 default profile: "default"
2026-09-15 17:02:17.944 [restartedMain] INFO  o.s.b.d.e.DevToolsPropertyDefaultsPostProcessor - Devtools property defaults active! Set 'spring.devtools.add-properties' to 'false' to disable
2026-09-15 17:02:17.944 [restartedMain] INFO  o.s.b.d.e.DevToolsPropertyDefaultsPostProcessor - For additional web related logging consider setting the 'logging.level.web' property to 'DEBUG'
2026-09-15 17:02:19.217 [restartedMain] INFO  o.s.d.r.c.RepositoryConfigurationDelegate - Bootstrapping Spring Data JPA repositories in DEFAULT mode.
2026-09-15 17:02:19.294 [restartedMain] INFO  o.s.d.r.c.RepositoryConfigurationDelegate - Finished Spring Data repository scanning in 71 ms. Found 6 JPA repository interfaces.
2026-09-15 17:02:19.826 [restartedMain] WARN  o.s.c.s.PostProcessorRegistrationDelegate$BeanPostProcessorChecker - Bean 'org.springframework.ws.config.annotation.DelegatingWsConfiguration' of type [org.springframework.ws.config.annotation.DelegatingWsConfiguration$$SpringCGLIB$$0] is not eligible for getting processed by all BeanPostProcessors (for example: not eligible for auto-proxying). The currently created BeanPostProcessor [annotationActionEndpointMapping] is declared through a non-static factory method on that class; consider declaring it as static instead.
2026-09-15 17:02:19.921 [restartedMain] INFO  o.s.w.s.a.s.AnnotationActionEndpointMapping - Supporting [WS-Addressing August 2004, WS-Addressing 1.0]
2026-09-15 17:02:20.558 [restartedMain] INFO  o.s.b.w.e.tomcat.TomcatWebServer - Tomcat initialized with port 8080 (http)
2026-09-15 17:02:20.575 [restartedMain] INFO  o.a.coyote.http11.Http11NioProtocol - Initializing ProtocolHandler ["http-nio-8080"]
2026-09-15 17:02:20.575 [restartedMain] INFO  o.a.catalina.core.StandardService - Starting service [Tomcat]
2026-09-15 17:02:20.575 [restartedMain] INFO  o.a.catalina.core.StandardEngine - Starting Servlet engine: [Apache Tomcat/10.1.20]
2026-09-15 17:02:20.659 [restartedMain] INFO  o.a.c.c.C.[Tomcat].[localhost].[/] - Initializing Spring embedded WebApplicationContext
2026-09-15 17:02:20.659 [restartedMain] INFO  o.s.b.w.s.c.ServletWebServerApplicationContext - Root WebApplicationContext: initialization completed in 2715 ms
2026-09-15 17:02:20.781 [restartedMain] DEBUG c.c.e.w.s.JwtAuthenticationFilter - Filter 'jwtAuthenticationFilter' configured for use
2026-09-15 17:02:21.015 [restartedMain] INFO  o.h.jpa.internal.util.LogHelper - HHH000204: Processing PersistenceUnitInfo [name: default]
2026-09-15 17:02:21.109 [restartedMain] INFO  org.hibernate.Version - HHH000412: Hibernate ORM core version 6.4.4.Final
2026-09-15 17:02:21.157 [restartedMain] INFO  o.h.c.i.RegionFactoryInitiator - HHH000026: Second-level cache disabled
2026-09-15 17:02:21.541 [restartedMain] INFO  o.s.o.j.p.SpringPersistenceUnitInfo - No LoadTimeWeaver setup: ignoring JPA class transformer
2026-09-15 17:02:21.573 [restartedMain] INFO  com.zaxxer.hikari.HikariDataSource - HikariPool-1 - Starting...
2026-09-15 17:02:22.191 [restartedMain] INFO  com.zaxxer.hikari.pool.HikariPool - HikariPool-1 - Added connection org.postgresql.jdbc.PgConnection@50533834
2026-09-15 17:02:22.191 [restartedMain] INFO  com.zaxxer.hikari.HikariDataSource - HikariPool-1 - Start completed.
2026-09-15 17:02:23.486 [restartedMain] INFO  o.h.e.t.j.p.i.JtaPlatformInitiator - HHH000489: No JTA platform available (set 'hibernate.transaction.jta.platform' to enable JTA platform integration)
2026-09-15 17:02:23.786 [restartedMain] INFO  o.s.o.j.LocalContainerEntityManagerFactoryBean - Initialized JPA EntityManagerFactory for persistence unit 'default'
2026-09-15 17:02:24.140 [restartedMain] INFO  o.s.d.j.r.query.QueryEnhancerFactory - Hibernate is in classpath; If applicable, HQL parser will be used.
2026-09-15 17:02:25.113 [restartedMain] WARN  o.s.b.a.o.j.JpaBaseConfiguration$JpaWebConfiguration - spring.jpa.open-in-view is enabled by default. Therefore, database queries may be performed during view rendering. Explicitly configure spring.jpa.open-in-view to disable this warning
2026-09-15 17:02:25.494 [restartedMain] INFO  o.s.s.web.DefaultSecurityFilterChain - Will secure any request with [org.springframework.security.web.session.DisableEncodeUrlFilter@719470ec, org.springframework.security.web.context.request.async.WebAsyncManagerIntegrationFilter@51e5fd08, org.springframework.security.web.context.SecurityContextHolderFilter@2ea1a515, org.springframework.security.web.header.HeaderWriterFilter@1c17cbf7, org.springframework.web.filter.CorsFilter@199c7459, org.springframework.security.web.authentication.logout.LogoutFilter@248be8, com.crypto.exchange.web.security.JwtAuthenticationFilter@78dca9ff, org.springframework.security.web.savedrequest.RequestCacheAwareFilter@14524e5, org.springframework.security.web.servletapi.SecurityContextHolderAwareRequestFilter@23d7e6e6, org.springframework.security.web.authentication.AnonymousAuthenticationFilter@6f0802c7, org.springframework.security.web.session.SessionManagementFilter@1c2c4e0d, org.springframework.security.web.access.ExceptionTranslationFilter@1123749a, org.springframework.security.web.access.intercept.AuthorizationFilter@2fc1f204]
2026-09-15 17:02:25.994 [restartedMain] INFO  o.s.b.d.a.OptionalLiveReloadServer - LiveReload server is running on port 35729
2026-09-15 17:02:26.010 [restartedMain] INFO  o.a.coyote.http11.Http11NioProtocol - Starting ProtocolHandler ["http-nio-8080"]
2026-09-15 17:02:26.028 [restartedMain] INFO  o.s.b.w.e.tomcat.TomcatWebServer - Tomcat started on port 8080 (http) with context path ''
2026-09-15 17:02:26.040 [restartedMain] INFO  c.c.exchange.ExchangeApplication - Started ExchangeApplication in 8.894 seconds (process running for 10.526)
2026-09-15 17:02:26.056 [scheduling-1] INFO  c.c.e.core.aspect.LoggingAspect - Enter: com.crypto.exchange.core.service.CryptoInitializerService.scheduledPriceUpdate() with argument(s) = []
2026-09-15 17:02:26.056 [scheduling-1] INFO  c.c.e.c.s.CryptoInitializerService - Starting crypto price synchronization...
2026-09-15 17:02:26.218 [scheduling-1] ERROR c.c.e.i.c.client.CoinLoreApiClient - Crypto API Error: I/O error on GET request for "https://api.coinlore.net/api/tickers/": api.coinlore.net
2026-09-15 17:02:26.218 [scheduling-1] INFO  c.c.e.core.aspect.LoggingAspect - Exit: com.crypto.exchange.core.service.CryptoInitializerService.scheduledPriceUpdate() executed in 162 ms with result = null
2026-09-15 17:02:33.271 [http-nio-8080-exec-1] INFO  o.a.c.c.C.[Tomcat].[localhost].[/] - Initializing Spring DispatcherServlet 'dispatcherServlet'
2026-09-15 17:02:33.287 [http-nio-8080-exec-1] INFO  o.s.web.servlet.DispatcherServlet - Initializing Servlet 'dispatcherServlet'
2026-09-15 17:02:33.287 [http-nio-8080-exec-1] INFO  o.s.web.servlet.DispatcherServlet - Completed initialization in 0 ms
2026-09-15 17:02:34.237 [http-nio-8080-exec-4] INFO  o.s.api.AbstractOpenApiResource - Init duration for springdoc-openapi is: 483 ms
2026-09-15 17:02:50.142 [SpringApplicationShutdownHook] INFO  o.s.o.j.LocalContainerEntityManagerFactoryBean - Closing JPA EntityManagerFactory for persistence unit 'default'
2026-09-15 17:02:50.158 [SpringApplicationShutdownHook] INFO  com.zaxxer.hikari.HikariDataSource - HikariPool-1 - Shutdown initiated...
2026-09-15 17:02:50.160 [SpringApplicationShutdownHook] INFO  com.zaxxer.hikari.HikariDataSource - HikariPool-1 - Shutdown completed.
2026-09-15 17:02:52.550 [background-preinit] INFO  o.h.validator.internal.util.Version - HV000001: Hibernate Validator 8.0.1.Final
2026-09-15 17:02:52.598 [restartedMain] INFO  c.c.exchange.ExchangeApplication - Starting ExchangeApplication using Java 23.0.2 with PID 18364 (E:\bsuirapp\exchange\target\classes started by AxlLN in E:\bsuirapp\exchange)
2026-09-15 17:02:52.598 [restartedMain] DEBUG c.c.exchange.ExchangeApplication - Running with Spring Boot v3.2.5, Spring v6.1.6
2026-09-15 17:02:52.598 [restartedMain] INFO  c.c.exchange.ExchangeApplication - No active profile set, falling back to 1 default profile: "default"
2026-09-15 17:02:52.679 [restartedMain] INFO  o.s.b.d.e.DevToolsPropertyDefaultsPostProcessor - Devtools property defaults active! Set 'spring.devtools.add-properties' to 'false' to disable
2026-09-15 17:02:52.679 [restartedMain] INFO  o.s.b.d.e.DevToolsPropertyDefaultsPostProcessor - For additional web related logging consider setting the 'logging.level.web' property to 'DEBUG'
2026-09-15 17:02:53.836 [restartedMain] INFO  o.s.d.r.c.RepositoryConfigurationDelegate - Bootstrapping Spring Data JPA repositories in DEFAULT mode.
2026-09-15 17:02:53.927 [restartedMain] INFO  o.s.d.r.c.RepositoryConfigurationDelegate - Finished Spring Data repository scanning in 74 ms. Found 6 JPA repository interfaces.
2026-09-15 17:02:54.373 [restartedMain] WARN  o.s.c.s.PostProcessorRegistrationDelegate$BeanPostProcessorChecker - Bean 'org.springframework.ws.config.annotation.DelegatingWsConfiguration' of type [org.springframework.ws.config.annotation.DelegatingWsConfiguration$$SpringCGLIB$$0] is not eligible for getting processed by all BeanPostProcessors (for example: not eligible for auto-proxying). The currently created BeanPostProcessor [annotationActionEndpointMapping] is declared through a non-static factory method on that class; consider declaring it as static instead.
2026-09-15 17:02:54.415 [restartedMain] INFO  o.s.w.s.a.s.AnnotationActionEndpointMapping - Supporting [WS-Addressing August 2004, WS-Addressing 1.0]
2026-09-15 17:02:55.046 [restartedMain] INFO  o.s.b.w.e.tomcat.TomcatWebServer - Tomcat initialized with port 8080 (http)
2026-09-15 17:02:55.061 [restartedMain] INFO  o.a.coyote.http11.Http11NioProtocol - Initializing ProtocolHandler ["http-nio-8080"]
2026-09-15 17:02:55.061 [restartedMain] INFO  o.a.catalina.core.StandardService - Starting service [Tomcat]
2026-09-15 17:02:55.061 [restartedMain] INFO  o.a.catalina.core.StandardEngine - Starting Servlet engine: [Apache Tomcat/10.1.20]
2026-09-15 17:02:55.131 [restartedMain] INFO  o.a.c.c.C.[Tomcat].[localhost].[/] - Initializing Spring embedded WebApplicationContext
2026-09-15 17:02:55.131 [restartedMain] INFO  o.s.b.w.s.c.ServletWebServerApplicationContext - Root WebApplicationContext: initialization completed in 2443 ms
2026-09-15 17:02:55.246 [restartedMain] DEBUG c.c.e.w.s.JwtAuthenticationFilter - Filter 'jwtAuthenticationFilter' configured for use
2026-09-15 17:02:55.403 [restartedMain] INFO  o.h.jpa.internal.util.LogHelper - HHH000204: Processing PersistenceUnitInfo [name: default]
2026-09-15 17:02:55.484 [restartedMain] INFO  org.hibernate.Version - HHH000412: Hibernate ORM core version 6.4.4.Final
2026-09-15 17:02:55.526 [restartedMain] INFO  o.h.c.i.RegionFactoryInitiator - HHH000026: Second-level cache disabled
2026-09-15 17:02:55.825 [restartedMain] INFO  o.s.o.j.p.SpringPersistenceUnitInfo - No LoadTimeWeaver setup: ignoring JPA class transformer
2026-09-15 17:02:55.856 [restartedMain] INFO  com.zaxxer.hikari.HikariDataSource - HikariPool-1 - Starting...
2026-09-15 17:02:56.190 [restartedMain] INFO  com.zaxxer.hikari.pool.HikariPool - HikariPool-1 - Added connection org.postgresql.jdbc.PgConnection@4951a768
2026-09-15 17:02:56.206 [restartedMain] INFO  com.zaxxer.hikari.HikariDataSource - HikariPool-1 - Start completed.
2026-09-15 17:02:57.383 [restartedMain] INFO  o.h.e.t.j.p.i.JtaPlatformInitiator - HHH000489: No JTA platform available (set 'hibernate.transaction.jta.platform' to enable JTA platform integration)
2026-09-15 17:02:57.531 [restartedMain] INFO  o.s.o.j.LocalContainerEntityManagerFactoryBean - Initialized JPA EntityManagerFactory for persistence unit 'default'
2026-09-15 17:02:57.855 [restartedMain] INFO  o.s.d.j.r.query.QueryEnhancerFactory - Hibernate is in classpath; If applicable, HQL parser will be used.
2026-09-15 17:02:58.806 [restartedMain] WARN  o.s.b.a.o.j.JpaBaseConfiguration$JpaWebConfiguration - spring.jpa.open-in-view is enabled by default. Therefore, database queries may be performed during view rendering. Explicitly configure spring.jpa.open-in-view to disable this warning
2026-09-15 17:02:59.169 [restartedMain] INFO  o.s.s.web.DefaultSecurityFilterChain - Will secure any request with [org.springframework.security.web.session.DisableEncodeUrlFilter@4ed5e7a3, org.springframework.security.web.context.request.async.WebAsyncManagerIntegrationFilter@6044656, org.springframework.security.web.context.SecurityContextHolderFilter@34e2a1a5, org.springframework.security.web.header.HeaderWriterFilter@7e08fe8f, org.springframework.web.filter.CorsFilter@2faae562, org.springframework.security.web.authentication.logout.LogoutFilter@47c7d538, com.crypto.exchange.web.security.JwtAuthenticationFilter@21de29c9, org.springframework.security.web.savedrequest.RequestCacheAwareFilter@34f10a2, org.springframework.security.web.servletapi.SecurityContextHolderAwareRequestFilter@1c0415da, org.springframework.security.web.authentication.AnonymousAuthenticationFilter@41948ab0, org.springframework.security.web.session.SessionManagementFilter@9a66527, org.springframework.security.web.access.ExceptionTranslationFilter@5683f9fc, org.springframework.security.web.access.intercept.AuthorizationFilter@4691c11e]
2026-09-15 17:02:59.635 [restartedMain] INFO  o.s.b.d.a.OptionalLiveReloadServer - LiveReload server is running on port 35729
2026-09-15 17:02:59.651 [restartedMain] INFO  o.a.coyote.http11.Http11NioProtocol - Starting ProtocolHandler ["http-nio-8080"]
2026-09-15 17:02:59.666 [restartedMain] INFO  o.s.b.w.e.tomcat.TomcatWebServer - Tomcat started on port 8080 (http) with context path ''
2026-09-15 17:02:59.682 [restartedMain] INFO  c.c.exchange.ExchangeApplication - Started ExchangeApplication in 7.702 seconds (process running for 8.319)
2026-09-15 17:02:59.682 [scheduling-1] INFO  c.c.e.core.aspect.LoggingAspect - Enter: com.crypto.exchange.core.service.CryptoInitializerService.scheduledPriceUpdate() with argument(s) = []
2026-09-15 17:02:59.682 [scheduling-1] INFO  c.c.e.c.s.CryptoInitializerService - Starting crypto price synchronization...
2026-09-15 17:03:00.788 [scheduling-1] INFO  c.c.e.c.s.CryptoInitializerService - Success! Updated and mapped 8 cryptocurrencies with CoinLore IDs
2026-09-15 17:03:00.788 [scheduling-1] INFO  c.c.e.core.aspect.LoggingAspect - Exit: com.crypto.exchange.core.service.CryptoInitializerService.scheduledPriceUpdate() executed in 1106 ms with result = null
2026-09-15 17:03:10.435 [http-nio-8080-exec-1] INFO  o.a.c.c.C.[Tomcat].[localhost].[/] - Initializing Spring DispatcherServlet 'dispatcherServlet'
2026-09-15 17:03:10.435 [http-nio-8080-exec-1] INFO  o.s.web.servlet.DispatcherServlet - Initializing Servlet 'dispatcherServlet'
2026-09-15 17:03:10.435 [http-nio-8080-exec-1] INFO  o.s.web.servlet.DispatcherServlet - Completed initialization in 0 ms
2026-09-15 17:03:11.170 [http-nio-8080-exec-4] INFO  o.s.api.AbstractOpenApiResource - Init duration for springdoc-openapi is: 538 ms
2026-09-15 17:03:24.668 [SpringApplicationShutdownHook] INFO  o.s.o.j.LocalContainerEntityManagerFactoryBean - Closing JPA EntityManagerFactory for persistence unit 'default'
2026-09-15 17:03:24.684 [SpringApplicationShutdownHook] INFO  com.zaxxer.hikari.HikariDataSource - HikariPool-1 - Shutdown initiated...
2026-09-15 17:03:24.697 [SpringApplicationShutdownHook] INFO  com.zaxxer.hikari.HikariDataSource - HikariPool-1 - Shutdown completed.
2026-09-15 17:16:57.556 [background-preinit] INFO  o.h.validator.internal.util.Version - HV000001: Hibernate Validator 8.0.1.Final
2026-09-15 17:16:57.619 [restartedMain] INFO  c.c.exchange.ExchangeApplication - Starting ExchangeApplication using Java 23.0.2 with PID 19944 (E:\bsuirapp\exchange\target\classes started by AxlLN in E:\bsuirapp\exchange)
2026-09-15 17:16:57.619 [restartedMain] DEBUG c.c.exchange.ExchangeApplication - Running with Spring Boot v3.2.5, Spring v6.1.6
2026-09-15 17:16:57.619 [restartedMain] INFO  c.c.exchange.ExchangeApplication - No active profile set, falling back to 1 default profile: "default"
2026-09-15 17:16:57.701 [restartedMain] INFO  o.s.b.d.e.DevToolsPropertyDefaultsPostProcessor - Devtools property defaults active! Set 'spring.devtools.add-properties' to 'false' to disable
2026-09-15 17:16:57.701 [restartedMain] INFO  o.s.b.d.e.DevToolsPropertyDefaultsPostProcessor - For additional web related logging consider setting the 'logging.level.web' property to 'DEBUG'
2026-09-15 17:16:58.858 [restartedMain] INFO  o.s.d.r.c.RepositoryConfigurationDelegate - Bootstrapping Spring Data JPA repositories in DEFAULT mode.
2026-09-15 17:16:58.945 [restartedMain] INFO  o.s.d.r.c.RepositoryConfigurationDelegate - Finished Spring Data repository scanning in 77 ms. Found 6 JPA repository interfaces.
2026-09-15 17:16:59.345 [restartedMain] WARN  o.s.c.s.PostProcessorRegistrationDelegate$BeanPostProcessorChecker - Bean 'org.springframework.ws.config.annotation.DelegatingWsConfiguration' of type [org.springframework.ws.config.annotation.DelegatingWsConfiguration$$SpringCGLIB$$0] is not eligible for getting processed by all BeanPostProcessors (for example: not eligible for auto-proxying). The currently created BeanPostProcessor [annotationActionEndpointMapping] is declared through a non-static factory method on that class; consider declaring it as static instead.
2026-09-15 17:16:59.377 [restartedMain] INFO  o.s.w.s.a.s.AnnotationActionEndpointMapping - Supporting [WS-Addressing August 2004, WS-Addressing 1.0]
2026-09-15 17:17:00.013 [restartedMain] INFO  o.s.b.w.e.tomcat.TomcatWebServer - Tomcat initialized with port 8080 (http)
2026-09-15 17:17:00.029 [restartedMain] INFO  o.a.coyote.http11.Http11NioProtocol - Initializing ProtocolHandler ["http-nio-8080"]
2026-09-15 17:17:00.029 [restartedMain] INFO  o.a.catalina.core.StandardService - Starting service [Tomcat]
2026-09-15 17:17:00.029 [restartedMain] INFO  o.a.catalina.core.StandardEngine - Starting Servlet engine: [Apache Tomcat/10.1.20]
2026-09-15 17:17:00.095 [restartedMain] INFO  o.a.c.c.C.[Tomcat].[localhost].[/] - Initializing Spring embedded WebApplicationContext
2026-09-15 17:17:00.095 [restartedMain] INFO  o.s.b.w.s.c.ServletWebServerApplicationContext - Root WebApplicationContext: initialization completed in 2394 ms
2026-09-15 17:17:00.201 [restartedMain] DEBUG c.c.e.w.s.JwtAuthenticationFilter - Filter 'jwtAuthenticationFilter' configured for use
2026-09-15 17:17:00.374 [restartedMain] INFO  o.h.jpa.internal.util.LogHelper - HHH000204: Processing PersistenceUnitInfo [name: default]
2026-09-15 17:17:00.436 [restartedMain] INFO  org.hibernate.Version - HHH000412: Hibernate ORM core version 6.4.4.Final
2026-09-15 17:17:00.484 [restartedMain] INFO  o.h.c.i.RegionFactoryInitiator - HHH000026: Second-level cache disabled
2026-09-15 17:17:00.737 [restartedMain] INFO  o.s.o.j.p.SpringPersistenceUnitInfo - No LoadTimeWeaver setup: ignoring JPA class transformer
2026-09-15 17:17:00.769 [restartedMain] INFO  com.zaxxer.hikari.HikariDataSource - HikariPool-1 - Starting...
2026-09-15 17:17:00.950 [restartedMain] INFO  com.zaxxer.hikari.pool.HikariPool - HikariPool-1 - Added connection org.postgresql.jdbc.PgConnection@7f91702f
2026-09-15 17:17:00.950 [restartedMain] INFO  com.zaxxer.hikari.HikariDataSource - HikariPool-1 - Start completed.
2026-09-15 17:17:02.079 [restartedMain] INFO  o.h.e.t.j.p.i.JtaPlatformInitiator - HHH000489: No JTA platform available (set 'hibernate.transaction.jta.platform' to enable JTA platform integration)
2026-09-15 17:17:02.251 [restartedMain] INFO  o.s.o.j.LocalContainerEntityManagerFactoryBean - Initialized JPA EntityManagerFactory for persistence unit 'default'
2026-09-15 17:17:02.669 [restartedMain] INFO  o.s.d.j.r.query.QueryEnhancerFactory - Hibernate is in classpath; If applicable, HQL parser will be used.
2026-09-15 17:17:03.602 [restartedMain] WARN  o.s.b.a.o.j.JpaBaseConfiguration$JpaWebConfiguration - spring.jpa.open-in-view is enabled by default. Therefore, database queries may be performed during view rendering. Explicitly configure spring.jpa.open-in-view to disable this warning
2026-09-15 17:17:03.990 [restartedMain] INFO  o.s.s.web.DefaultSecurityFilterChain - Will secure any request with [org.springframework.security.web.session.DisableEncodeUrlFilter@200fcc87, org.springframework.security.web.context.request.async.WebAsyncManagerIntegrationFilter@2d6867a2, org.springframework.security.web.context.SecurityContextHolderFilter@5d73c163, org.springframework.security.web.header.HeaderWriterFilter@2f1e6626, org.springframework.web.filter.CorsFilter@62a5719c, org.springframework.security.web.authentication.logout.LogoutFilter@7a74fb55, com.crypto.exchange.web.security.JwtAuthenticationFilter@63c3a838, org.springframework.security.web.savedrequest.RequestCacheAwareFilter@fea3c80, org.springframework.security.web.servletapi.SecurityContextHolderAwareRequestFilter@1bfd9c70, org.springframework.security.web.authentication.AnonymousAuthenticationFilter@7a69bab7, org.springframework.security.web.session.SessionManagementFilter@48d92a7f, org.springframework.security.web.access.ExceptionTranslationFilter@1a154d8f, org.springframework.security.web.access.intercept.AuthorizationFilter@2305cde1]
2026-09-15 17:17:04.509 [restartedMain] INFO  o.s.b.d.a.OptionalLiveReloadServer - LiveReload server is running on port 35729
2026-09-15 17:17:04.525 [restartedMain] INFO  o.a.coyote.http11.Http11NioProtocol - Starting ProtocolHandler ["http-nio-8080"]
2026-09-15 17:17:04.540 [restartedMain] INFO  o.s.b.w.e.tomcat.TomcatWebServer - Tomcat started on port 8080 (http) with context path ''
2026-09-15 17:17:04.555 [restartedMain] INFO  c.c.exchange.ExchangeApplication - Started ExchangeApplication in 7.556 seconds (process running for 8.226)
2026-09-15 17:17:04.571 [scheduling-1] INFO  c.c.e.core.aspect.LoggingAspect - Enter: com.crypto.exchange.core.service.CryptoInitializerService.scheduledPriceUpdate() with argument(s) = []
2026-09-15 17:17:04.571 [scheduling-1] INFO  c.c.e.c.s.CryptoInitializerService - Starting crypto price synchronization...
2026-09-15 17:17:05.516 [scheduling-1] INFO  c.c.e.c.s.CryptoInitializerService - Success! Updated and mapped 8 cryptocurrencies with CoinLore IDs
2026-09-15 17:17:05.516 [scheduling-1] INFO  c.c.e.core.aspect.LoggingAspect - Exit: com.crypto.exchange.core.service.CryptoInitializerService.scheduledPriceUpdate() executed in 945 ms with result = null
2026-09-15 17:18:02.962 [http-nio-8080-exec-1] INFO  o.a.c.c.C.[Tomcat].[localhost].[/] - Initializing Spring DispatcherServlet 'dispatcherServlet'
2026-09-15 17:18:02.962 [http-nio-8080-exec-1] INFO  o.s.web.servlet.DispatcherServlet - Initializing Servlet 'dispatcherServlet'
2026-09-15 17:18:02.962 [http-nio-8080-exec-1] INFO  o.s.web.servlet.DispatcherServlet - Completed initialization in 0 ms
2026-09-15 17:18:03.660 [http-nio-8080-exec-4] INFO  o.s.api.AbstractOpenApiResource - Init duration for springdoc-openapi is: 474 ms
2026-09-15 17:18:57.447 [http-nio-8080-exec-7] INFO  c.c.e.core.aspect.LoggingAspect - Enter: com.crypto.exchange.web.controller.AuthController.login() with argument(s) = [LoginRequest[usernameOrEmail=example, password=password]]
2026-09-15 17:18:57.447 [http-nio-8080-exec-7] INFO  c.c.e.core.aspect.LoggingAspect - Enter: com.crypto.exchange.core.service.AuthService.login() with argument(s) = [LoginRequest[usernameOrEmail=example, password=password]]
2026-09-15 17:18:57.750 [http-nio-8080-exec-7] INFO  c.c.e.core.aspect.LoggingAspect - Exit: com.crypto.exchange.core.service.AuthService.login() executed in 303 ms with result = AuthResponseDto[token=eyJhbGciOiJIUzUxMiJ9.eyJzdWIiOiJleGFtcGxlIiwiaWQiOjEsInJvbGUiOiJST0xFX0FETUlOIiwiaWF0IjoxNzg5NDgxOTM3LCJleHAiOjE3ODk1NjgzMzd9.3LMytQ_mNtyYXanqxPdf5-kIuEl_IXLH3usVGRHlUozImP6W8Y8eBvMgvp-DOsaDTnw1IiQbHBUO-5lBg9oPyQ, tokenType=Bearer, user=UserResponseDto[id=1, username=example, email=example@example.com, role=ROLE_ADMIN, createdAt=2026-09-15T10:54:41.216510Z]]
2026-09-15 17:18:57.764 [http-nio-8080-exec-7] INFO  c.c.e.core.aspect.LoggingAspect - Exit: com.crypto.exchange.web.controller.AuthController.login() executed in 317 ms with result = <200 OK OK,AuthResponseDto[token=eyJhbGciOiJIUzUxMiJ9.eyJzdWIiOiJleGFtcGxlIiwiaWQiOjEsInJvbGUiOiJST0xFX0FETUlOIiwiaWF0IjoxNzg5NDgxOTM3LCJleHAiOjE3ODk1NjgzMzd9.3LMytQ_mNtyYXanqxPdf5-kIuEl_IXLH3usVGRHlUozImP6W8Y8eBvMgvp-DOsaDTnw1IiQbHBUO-5lBg9oPyQ, tokenType=Bearer, user=UserResponseDto[id=1, username=example, email=example@example.com, role=ROLE_ADMIN, createdAt=2026-09-15T10:54:41.216510Z]],[]>
2026-09-15 17:18:59.170 [http-nio-8080-exec-8] INFO  c.c.e.core.aspect.LoggingAspect - Enter: com.crypto.exchange.web.controller.AuthController.login() with argument(s) = [LoginRequest[usernameOrEmail=example, password=password]]
2026-09-15 17:18:59.170 [http-nio-8080-exec-8] INFO  c.c.e.core.aspect.LoggingAspect - Enter: com.crypto.exchange.core.service.AuthService.login() with argument(s) = [LoginRequest[usernameOrEmail=example, password=password]]
2026-09-15 17:18:59.265 [http-nio-8080-exec-8] INFO  c.c.e.core.aspect.LoggingAspect - Exit: com.crypto.exchange.core.service.AuthService.login() executed in 94 ms with result = AuthResponseDto[token=eyJhbGciOiJIUzUxMiJ9.eyJzdWIiOiJleGFtcGxlIiwiaWQiOjEsInJvbGUiOiJST0xFX0FETUlOIiwiaWF0IjoxNzg5NDgxOTM5LCJleHAiOjE3ODk1NjgzMzl9.WhhIfbK1C_pDlCircEGyIpcPGL39hyFrrga3aV39evGwcunImkmuj9fjXCwq_fHg0L1N24KP0JQoqS89VmUFPw, tokenType=Bearer, user=UserResponseDto[id=1, username=example, email=example@example.com, role=ROLE_ADMIN, createdAt=2026-09-15T10:54:41.216510Z]]
2026-09-15 17:18:59.265 [http-nio-8080-exec-8] INFO  c.c.e.core.aspect.LoggingAspect - Exit: com.crypto.exchange.web.controller.AuthController.login() executed in 95 ms with result = <200 OK OK,AuthResponseDto[token=eyJhbGciOiJIUzUxMiJ9.eyJzdWIiOiJleGFtcGxlIiwiaWQiOjEsInJvbGUiOiJST0xFX0FETUlOIiwiaWF0IjoxNzg5NDgxOTM5LCJleHAiOjE3ODk1NjgzMzl9.WhhIfbK1C_pDlCircEGyIpcPGL39hyFrrga3aV39evGwcunImkmuj9fjXCwq_fHg0L1N24KP0JQoqS89VmUFPw, tokenType=Bearer, user=UserResponseDto[id=1, username=example, email=example@example.com, role=ROLE_ADMIN, createdAt=2026-09-15T10:54:41.216510Z]],[]>
2026-09-15 17:19:51.261 [http-nio-8080-exec-9] INFO  c.c.e.core.aspect.LoggingAspect - Enter: com.crypto.exchange.web.controller.UserController.getMyProfile() with argument(s) = [com.crypto.exchange.web.security.UserPrincipal@5a500c5d]
2026-09-15 17:19:51.261 [http-nio-8080-exec-9] INFO  c.c.e.core.aspect.LoggingAspect - Enter: com.crypto.exchange.core.service.implementation.UserServiceImpl.getUserProfile() with argument(s) = [1]
2026-09-15 17:19:51.279 [http-nio-8080-exec-9] INFO  c.c.e.core.aspect.LoggingAspect - Exit: com.crypto.exchange.core.service.implementation.UserServiceImpl.getUserProfile() executed in 7 ms with result = UserResponseDto[id=1, username=example, email=example@example.com, role=ROLE_ADMIN, createdAt=2026-09-15T10:54:41.216510Z]
2026-09-15 17:19:51.279 [http-nio-8080-exec-9] INFO  c.c.e.core.aspect.LoggingAspect - Exit: com.crypto.exchange.web.controller.UserController.getMyProfile() executed in 18 ms with result = <200 OK OK,UserResponseDto[id=1, username=example, email=example@example.com, role=ROLE_ADMIN, createdAt=2026-09-15T10:54:41.216510Z],[]>
2026-09-15 17:20:01.199 [http-nio-8080-exec-10] INFO  c.c.e.core.aspect.LoggingAspect - Enter: com.crypto.exchange.web.controller.AdminUserController.getUserById() with argument(s) = [3]
2026-09-15 17:20:01.199 [http-nio-8080-exec-10] INFO  c.c.e.core.aspect.LoggingAspect - Enter: com.crypto.exchange.core.service.implementation.UserServiceImpl.getUserById() with argument(s) = [3]
2026-09-15 17:20:01.215 [http-nio-8080-exec-10] INFO  c.c.e.core.aspect.LoggingAspect - Exit: com.crypto.exchange.core.service.implementation.UserServiceImpl.getUserById() executed in 16 ms with result = UserResponseDto[id=3, username=user1234, email=user1234@example.com, role=ROLE_USER, createdAt=2026-09-15T11:16:00.110836Z]
2026-09-15 17:20:01.215 [http-nio-8080-exec-10] INFO  c.c.e.core.aspect.LoggingAspect - Exit: com.crypto.exchange.web.controller.AdminUserController.getUserById() executed in 16 ms with result = <200 OK OK,UserResponseDto[id=3, username=user1234, email=user1234@example.com, role=ROLE_USER, createdAt=2026-09-15T11:16:00.110836Z],[]>
2026-09-15 17:20:17.982 [http-nio-8080-exec-1] INFO  c.c.e.core.aspect.LoggingAspect - Enter: com.crypto.exchange.web.controller.CryptoCurrencyController.getAllCryptos() with argument(s) = []
2026-09-15 17:20:17.991 [http-nio-8080-exec-1] INFO  c.c.e.core.aspect.LoggingAspect - Enter: com.crypto.exchange.core.service.CryptoService.getAllCryptocurrencies() with argument(s) = []
2026-09-15 17:20:17.991 [http-nio-8080-exec-1] INFO  c.c.e.core.aspect.LoggingAspect - Exit: com.crypto.exchange.core.service.CryptoService.getAllCryptocurrencies() executed in 0 ms with result = [CryptoCurrencyResponseDto[id=4, symbol=USDT, name=Tether, priceUsd=0.9995, updatedAt=2026-09-15T13:17:08.314120Z], CryptoCurrencyResponseDto[id=2, symbol=BTC, name=Bitcoin, priceUsd=76416.1800, updatedAt=2026-09-15T14:17:05.468848Z], CryptoCurrencyResponseDto[id=3, symbol=ETH, name=Ethereum, priceUsd=2449.4600, updatedAt=2026-09-15T14:17:05.468848Z], CryptoCurrencyResponseDto[id=5, symbol=BNB, name=Binance Coin, priceUsd=719.4700, updatedAt=2026-09-15T14:17:05.468848Z], CryptoCurrencyResponseDto[id=6, symbol=XRP, name=XRP, priceUsd=1.4100, updatedAt=2026-09-15T14:17:05.468848Z], CryptoCurrencyResponseDto[id=7, symbol=SOL, name=Solana, priceUsd=100.3900, updatedAt=2026-09-15T14:17:05.468848Z], CryptoCurrencyResponseDto[id=8, symbol=DOGE, name=Dogecoin, priceUsd=0.0826, updatedAt=2026-09-15T14:17:05.468848Z], CryptoCurrencyResponseDto[id=9, symbol=ADA, name=Cardano, priceUsd=0.2047, updatedAt=2026-09-15T14:17:05.468848Z]]
2026-09-15 17:20:18.008 [http-nio-8080-exec-1] INFO  c.c.e.core.aspect.LoggingAspect - Exit: com.crypto.exchange.web.controller.CryptoCurrencyController.getAllCryptos() executed in 25 ms with result = <200 OK OK,[CryptoCurrencyResponseDto[id=4, symbol=USDT, name=Tether, priceUsd=0.9995, updatedAt=2026-09-15T13:17:08.314120Z], CryptoCurrencyResponseDto[id=2, symbol=BTC, name=Bitcoin, priceUsd=76416.1800, updatedAt=2026-09-15T14:17:05.468848Z], CryptoCurrencyResponseDto[id=3, symbol=ETH, name=Ethereum, priceUsd=2449.4600, updatedAt=2026-09-15T14:17:05.468848Z], CryptoCurrencyResponseDto[id=5, symbol=BNB, name=Binance Coin, priceUsd=719.4700, updatedAt=2026-09-15T14:17:05.468848Z], CryptoCurrencyResponseDto[id=6, symbol=XRP, name=XRP, priceUsd=1.4100, updatedAt=2026-09-15T14:17:05.468848Z], CryptoCurrencyResponseDto[id=7, symbol=SOL, name=Solana, priceUsd=100.3900, updatedAt=2026-09-15T14:17:05.468848Z], CryptoCurrencyResponseDto[id=8, symbol=DOGE, name=Dogecoin, priceUsd=0.0826, updatedAt=2026-09-15T14:17:05.468848Z], CryptoCurrencyResponseDto[id=9, symbol=ADA, name=Cardano, priceUsd=0.2047, updatedAt=2026-09-15T14:17:05.468848Z]],[]>
2026-09-15 17:20:48.314 [http-nio-8080-exec-2] INFO  c.c.e.core.aspect.LoggingAspect - Enter: com.crypto.exchange.web.controller.CryptoCurrencyController.getAllCryptos() with argument(s) = []
2026-09-15 17:20:48.319 [http-nio-8080-exec-2] INFO  c.c.e.core.aspect.LoggingAspect - Exit: com.crypto.exchange.web.controller.CryptoCurrencyController.getAllCryptos() executed in 5 ms with result = <200 OK OK,[CryptoCurrencyResponseDto[id=4, symbol=USDT, name=Tether, priceUsd=0.9995, updatedAt=2026-09-15T13:17:08.314120Z], CryptoCurrencyResponseDto[id=2, symbol=BTC, name=Bitcoin, priceUsd=76416.1800, updatedAt=2026-09-15T14:17:05.468848Z], CryptoCurrencyResponseDto[id=3, symbol=ETH, name=Ethereum, priceUsd=2449.4600, updatedAt=2026-09-15T14:17:05.468848Z], CryptoCurrencyResponseDto[id=5, symbol=BNB, name=Binance Coin, priceUsd=719.4700, updatedAt=2026-09-15T14:17:05.468848Z], CryptoCurrencyResponseDto[id=6, symbol=XRP, name=XRP, priceUsd=1.4100, updatedAt=2026-09-15T14:17:05.468848Z], CryptoCurrencyResponseDto[id=7, symbol=SOL, name=Solana, priceUsd=100.3900, updatedAt=2026-09-15T14:17:05.468848Z], CryptoCurrencyResponseDto[id=8, symbol=DOGE, name=Dogecoin, priceUsd=0.0826, updatedAt=2026-09-15T14:17:05.468848Z], CryptoCurrencyResponseDto[id=9, symbol=ADA, name=Cardano, priceUsd=0.2047, updatedAt=2026-09-15T14:17:05.468848Z]],[]>
2026-09-15 17:22:04.575 [scheduling-1] INFO  c.c.e.core.aspect.LoggingAspect - Enter: com.crypto.exchange.core.service.CryptoInitializerService.scheduledPriceUpdate() with argument(s) = []
2026-09-15 17:22:04.575 [scheduling-1] INFO  c.c.e.c.s.CryptoInitializerService - Starting crypto price synchronization...
2026-09-15 17:22:04.850 [scheduling-1] INFO  c.c.e.c.s.CryptoInitializerService - Success! Updated and mapped 8 cryptocurrencies with CoinLore IDs
2026-09-15 17:22:04.850 [scheduling-1] INFO  c.c.e.core.aspect.LoggingAspect - Exit: com.crypto.exchange.core.service.CryptoInitializerService.scheduledPriceUpdate() executed in 275 ms with result = null
2026-09-15 17:22:41.229 [http-nio-8080-exec-4] INFO  c.c.e.core.aspect.LoggingAspect - Enter: com.crypto.exchange.web.controller.CryptoCurrencyController.getCryptoById() with argument(s) = [4]
2026-09-15 17:22:41.229 [http-nio-8080-exec-4] INFO  c.c.e.core.aspect.LoggingAspect - Enter: com.crypto.exchange.core.service.CryptoService.getCryptoById() with argument(s) = [4]
2026-09-15 17:22:41.229 [http-nio-8080-exec-4] INFO  c.c.e.core.aspect.LoggingAspect - Exit: com.crypto.exchange.core.service.CryptoService.getCryptoById() executed in 0 ms with result = CryptoCurrencyResponseDto[id=4, symbol=USDT, name=Tether, priceUsd=0.9995, updatedAt=2026-09-15T13:17:08.314120Z]
2026-09-15 17:22:41.236 [http-nio-8080-exec-4] INFO  c.c.e.core.aspect.LoggingAspect - Exit: com.crypto.exchange.web.controller.CryptoCurrencyController.getCryptoById() executed in 7 ms with result = <200 OK OK,CryptoCurrencyResponseDto[id=4, symbol=USDT, name=Tether, priceUsd=0.9995, updatedAt=2026-09-15T13:17:08.314120Z],[]>
2026-09-15 17:27:04.578 [scheduling-1] INFO  c.c.e.core.aspect.LoggingAspect - Enter: com.crypto.exchange.core.service.CryptoInitializerService.scheduledPriceUpdate() with argument(s) = []
2026-09-15 17:27:04.578 [scheduling-1] INFO  c.c.e.c.s.CryptoInitializerService - Starting crypto price synchronization...
2026-09-15 17:27:04.845 [scheduling-1] INFO  c.c.e.c.s.CryptoInitializerService - Success! Updated and mapped 8 cryptocurrencies with CoinLore IDs
2026-09-15 17:27:04.845 [scheduling-1] INFO  c.c.e.core.aspect.LoggingAspect - Exit: com.crypto.exchange.core.service.CryptoInitializerService.scheduledPriceUpdate() executed in 267 ms with result = null
2026-09-15 19:00:06.052 [SpringApplicationShutdownHook] INFO  o.s.o.j.LocalContainerEntityManagerFactoryBean - Closing JPA EntityManagerFactory for persistence unit 'default'
2026-09-15 19:00:06.055 [SpringApplicationShutdownHook] INFO  com.zaxxer.hikari.HikariDataSource - HikariPool-1 - Shutdown initiated...
2026-09-15 19:00:06.060 [SpringApplicationShutdownHook] INFO  com.zaxxer.hikari.HikariDataSource - HikariPool-1 - Shutdown completed.
2026-09-15 19:21:42.407 [background-preinit] INFO  o.h.validator.internal.util.Version - HV000001: Hibernate Validator 8.0.1.Final
2026-09-15 19:21:42.460 [restartedMain] INFO  c.c.exchange.ExchangeApplication - Starting ExchangeApplication using Java 23.0.2 with PID 21144 (E:\bsuirapp\exchange\target\classes started by AxlLN in E:\bsuirapp\exchange)
2026-09-15 19:21:42.460 [restartedMain] DEBUG c.c.exchange.ExchangeApplication - Running with Spring Boot v3.2.5, Spring v6.1.6
2026-09-15 19:21:42.460 [restartedMain] INFO  c.c.exchange.ExchangeApplication - No active profile set, falling back to 1 default profile: "default"
2026-09-15 19:21:42.540 [restartedMain] INFO  o.s.b.d.e.DevToolsPropertyDefaultsPostProcessor - Devtools property defaults active! Set 'spring.devtools.add-properties' to 'false' to disable
2026-09-15 19:21:42.540 [restartedMain] INFO  o.s.b.d.e.DevToolsPropertyDefaultsPostProcessor - For additional web related logging consider setting the 'logging.level.web' property to 'DEBUG'
2026-09-15 19:21:43.728 [restartedMain] INFO  o.s.d.r.c.RepositoryConfigurationDelegate - Bootstrapping Spring Data JPA repositories in DEFAULT mode.
2026-09-15 19:21:43.824 [restartedMain] INFO  o.s.d.r.c.RepositoryConfigurationDelegate - Finished Spring Data repository scanning in 87 ms. Found 6 JPA repository interfaces.
2026-09-15 19:21:44.245 [restartedMain] WARN  o.s.c.s.PostProcessorRegistrationDelegate$BeanPostProcessorChecker - Bean 'org.springframework.ws.config.annotation.DelegatingWsConfiguration' of type [org.springframework.ws.config.annotation.DelegatingWsConfiguration$$SpringCGLIB$$0] is not eligible for getting processed by all BeanPostProcessors (for example: not eligible for auto-proxying). The currently created BeanPostProcessor [annotationActionEndpointMapping] is declared through a non-static factory method on that class; consider declaring it as static instead.
2026-09-15 19:21:44.270 [restartedMain] INFO  o.s.w.s.a.s.AnnotationActionEndpointMapping - Supporting [WS-Addressing August 2004, WS-Addressing 1.0]
2026-09-15 19:21:44.825 [restartedMain] INFO  o.s.b.w.e.tomcat.TomcatWebServer - Tomcat initialized with port 8080 (http)
2026-09-15 19:21:44.842 [restartedMain] INFO  o.a.coyote.http11.Http11NioProtocol - Initializing ProtocolHandler ["http-nio-8080"]
2026-09-15 19:21:44.842 [restartedMain] INFO  o.a.catalina.core.StandardService - Starting service [Tomcat]
2026-09-15 19:21:44.842 [restartedMain] INFO  o.a.catalina.core.StandardEngine - Starting Servlet engine: [Apache Tomcat/10.1.20]
2026-09-15 19:21:44.905 [restartedMain] INFO  o.a.c.c.C.[Tomcat].[localhost].[/] - Initializing Spring embedded WebApplicationContext
2026-09-15 19:21:44.905 [restartedMain] INFO  o.s.b.w.s.c.ServletWebServerApplicationContext - Root WebApplicationContext: initialization completed in 2365 ms
2026-09-15 19:21:44.997 [restartedMain] DEBUG c.c.e.w.s.JwtAuthenticationFilter - Filter 'jwtAuthenticationFilter' configured for use
2026-09-15 19:21:45.154 [restartedMain] INFO  o.h.jpa.internal.util.LogHelper - HHH000204: Processing PersistenceUnitInfo [name: default]
2026-09-15 19:21:45.210 [restartedMain] INFO  org.hibernate.Version - HHH000412: Hibernate ORM core version 6.4.4.Final
2026-09-15 19:21:45.243 [restartedMain] INFO  o.h.c.i.RegionFactoryInitiator - HHH000026: Second-level cache disabled
2026-09-15 19:21:45.492 [restartedMain] INFO  o.s.o.j.p.SpringPersistenceUnitInfo - No LoadTimeWeaver setup: ignoring JPA class transformer
2026-09-15 19:21:45.522 [restartedMain] INFO  com.zaxxer.hikari.HikariDataSource - HikariPool-1 - Starting...
2026-09-15 19:21:45.928 [restartedMain] INFO  com.zaxxer.hikari.pool.HikariPool - HikariPool-1 - Added connection org.postgresql.jdbc.PgConnection@47ec1c6b
2026-09-15 19:21:45.928 [restartedMain] INFO  com.zaxxer.hikari.HikariDataSource - HikariPool-1 - Start completed.
2026-09-15 19:21:47.327 [restartedMain] INFO  o.h.e.t.j.p.i.JtaPlatformInitiator - HHH000489: No JTA platform available (set 'hibernate.transaction.jta.platform' to enable JTA platform integration)
2026-09-15 19:21:47.577 [restartedMain] INFO  o.s.o.j.LocalContainerEntityManagerFactoryBean - Initialized JPA EntityManagerFactory for persistence unit 'default'
2026-09-15 19:21:47.892 [restartedMain] INFO  o.s.d.j.r.query.QueryEnhancerFactory - Hibernate is in classpath; If applicable, HQL parser will be used.
2026-09-15 19:21:48.841 [restartedMain] WARN  o.s.b.a.o.j.JpaBaseConfiguration$JpaWebConfiguration - spring.jpa.open-in-view is enabled by default. Therefore, database queries may be performed during view rendering. Explicitly configure spring.jpa.open-in-view to disable this warning
2026-09-15 19:21:49.161 [restartedMain] INFO  o.s.s.web.DefaultSecurityFilterChain - Will secure any request with [org.springframework.security.web.session.DisableEncodeUrlFilter@67cfe37c, org.springframework.security.web.context.request.async.WebAsyncManagerIntegrationFilter@200fcc87, org.springframework.security.web.context.SecurityContextHolderFilter@26564abf, org.springframework.security.web.header.HeaderWriterFilter@b47313e, org.springframework.web.filter.CorsFilter@2d6867a2, org.springframework.security.web.authentication.logout.LogoutFilter@40c5b57f, com.crypto.exchange.web.security.JwtAuthenticationFilter@707d3a5, org.springframework.security.web.savedrequest.RequestCacheAwareFilter@5cf88260, org.springframework.security.web.servletapi.SecurityContextHolderAwareRequestFilter@fea3c80, org.springframework.security.web.authentication.AnonymousAuthenticationFilter@62a5719c, org.springframework.security.web.session.SessionManagementFilter@789079d7, org.springframework.security.web.access.ExceptionTranslationFilter@4903cb51, org.springframework.security.web.access.intercept.AuthorizationFilter@532294a6]
2026-09-15 19:21:49.626 [restartedMain] INFO  o.s.b.d.a.OptionalLiveReloadServer - LiveReload server is running on port 35729
2026-09-15 19:21:49.645 [restartedMain] INFO  o.a.coyote.http11.Http11NioProtocol - Starting ProtocolHandler ["http-nio-8080"]
2026-09-15 19:21:49.664 [restartedMain] INFO  o.s.b.w.e.tomcat.TomcatWebServer - Tomcat started on port 8080 (http) with context path ''
2026-09-15 19:21:49.681 [restartedMain] INFO  c.c.exchange.ExchangeApplication - Started ExchangeApplication in 7.792 seconds (process running for 8.335)
2026-09-15 19:21:49.690 [scheduling-1] INFO  c.c.e.core.aspect.LoggingAspect - Enter: com.crypto.exchange.core.service.CryptoInitializerService.scheduledPriceUpdate() with argument(s) = []
2026-09-15 19:21:49.690 [scheduling-1] INFO  c.c.e.c.s.CryptoInitializerService - Starting crypto price synchronization...
2026-09-15 19:21:50.835 [scheduling-1] INFO  c.c.e.c.s.CryptoInitializerService - Success! Updated and mapped 8 cryptocurrencies with CoinLore IDs
2026-09-15 19:21:50.835 [scheduling-1] INFO  c.c.e.core.aspect.LoggingAspect - Exit: com.crypto.exchange.core.service.CryptoInitializerService.scheduledPriceUpdate() executed in 1145 ms with result = null
2026-09-15 19:22:37.487 [http-nio-8080-exec-1] INFO  o.a.c.c.C.[Tomcat].[localhost].[/] - Initializing Spring DispatcherServlet 'dispatcherServlet'
2026-09-15 19:22:37.487 [http-nio-8080-exec-1] INFO  o.s.web.servlet.DispatcherServlet - Initializing Servlet 'dispatcherServlet'
2026-09-15 19:22:37.487 [http-nio-8080-exec-1] INFO  o.s.web.servlet.DispatcherServlet - Completed initialization in 0 ms
2026-09-15 19:22:39.408 [http-nio-8080-exec-4] INFO  o.s.api.AbstractOpenApiResource - Init duration for springdoc-openapi is: 1446 ms
2026-09-15 19:23:06.826 [http-nio-8080-exec-3] INFO  c.c.e.core.aspect.LoggingAspect - Enter: com.crypto.exchange.web.controller.AuthController.login() with argument(s) = [LoginRequest[usernameOrEmail=example, password=password]]
2026-09-15 19:23:06.826 [http-nio-8080-exec-3] INFO  c.c.e.core.aspect.LoggingAspect - Enter: com.crypto.exchange.core.service.AuthService.login() with argument(s) = [LoginRequest[usernameOrEmail=example, password=password]]
2026-09-15 19:23:07.672 [http-nio-8080-exec-3] INFO  c.c.e.core.aspect.LoggingAspect - Exit: com.crypto.exchange.core.service.AuthService.login() executed in 846 ms with result = AuthResponseDto[token=eyJhbGciOiJIUzUxMiJ9.eyJzdWIiOiJleGFtcGxlIiwiaWQiOjEsInJvbGUiOiJST0xFX0FETUlOIiwiaWF0IjoxNzg5NDg5Mzg3LCJleHAiOjE3ODk1NzU3ODd9.w-yHE1HppgoDFEfuuJGzq3XFIAekD0tNeUSiNOJ6F7uevPx7-9c829CHvrktBxHP1b_7iE0IAD4XwxhzEIeLZw, tokenType=Bearer, user=UserResponseDto[id=1, username=example, email=example@example.com, role=ROLE_ADMIN, createdAt=2026-09-15T10:54:41.216510Z]]
2026-09-15 19:23:07.698 [http-nio-8080-exec-3] INFO  c.c.e.core.aspect.LoggingAspect - Exit: com.crypto.exchange.web.controller.AuthController.login() executed in 872 ms with result = <200 OK OK,AuthResponseDto[token=eyJhbGciOiJIUzUxMiJ9.eyJzdWIiOiJleGFtcGxlIiwiaWQiOjEsInJvbGUiOiJST0xFX0FETUlOIiwiaWF0IjoxNzg5NDg5Mzg3LCJleHAiOjE3ODk1NzU3ODd9.w-yHE1HppgoDFEfuuJGzq3XFIAekD0tNeUSiNOJ6F7uevPx7-9c829CHvrktBxHP1b_7iE0IAD4XwxhzEIeLZw, tokenType=Bearer, user=UserResponseDto[id=1, username=example, email=example@example.com, role=ROLE_ADMIN, createdAt=2026-09-15T10:54:41.216510Z]],[]>
2026-09-15 19:26:49.687 [scheduling-1] INFO  c.c.e.core.aspect.LoggingAspect - Enter: com.crypto.exchange.core.service.CryptoInitializerService.scheduledPriceUpdate() with argument(s) = []
2026-09-15 19:26:49.687 [scheduling-1] INFO  c.c.e.c.s.CryptoInitializerService - Starting crypto price synchronization...
2026-09-15 19:26:49.909 [scheduling-1] INFO  c.c.e.c.s.CryptoInitializerService - Success! Updated and mapped 8 cryptocurrencies with CoinLore IDs
2026-09-15 19:26:49.909 [scheduling-1] INFO  c.c.e.core.aspect.LoggingAspect - Exit: com.crypto.exchange.core.service.CryptoInitializerService.scheduledPriceUpdate() executed in 222 ms with result = null
2026-09-15 19:31:49.693 [scheduling-1] INFO  c.c.e.core.aspect.LoggingAspect - Enter: com.crypto.exchange.core.service.CryptoInitializerService.scheduledPriceUpdate() with argument(s) = []
2026-09-15 19:31:49.693 [scheduling-1] INFO  c.c.e.c.s.CryptoInitializerService - Starting crypto price synchronization...
2026-09-15 19:31:49.984 [scheduling-1] INFO  c.c.e.c.s.CryptoInitializerService - Success! Updated and mapped 8 cryptocurrencies with CoinLore IDs
2026-09-15 19:31:49.984 [scheduling-1] INFO  c.c.e.core.aspect.LoggingAspect - Exit: com.crypto.exchange.core.service.CryptoInitializerService.scheduledPriceUpdate() executed in 291 ms with result = null
2026-09-15 19:32:25.357 [http-nio-8080-exec-7] INFO  c.c.e.core.aspect.LoggingAspect - Enter: com.crypto.exchange.web.controller.WalletController.getMyWallets() with argument(s) = [com.crypto.exchange.web.security.UserPrincipal@1dad2e1e]
2026-09-15 19:32:25.357 [http-nio-8080-exec-7] INFO  c.c.e.core.aspect.LoggingAspect - Enter: com.crypto.exchange.core.service.implementation.WalletServiceImpl.getUserWallets() with argument(s) = [1]
2026-09-15 19:32:25.435 [http-nio-8080-exec-7] INFO  c.c.e.core.aspect.LoggingAspect - Exit: com.crypto.exchange.core.service.implementation.WalletServiceImpl.getUserWallets() executed in 78 ms with result = [WalletResponseDto[id=1, name=wallet1, isDefault=true, balances=[WalletBalanceResponseDto[id=5, symbol=XRP, cryptoName=XRP, amount=0E-8, currentPriceUsd=1.3900, totalValueUsd=0E-12], WalletBalanceResponseDto[id=6, symbol=ETH, cryptoName=Ethereum, amount=0E-8, currentPriceUsd=2419.5000, totalValueUsd=0E-12], WalletBalanceResponseDto[id=2, symbol=SOL, cryptoName=Solana, amount=0E-8, currentPriceUsd=99.1700, totalValueUsd=0E-12], WalletBalanceResponseDto[id=8, symbol=BNB, cryptoName=Binance Coin, amount=0E-8, currentPriceUsd=718.0200, totalValueUsd=0E-12], WalletBalanceResponseDto[id=4, symbol=DOGE, cryptoName=Dogecoin, amount=0E-8, currentPriceUsd=0.0816, totalValueUsd=0E-12], WalletBalanceResponseDto[id=7, symbol=ADA, cryptoName=Cardano, amount=0E-8, currentPriceUsd=0.2020, totalValueUsd=0E-12], WalletBalanceResponseDto[id=1, symbol=USDT, cryptoName=Tether, amount=10.00000000, currentPriceUsd=1.0000, totalValueUsd=10.000000000000], WalletBalanceResponseDto[id=3, symbol=BTC, cryptoName=Bitcoin, amount=20.00000000, currentPriceUsd=76410.5200, totalValueUsd=1528210.400000000000]]]]
2026-09-15 19:32:25.444 [http-nio-8080-exec-7] INFO  c.c.e.core.aspect.LoggingAspect - Exit: com.crypto.exchange.web.controller.WalletController.getMyWallets() executed in 87 ms with result = <200 OK OK,[WalletResponseDto[id=1, name=wallet1, isDefault=true, balances=[WalletBalanceResponseDto[id=5, symbol=XRP, cryptoName=XRP, amount=0E-8, currentPriceUsd=1.3900, totalValueUsd=0E-12], WalletBalanceResponseDto[id=6, symbol=ETH, cryptoName=Ethereum, amount=0E-8, currentPriceUsd=2419.5000, totalValueUsd=0E-12], WalletBalanceResponseDto[id=2, symbol=SOL, cryptoName=Solana, amount=0E-8, currentPriceUsd=99.1700, totalValueUsd=0E-12], WalletBalanceResponseDto[id=8, symbol=BNB, cryptoName=Binance Coin, amount=0E-8, currentPriceUsd=718.0200, totalValueUsd=0E-12], WalletBalanceResponseDto[id=4, symbol=DOGE, cryptoName=Dogecoin, amount=0E-8, currentPriceUsd=0.0816, totalValueUsd=0E-12], WalletBalanceResponseDto[id=7, symbol=ADA, cryptoName=Cardano, amount=0E-8, currentPriceUsd=0.2020, totalValueUsd=0E-12], WalletBalanceResponseDto[id=1, symbol=USDT, cryptoName=Tether, amount=10.00000000, currentPriceUsd=1.0000, totalValueUsd=10.000000000000], WalletBalanceResponseDto[id=3, symbol=BTC, cryptoName=Bitcoin, amount=20.00000000, currentPriceUsd=76410.5200, totalValueUsd=1528210.400000000000]]]],[]>
2026-09-15 19:32:56.611 [http-nio-8080-exec-9] INFO  c.c.e.core.aspect.LoggingAspect - Enter: com.crypto.exchange.web.controller.WalletController.deposit() with argument(s) = [com.crypto.exchange.web.security.UserPrincipal@10fd4380, 1, BalanceOperationRequestDto[cryptoId=2, amount=5]]
2026-09-15 19:32:56.611 [http-nio-8080-exec-9] INFO  c.c.e.core.aspect.LoggingAspect - Enter: com.crypto.exchange.core.service.implementation.WalletServiceImpl.deposit() with argument(s) = [1, 1, BalanceOperationRequestDto[cryptoId=2, amount=5]]
2026-09-15 19:32:56.730 [http-nio-8080-exec-9] INFO  c.c.e.core.aspect.LoggingAspect - Exit: com.crypto.exchange.core.service.implementation.WalletServiceImpl.deposit() executed in 119 ms with result = WalletResponseDto[id=1, name=wallet1, isDefault=true, balances=[WalletBalanceResponseDto[id=2, symbol=SOL, cryptoName=Solana, amount=0E-8, currentPriceUsd=99.1700, totalValueUsd=0E-12], WalletBalanceResponseDto[id=7, symbol=ADA, cryptoName=Cardano, amount=0E-8, currentPriceUsd=0.2020, totalValueUsd=0E-12], WalletBalanceResponseDto[id=5, symbol=XRP, cryptoName=XRP, amount=0E-8, currentPriceUsd=1.3900, totalValueUsd=0E-12], WalletBalanceResponseDto[id=4, symbol=DOGE, cryptoName=Dogecoin, amount=0E-8, currentPriceUsd=0.0816, totalValueUsd=0E-12], WalletBalanceResponseDto[id=6, symbol=ETH, cryptoName=Ethereum, amount=0E-8, currentPriceUsd=2419.5000, totalValueUsd=0E-12], WalletBalanceResponseDto[id=1, symbol=USDT, cryptoName=Tether, amount=10.00000000, currentPriceUsd=1.0000, totalValueUsd=10.000000000000], WalletBalanceResponseDto[id=3, symbol=BTC, cryptoName=Bitcoin, amount=25.00000000, currentPriceUsd=76410.5200, totalValueUsd=1910263.000000000000], WalletBalanceResponseDto[id=8, symbol=BNB, cryptoName=Binance Coin, amount=0E-8, currentPriceUsd=718.0200, totalValueUsd=0E-12]]]
2026-09-15 19:32:56.739 [http-nio-8080-exec-9] INFO  c.c.e.core.aspect.LoggingAspect - Exit: com.crypto.exchange.web.controller.WalletController.deposit() executed in 128 ms with result = <200 OK OK,WalletResponseDto[id=1, name=wallet1, isDefault=true, balances=[WalletBalanceResponseDto[id=2, symbol=SOL, cryptoName=Solana, amount=0E-8, currentPriceUsd=99.1700, totalValueUsd=0E-12], WalletBalanceResponseDto[id=7, symbol=ADA, cryptoName=Cardano, amount=0E-8, currentPriceUsd=0.2020, totalValueUsd=0E-12], WalletBalanceResponseDto[id=5, symbol=XRP, cryptoName=XRP, amount=0E-8, currentPriceUsd=1.3900, totalValueUsd=0E-12], WalletBalanceResponseDto[id=4, symbol=DOGE, cryptoName=Dogecoin, amount=0E-8, currentPriceUsd=0.0816, totalValueUsd=0E-12], WalletBalanceResponseDto[id=6, symbol=ETH, cryptoName=Ethereum, amount=0E-8, currentPriceUsd=2419.5000, totalValueUsd=0E-12], WalletBalanceResponseDto[id=1, symbol=USDT, cryptoName=Tether, amount=10.00000000, currentPriceUsd=1.0000, totalValueUsd=10.000000000000], WalletBalanceResponseDto[id=3, symbol=BTC, cryptoName=Bitcoin, amount=25.00000000, currentPriceUsd=76410.5200, totalValueUsd=1910263.000000000000], WalletBalanceResponseDto[id=8, symbol=BNB, cryptoName=Binance Coin, amount=0E-8, currentPriceUsd=718.0200, totalValueUsd=0E-12]]],[]>
2026-09-15 19:32:58.488 [http-nio-8080-exec-8] INFO  c.c.e.core.aspect.LoggingAspect - Enter: com.crypto.exchange.web.controller.WalletController.deposit() with argument(s) = [com.crypto.exchange.web.security.UserPrincipal@3785f37b, 1, BalanceOperationRequestDto[cryptoId=2, amount=5]]
2026-09-15 19:32:58.489 [http-nio-8080-exec-8] INFO  c.c.e.core.aspect.LoggingAspect - Enter: com.crypto.exchange.core.service.implementation.WalletServiceImpl.deposit() with argument(s) = [1, 1, BalanceOperationRequestDto[cryptoId=2, amount=5]]
2026-09-15 19:32:58.520 [http-nio-8080-exec-8] INFO  c.c.e.core.aspect.LoggingAspect - Exit: com.crypto.exchange.core.service.implementation.WalletServiceImpl.deposit() executed in 31 ms with result = WalletResponseDto[id=1, name=wallet1, isDefault=true, balances=[WalletBalanceResponseDto[id=6, symbol=ETH, cryptoName=Ethereum, amount=0E-8, currentPriceUsd=2419.5000, totalValueUsd=0E-12], WalletBalanceResponseDto[id=1, symbol=USDT, cryptoName=Tether, amount=10.00000000, currentPriceUsd=1.0000, totalValueUsd=10.000000000000], WalletBalanceResponseDto[id=5, symbol=XRP, cryptoName=XRP, amount=0E-8, currentPriceUsd=1.3900, totalValueUsd=0E-12], WalletBalanceResponseDto[id=4, symbol=DOGE, cryptoName=Dogecoin, amount=0E-8, currentPriceUsd=0.0816, totalValueUsd=0E-12], WalletBalanceResponseDto[id=2, symbol=SOL, cryptoName=Solana, amount=0E-8, currentPriceUsd=99.1700, totalValueUsd=0E-12], WalletBalanceResponseDto[id=8, symbol=BNB, cryptoName=Binance Coin, amount=0E-8, currentPriceUsd=718.0200, totalValueUsd=0E-12], WalletBalanceResponseDto[id=3, symbol=BTC, cryptoName=Bitcoin, amount=30.00000000, currentPriceUsd=76410.5200, totalValueUsd=2292315.600000000000], WalletBalanceResponseDto[id=7, symbol=ADA, cryptoName=Cardano, amount=0E-8, currentPriceUsd=0.2020, totalValueUsd=0E-12]]]
2026-09-15 19:32:58.529 [http-nio-8080-exec-8] INFO  c.c.e.core.aspect.LoggingAspect - Exit: com.crypto.exchange.web.controller.WalletController.deposit() executed in 41 ms with result = <200 OK OK,WalletResponseDto[id=1, name=wallet1, isDefault=true, balances=[WalletBalanceResponseDto[id=6, symbol=ETH, cryptoName=Ethereum, amount=0E-8, currentPriceUsd=2419.5000, totalValueUsd=0E-12], WalletBalanceResponseDto[id=1, symbol=USDT, cryptoName=Tether, amount=10.00000000, currentPriceUsd=1.0000, totalValueUsd=10.000000000000], WalletBalanceResponseDto[id=5, symbol=XRP, cryptoName=XRP, amount=0E-8, currentPriceUsd=1.3900, totalValueUsd=0E-12], WalletBalanceResponseDto[id=4, symbol=DOGE, cryptoName=Dogecoin, amount=0E-8, currentPriceUsd=0.0816, totalValueUsd=0E-12], WalletBalanceResponseDto[id=2, symbol=SOL, cryptoName=Solana, amount=0E-8, currentPriceUsd=99.1700, totalValueUsd=0E-12], WalletBalanceResponseDto[id=8, symbol=BNB, cryptoName=Binance Coin, amount=0E-8, currentPriceUsd=718.0200, totalValueUsd=0E-12], WalletBalanceResponseDto[id=3, symbol=BTC, cryptoName=Bitcoin, amount=30.00000000, currentPriceUsd=76410.5200, totalValueUsd=2292315.600000000000], WalletBalanceResponseDto[id=7, symbol=ADA, cryptoName=Cardano, amount=0E-8, currentPriceUsd=0.2020, totalValueUsd=0E-12]]],[]>
2026-09-15 19:36:49.688 [scheduling-1] INFO  c.c.e.core.aspect.LoggingAspect - Enter: com.crypto.exchange.core.service.CryptoInitializerService.scheduledPriceUpdate() with argument(s) = []
2026-09-15 19:36:49.688 [scheduling-1] INFO  c.c.e.c.s.CryptoInitializerService - Starting crypto price synchronization...
2026-09-15 19:36:49.900 [scheduling-1] INFO  c.c.e.c.s.CryptoInitializerService - Success! Updated and mapped 8 cryptocurrencies with CoinLore IDs
2026-09-15 19:36:49.900 [scheduling-1] INFO  c.c.e.core.aspect.LoggingAspect - Exit: com.crypto.exchange.core.service.CryptoInitializerService.scheduledPriceUpdate() executed in 212 ms with result = null
2026-09-15 19:41:49.689 [scheduling-1] INFO  c.c.e.core.aspect.LoggingAspect - Enter: com.crypto.exchange.core.service.CryptoInitializerService.scheduledPriceUpdate() with argument(s) = []
2026-09-15 19:41:49.689 [scheduling-1] INFO  c.c.e.c.s.CryptoInitializerService - Starting crypto price synchronization...
2026-09-15 19:41:50.003 [scheduling-1] INFO  c.c.e.c.s.CryptoInitializerService - Success! Updated and mapped 8 cryptocurrencies with CoinLore IDs
2026-09-15 19:41:50.003 [scheduling-1] INFO  c.c.e.core.aspect.LoggingAspect - Exit: com.crypto.exchange.core.service.CryptoInitializerService.scheduledPriceUpdate() executed in 314 ms with result = null
2026-09-15 19:46:49.698 [scheduling-1] INFO  c.c.e.core.aspect.LoggingAspect - Enter: com.crypto.exchange.core.service.CryptoInitializerService.scheduledPriceUpdate() with argument(s) = []
2026-09-15 19:46:49.699 [scheduling-1] INFO  c.c.e.c.s.CryptoInitializerService - Starting crypto price synchronization...
2026-09-15 19:46:54.711 [scheduling-1] ERROR c.c.e.i.c.client.CoinLoreApiClient - Crypto API Error: I/O error on GET request for "https://api.coinlore.net/api/tickers/": Connect timed out
2026-09-15 19:46:54.713 [scheduling-1] INFO  c.c.e.core.aspect.LoggingAspect - Exit: com.crypto.exchange.core.service.CryptoInitializerService.scheduledPriceUpdate() executed in 5014 ms with result = null
2026-09-15 19:51:49.697 [scheduling-1] INFO  c.c.e.core.aspect.LoggingAspect - Enter: com.crypto.exchange.core.service.CryptoInitializerService.scheduledPriceUpdate() with argument(s) = []
2026-09-15 19:51:49.698 [scheduling-1] INFO  c.c.e.c.s.CryptoInitializerService - Starting crypto price synchronization...
2026-09-15 19:51:49.700 [scheduling-1] ERROR c.c.e.i.c.client.CoinLoreApiClient - Crypto API Error: I/O error on GET request for "https://api.coinlore.net/api/tickers/": api.coinlore.net
2026-09-15 19:51:49.701 [scheduling-1] INFO  c.c.e.core.aspect.LoggingAspect - Exit: com.crypto.exchange.core.service.CryptoInitializerService.scheduledPriceUpdate() executed in 3 ms with result = null
2026-09-15 19:56:49.683 [scheduling-1] INFO  c.c.e.core.aspect.LoggingAspect - Enter: com.crypto.exchange.core.service.CryptoInitializerService.scheduledPriceUpdate() with argument(s) = []
2026-09-15 19:56:49.684 [scheduling-1] INFO  c.c.e.c.s.CryptoInitializerService - Starting crypto price synchronization...
2026-09-15 19:56:49.686 [scheduling-1] ERROR c.c.e.i.c.client.CoinLoreApiClient - Crypto API Error: I/O error on GET request for "https://api.coinlore.net/api/tickers/": api.coinlore.net
2026-09-15 19:56:49.687 [scheduling-1] INFO  c.c.e.core.aspect.LoggingAspect - Exit: com.crypto.exchange.core.service.CryptoInitializerService.scheduledPriceUpdate() executed in 3 ms with result = null
2026-09-15 20:01:49.686 [scheduling-1] INFO  c.c.e.core.aspect.LoggingAspect - Enter: com.crypto.exchange.core.service.CryptoInitializerService.scheduledPriceUpdate() with argument(s) = []
2026-09-15 20:01:49.687 [scheduling-1] INFO  c.c.e.c.s.CryptoInitializerService - Starting crypto price synchronization...
2026-09-15 20:01:49.688 [scheduling-1] ERROR c.c.e.i.c.client.CoinLoreApiClient - Crypto API Error: I/O error on GET request for "https://api.coinlore.net/api/tickers/": api.coinlore.net
2026-09-15 20:01:49.688 [scheduling-1] INFO  c.c.e.core.aspect.LoggingAspect - Exit: com.crypto.exchange.core.service.CryptoInitializerService.scheduledPriceUpdate() executed in 2 ms with result = null
2026-09-15 20:06:49.685 [scheduling-1] INFO  c.c.e.core.aspect.LoggingAspect - Enter: com.crypto.exchange.core.service.CryptoInitializerService.scheduledPriceUpdate() with argument(s) = []
2026-09-15 20:06:49.685 [scheduling-1] INFO  c.c.e.c.s.CryptoInitializerService - Starting crypto price synchronization...
2026-09-15 20:06:49.689 [scheduling-1] ERROR c.c.e.i.c.client.CoinLoreApiClient - Crypto API Error: I/O error on GET request for "https://api.coinlore.net/api/tickers/": api.coinlore.net
2026-09-15 20:06:49.689 [scheduling-1] INFO  c.c.e.core.aspect.LoggingAspect - Exit: com.crypto.exchange.core.service.CryptoInitializerService.scheduledPriceUpdate() executed in 4 ms with result = null
2026-09-15 20:11:49.695 [scheduling-1] INFO  c.c.e.core.aspect.LoggingAspect - Enter: com.crypto.exchange.core.service.CryptoInitializerService.scheduledPriceUpdate() with argument(s) = []
2026-09-15 20:11:49.695 [scheduling-1] INFO  c.c.e.c.s.CryptoInitializerService - Starting crypto price synchronization...
2026-09-15 20:11:49.697 [scheduling-1] ERROR c.c.e.i.c.client.CoinLoreApiClient - Crypto API Error: I/O error on GET request for "https://api.coinlore.net/api/tickers/": api.coinlore.net
2026-09-15 20:11:49.697 [scheduling-1] INFO  c.c.e.core.aspect.LoggingAspect - Exit: com.crypto.exchange.core.service.CryptoInitializerService.scheduledPriceUpdate() executed in 2 ms with result = null
2026-09-15 20:11:52.405 [SpringApplicationShutdownHook] INFO  o.s.o.j.LocalContainerEntityManagerFactoryBean - Closing JPA EntityManagerFactory for persistence unit 'default'
2026-09-15 20:11:52.409 [SpringApplicationShutdownHook] INFO  com.zaxxer.hikari.HikariDataSource - HikariPool-1 - Shutdown initiated...
2026-09-15 20:11:52.414 [SpringApplicationShutdownHook] INFO  com.zaxxer.hikari.HikariDataSource - HikariPool-1 - Shutdown completed.
2026-09-15 20:18:09.434 [background-preinit] INFO  o.h.validator.internal.util.Version - HV000001: Hibernate Validator 8.0.1.Final
2026-09-15 20:18:09.473 [restartedMain] INFO  c.c.exchange.ExchangeApplication - Starting ExchangeApplication using Java 23.0.2 with PID 14828 (E:\bsuirapp\exchange\target\classes started by AxlLN in E:\bsuirapp\exchange)
2026-09-15 20:18:09.474 [restartedMain] DEBUG c.c.exchange.ExchangeApplication - Running with Spring Boot v3.2.5, Spring v6.1.6
2026-09-15 20:18:09.474 [restartedMain] INFO  c.c.exchange.ExchangeApplication - No active profile set, falling back to 1 default profile: "default"
2026-09-15 20:18:09.544 [restartedMain] INFO  o.s.b.d.e.DevToolsPropertyDefaultsPostProcessor - Devtools property defaults active! Set 'spring.devtools.add-properties' to 'false' to disable
2026-09-15 20:18:09.544 [restartedMain] INFO  o.s.b.d.e.DevToolsPropertyDefaultsPostProcessor - For additional web related logging consider setting the 'logging.level.web' property to 'DEBUG'
2026-09-15 20:18:10.443 [restartedMain] INFO  o.s.d.r.c.RepositoryConfigurationDelegate - Bootstrapping Spring Data JPA repositories in DEFAULT mode.
2026-09-15 20:18:10.504 [restartedMain] INFO  o.s.d.r.c.RepositoryConfigurationDelegate - Finished Spring Data repository scanning in 55 ms. Found 6 JPA repository interfaces.
2026-09-15 20:18:10.823 [restartedMain] WARN  o.s.c.s.PostProcessorRegistrationDelegate$BeanPostProcessorChecker - Bean 'org.springframework.ws.config.annotation.DelegatingWsConfiguration' of type [org.springframework.ws.config.annotation.DelegatingWsConfiguration$$SpringCGLIB$$0] is not eligible for getting processed by all BeanPostProcessors (for example: not eligible for auto-proxying). The currently created BeanPostProcessor [annotationActionEndpointMapping] is declared through a non-static factory method on that class; consider declaring it as static instead.
2026-09-15 20:18:10.852 [restartedMain] INFO  o.s.w.s.a.s.AnnotationActionEndpointMapping - Supporting [WS-Addressing August 2004, WS-Addressing 1.0]
2026-09-15 20:18:11.296 [restartedMain] INFO  o.s.b.w.e.tomcat.TomcatWebServer - Tomcat initialized with port 8080 (http)
2026-09-15 20:18:11.306 [restartedMain] INFO  o.a.coyote.http11.Http11NioProtocol - Initializing ProtocolHandler ["http-nio-8080"]
2026-09-15 20:18:11.308 [restartedMain] INFO  o.a.catalina.core.StandardService - Starting service [Tomcat]
2026-09-15 20:18:11.308 [restartedMain] INFO  o.a.catalina.core.StandardEngine - Starting Servlet engine: [Apache Tomcat/10.1.20]
2026-09-15 20:18:11.362 [restartedMain] INFO  o.a.c.c.C.[Tomcat].[localhost].[/] - Initializing Spring embedded WebApplicationContext
2026-09-15 20:18:11.363 [restartedMain] INFO  o.s.b.w.s.c.ServletWebServerApplicationContext - Root WebApplicationContext: initialization completed in 1817 ms
2026-09-15 20:18:11.430 [restartedMain] DEBUG c.c.e.w.s.JwtAuthenticationFilter - Filter 'jwtAuthenticationFilter' configured for use
2026-09-15 20:18:11.556 [restartedMain] INFO  o.h.jpa.internal.util.LogHelper - HHH000204: Processing PersistenceUnitInfo [name: default]
2026-09-15 20:18:11.603 [restartedMain] INFO  org.hibernate.Version - HHH000412: Hibernate ORM core version 6.4.4.Final
2026-09-15 20:18:11.630 [restartedMain] INFO  o.h.c.i.RegionFactoryInitiator - HHH000026: Second-level cache disabled
2026-09-15 20:18:11.848 [restartedMain] INFO  o.s.o.j.p.SpringPersistenceUnitInfo - No LoadTimeWeaver setup: ignoring JPA class transformer
2026-09-15 20:18:11.867 [restartedMain] INFO  com.zaxxer.hikari.HikariDataSource - HikariPool-1 - Starting...
2026-09-15 20:18:12.004 [restartedMain] INFO  com.zaxxer.hikari.pool.HikariPool - HikariPool-1 - Added connection org.postgresql.jdbc.PgConnection@265a0e18
2026-09-15 20:18:12.005 [restartedMain] INFO  com.zaxxer.hikari.HikariDataSource - HikariPool-1 - Start completed.
2026-09-15 20:18:12.890 [restartedMain] INFO  o.h.e.t.j.p.i.JtaPlatformInitiator - HHH000489: No JTA platform available (set 'hibernate.transaction.jta.platform' to enable JTA platform integration)
2026-09-15 20:18:13.001 [restartedMain] INFO  o.s.o.j.LocalContainerEntityManagerFactoryBean - Initialized JPA EntityManagerFactory for persistence unit 'default'
2026-09-15 20:18:13.308 [restartedMain] INFO  o.s.d.j.r.query.QueryEnhancerFactory - Hibernate is in classpath; If applicable, HQL parser will be used.
2026-09-15 20:18:13.939 [restartedMain] WARN  o.s.b.a.o.j.JpaBaseConfiguration$JpaWebConfiguration - spring.jpa.open-in-view is enabled by default. Therefore, database queries may be performed during view rendering. Explicitly configure spring.jpa.open-in-view to disable this warning
2026-09-15 20:18:14.201 [restartedMain] INFO  o.s.s.web.DefaultSecurityFilterChain - Will secure any request with [org.springframework.security.web.session.DisableEncodeUrlFilter@1f34504d, org.springframework.security.web.context.request.async.WebAsyncManagerIntegrationFilter@6951def8, org.springframework.security.web.context.SecurityContextHolderFilter@272d92e3, org.springframework.security.web.header.HeaderWriterFilter@7e1c57a3, org.springframework.web.filter.CorsFilter@452f0e0, org.springframework.security.web.authentication.logout.LogoutFilter@39519278, com.crypto.exchange.web.security.JwtAuthenticationFilter@24db1ef7, org.springframework.security.web.savedrequest.RequestCacheAwareFilter@3538f54b, org.springframework.security.web.servletapi.SecurityContextHolderAwareRequestFilter@7494fa24, org.springframework.security.web.authentication.AnonymousAuthenticationFilter@59210d6c, org.springframework.security.web.session.SessionManagementFilter@2690d1a5, org.springframework.security.web.access.ExceptionTranslationFilter@cfe7344, org.springframework.security.web.access.intercept.AuthorizationFilter@59a5f6cd]
2026-09-15 20:18:14.550 [restartedMain] INFO  o.s.b.d.a.OptionalLiveReloadServer - LiveReload server is running on port 35729
2026-09-15 20:18:14.566 [restartedMain] INFO  o.a.coyote.http11.Http11NioProtocol - Starting ProtocolHandler ["http-nio-8080"]
2026-09-15 20:18:14.579 [restartedMain] INFO  o.s.b.w.e.tomcat.TomcatWebServer - Tomcat started on port 8080 (http) with context path ''
2026-09-15 20:18:14.588 [restartedMain] INFO  c.c.exchange.ExchangeApplication - Started ExchangeApplication in 5.591 seconds (process running for 6.11)
2026-09-15 20:18:14.595 [scheduling-1] INFO  c.c.e.core.aspect.LoggingAspect - Enter: com.crypto.exchange.core.service.CryptoInitializerService.scheduledPriceUpdate() with argument(s) = []
2026-09-15 20:18:14.595 [scheduling-1] INFO  c.c.e.c.s.CryptoInitializerService - Starting crypto price synchronization...
2026-09-15 20:18:15.559 [scheduling-1] INFO  c.c.e.c.s.CryptoInitializerService - Success! Updated and mapped 8 cryptocurrencies with CoinLore IDs
2026-09-15 20:18:15.559 [scheduling-1] INFO  c.c.e.core.aspect.LoggingAspect - Exit: com.crypto.exchange.core.service.CryptoInitializerService.scheduledPriceUpdate() executed in 964 ms with result = null
2026-09-15 20:18:18.103 [http-nio-8080-exec-1] INFO  o.a.c.c.C.[Tomcat].[localhost].[/] - Initializing Spring DispatcherServlet 'dispatcherServlet'
2026-09-15 20:18:18.103 [http-nio-8080-exec-1] INFO  o.s.web.servlet.DispatcherServlet - Initializing Servlet 'dispatcherServlet'
2026-09-15 20:18:18.104 [http-nio-8080-exec-1] INFO  o.s.web.servlet.DispatcherServlet - Completed initialization in 1 ms
2026-09-15 20:18:18.577 [http-nio-8080-exec-1] INFO  o.s.api.AbstractOpenApiResource - Init duration for springdoc-openapi is: 423 ms
2026-09-15 20:19:43.642 [http-nio-8080-exec-9] INFO  c.c.e.core.aspect.LoggingAspect - Enter: com.crypto.exchange.web.controller.AuthController.login() with argument(s) = [LoginRequest[usernameOrEmail=example, password=password]]
2026-09-15 20:19:43.645 [http-nio-8080-exec-9] INFO  c.c.e.core.aspect.LoggingAspect - Enter: com.crypto.exchange.core.service.AuthService.login() with argument(s) = [LoginRequest[usernameOrEmail=example, password=password]]
2026-09-15 20:19:44.018 [http-nio-8080-exec-9] INFO  c.c.e.core.aspect.LoggingAspect - Exit: com.crypto.exchange.core.service.AuthService.login() executed in 372 ms with result = AuthResponseDto[token=eyJhbGciOiJIUzUxMiJ9.eyJzdWIiOiJleGFtcGxlIiwiaWQiOjEsInJvbGUiOiJST0xFX0FETUlOIiwiaWF0IjoxNzg5NDkyNzgzLCJleHAiOjE3ODk1NzkxODN9.L8FYu2uNBj03kaSx1DX-j-ZMHukbdZ-uFSQzMDkCBLWW0eU4Lq4_M-w_u6gjbV5q6gAUiOtB8lEfiyL4jbOydg, tokenType=Bearer, user=UserResponseDto[id=1, username=example, email=example@example.com, role=ROLE_ADMIN, createdAt=2026-09-15T10:54:41.216510Z]]
2026-09-15 20:19:44.030 [http-nio-8080-exec-9] INFO  c.c.e.core.aspect.LoggingAspect - Exit: com.crypto.exchange.web.controller.AuthController.login() executed in 387 ms with result = <200 OK OK,AuthResponseDto[token=eyJhbGciOiJIUzUxMiJ9.eyJzdWIiOiJleGFtcGxlIiwiaWQiOjEsInJvbGUiOiJST0xFX0FETUlOIiwiaWF0IjoxNzg5NDkyNzgzLCJleHAiOjE3ODk1NzkxODN9.L8FYu2uNBj03kaSx1DX-j-ZMHukbdZ-uFSQzMDkCBLWW0eU4Lq4_M-w_u6gjbV5q6gAUiOtB8lEfiyL4jbOydg, tokenType=Bearer, user=UserResponseDto[id=1, username=example, email=example@example.com, role=ROLE_ADMIN, createdAt=2026-09-15T10:54:41.216510Z]],[]>
2026-09-15 20:19:56.707 [http-nio-8080-exec-10] INFO  c.c.e.core.aspect.LoggingAspect - Enter: com.crypto.exchange.web.controller.CryptoCurrencyController.getAllCryptos() with argument(s) = []
2026-09-15 20:19:56.711 [http-nio-8080-exec-10] INFO  c.c.e.core.aspect.LoggingAspect - Enter: com.crypto.exchange.core.service.CryptoService.getAllCryptocurrencies() with argument(s) = []
2026-09-15 20:19:56.718 [http-nio-8080-exec-10] INFO  c.c.e.core.aspect.LoggingAspect - Exit: com.crypto.exchange.core.service.CryptoService.getAllCryptocurrencies() executed in 7 ms with result = [CryptoCurrencyResponseDto[id=2, symbol=BTC, name=Bitcoin, priceUsd=76214.8900, updatedAt=2026-09-15T17:18:15.516536Z], CryptoCurrencyResponseDto[id=3, symbol=ETH, name=Ethereum, priceUsd=2413.6900, updatedAt=2026-09-15T17:18:15.519684Z], CryptoCurrencyResponseDto[id=4, symbol=USDT, name=Tether, priceUsd=1.0000, updatedAt=2026-09-15T17:18:15.519684Z], CryptoCurrencyResponseDto[id=5, symbol=BNB, name=Binance Coin, priceUsd=717.8000, updatedAt=2026-09-15T17:18:15.519684Z], CryptoCurrencyResponseDto[id=6, symbol=XRP, name=XRP, priceUsd=1.3800, updatedAt=2026-09-15T17:18:15.519684Z], CryptoCurrencyResponseDto[id=7, symbol=SOL, name=Solana, priceUsd=98.7700, updatedAt=2026-09-15T17:18:15.519684Z], CryptoCurrencyResponseDto[id=8, symbol=DOGE, name=Dogecoin, priceUsd=0.0813, updatedAt=2026-09-15T17:18:15.519684Z], CryptoCurrencyResponseDto[id=9, symbol=ADA, name=Cardano, priceUsd=0.2011, updatedAt=2026-09-15T17:18:15.519684Z]]
2026-09-15 20:19:56.721 [http-nio-8080-exec-10] INFO  c.c.e.core.aspect.LoggingAspect - Exit: com.crypto.exchange.web.controller.CryptoCurrencyController.getAllCryptos() executed in 13 ms with result = <200 OK OK,[CryptoCurrencyResponseDto[id=2, symbol=BTC, name=Bitcoin, priceUsd=76214.8900, updatedAt=2026-09-15T17:18:15.516536Z], CryptoCurrencyResponseDto[id=3, symbol=ETH, name=Ethereum, priceUsd=2413.6900, updatedAt=2026-09-15T17:18:15.519684Z], CryptoCurrencyResponseDto[id=4, symbol=USDT, name=Tether, priceUsd=1.0000, updatedAt=2026-09-15T17:18:15.519684Z], CryptoCurrencyResponseDto[id=5, symbol=BNB, name=Binance Coin, priceUsd=717.8000, updatedAt=2026-09-15T17:18:15.519684Z], CryptoCurrencyResponseDto[id=6, symbol=XRP, name=XRP, priceUsd=1.3800, updatedAt=2026-09-15T17:18:15.519684Z], CryptoCurrencyResponseDto[id=7, symbol=SOL, name=Solana, priceUsd=98.7700, updatedAt=2026-09-15T17:18:15.519684Z], CryptoCurrencyResponseDto[id=8, symbol=DOGE, name=Dogecoin, priceUsd=0.0813, updatedAt=2026-09-15T17:18:15.519684Z], CryptoCurrencyResponseDto[id=9, symbol=ADA, name=Cardano, priceUsd=0.2011, updatedAt=2026-09-15T17:18:15.519684Z]],[]>
2026-09-15 20:20:22.319 [SpringApplicationShutdownHook] INFO  o.s.o.j.LocalContainerEntityManagerFactoryBean - Closing JPA EntityManagerFactory for persistence unit 'default'
2026-09-15 20:20:22.319 [SpringApplicationShutdownHook] INFO  com.zaxxer.hikari.HikariDataSource - HikariPool-1 - Shutdown initiated...
2026-09-15 20:20:22.334 [SpringApplicationShutdownHook] INFO  com.zaxxer.hikari.HikariDataSource - HikariPool-1 - Shutdown completed.
