2026-09-16 15:49:37.876 [background-preinit] INFO  o.h.validator.internal.util.Version - HV000001: Hibernate Validator 8.0.1.Final
2026-09-16 15:49:37.926 [restartedMain] INFO  c.c.exchange.ExchangeApplication - Starting ExchangeApplication using Java 23.0.2 with PID 17996 (E:\bsuirapp\exchange\target\classes started by AxlLN in E:\bsuirapp\exchange)
2026-09-16 15:49:37.926 [restartedMain] DEBUG c.c.exchange.ExchangeApplication - Running with Spring Boot v3.2.5, Spring v6.1.6
2026-09-16 15:49:37.926 [restartedMain] INFO  c.c.exchange.ExchangeApplication - No active profile set, falling back to 1 default profile: "default"
2026-09-16 15:49:37.991 [restartedMain] INFO  o.s.b.d.e.DevToolsPropertyDefaultsPostProcessor - Devtools property defaults active! Set 'spring.devtools.add-properties' to 'false' to disable
2026-09-16 15:49:37.991 [restartedMain] INFO  o.s.b.d.e.DevToolsPropertyDefaultsPostProcessor - For additional web related logging consider setting the 'logging.level.web' property to 'DEBUG'
2026-09-16 15:49:39.119 [restartedMain] INFO  o.s.d.r.c.RepositoryConfigurationDelegate - Bootstrapping Spring Data JPA repositories in DEFAULT mode.
2026-09-16 15:49:39.211 [restartedMain] INFO  o.s.d.r.c.RepositoryConfigurationDelegate - Finished Spring Data repository scanning in 89 ms. Found 6 JPA repository interfaces.
2026-09-16 15:49:39.692 [restartedMain] WARN  o.s.c.s.PostProcessorRegistrationDelegate$BeanPostProcessorChecker - Bean 'org.springframework.ws.config.annotation.DelegatingWsConfiguration' of type [org.springframework.ws.config.annotation.DelegatingWsConfiguration$$SpringCGLIB$$0] is not eligible for getting processed by all BeanPostProcessors (for example: not eligible for auto-proxying). The currently created BeanPostProcessor [annotationActionEndpointMapping] is declared through a non-static factory method on that class; consider declaring it as static instead.
2026-09-16 15:49:39.724 [restartedMain] INFO  o.s.w.s.a.s.AnnotationActionEndpointMapping - Supporting [WS-Addressing August 2004, WS-Addressing 1.0]
2026-09-16 15:49:40.316 [restartedMain] INFO  o.s.b.w.e.tomcat.TomcatWebServer - Tomcat initialized with port 8080 (http)
2026-09-16 15:49:40.332 [restartedMain] INFO  o.a.coyote.http11.Http11NioProtocol - Initializing ProtocolHandler ["http-nio-8080"]
2026-09-16 15:49:40.332 [restartedMain] INFO  o.a.catalina.core.StandardService - Starting service [Tomcat]
2026-09-16 15:49:40.332 [restartedMain] INFO  o.a.catalina.core.StandardEngine - Starting Servlet engine: [Apache Tomcat/10.1.20]
2026-09-16 15:49:40.395 [restartedMain] INFO  o.a.c.c.C.[Tomcat].[localhost].[/] - Initializing Spring embedded WebApplicationContext
2026-09-16 15:49:40.395 [restartedMain] INFO  o.s.b.w.s.c.ServletWebServerApplicationContext - Root WebApplicationContext: initialization completed in 2404 ms
2026-09-16 15:49:40.491 [restartedMain] DEBUG c.c.e.w.s.JwtAuthenticationFilter - Filter 'jwtAuthenticationFilter' configured for use
2026-09-16 15:49:40.650 [restartedMain] INFO  o.h.jpa.internal.util.LogHelper - HHH000204: Processing PersistenceUnitInfo [name: default]
2026-09-16 15:49:40.712 [restartedMain] INFO  org.hibernate.Version - HHH000412: Hibernate ORM core version 6.4.4.Final
2026-09-16 15:49:40.744 [restartedMain] INFO  o.h.c.i.RegionFactoryInitiator - HHH000026: Second-level cache disabled
2026-09-16 15:49:40.987 [restartedMain] INFO  o.s.o.j.p.SpringPersistenceUnitInfo - No LoadTimeWeaver setup: ignoring JPA class transformer
2026-09-16 15:49:41.019 [restartedMain] INFO  com.zaxxer.hikari.HikariDataSource - HikariPool-1 - Starting...
2026-09-16 15:49:41.299 [restartedMain] INFO  com.zaxxer.hikari.pool.HikariPool - HikariPool-1 - Added connection org.postgresql.jdbc.PgConnection@687e97d0
2026-09-16 15:49:41.299 [restartedMain] INFO  com.zaxxer.hikari.HikariDataSource - HikariPool-1 - Start completed.
2026-09-16 15:49:42.591 [restartedMain] INFO  o.h.e.t.j.p.i.JtaPlatformInitiator - HHH000489: No JTA platform available (set 'hibernate.transaction.jta.platform' to enable JTA platform integration)
2026-09-16 15:49:42.710 [restartedMain] WARN  o.h.t.s.i.ExceptionHandlerLoggedImpl - GenerationTarget encountered exception accepting command : Error executing DDL "
    alter table if exists wallets 
       add column address varchar(64) not null" via JDBC [ERROR: column "address" of relation "wallets" contains null values]
org.hibernate.tool.schema.spi.CommandAcceptanceException: Error executing DDL "
    alter table if exists wallets 
       add column address varchar(64) not null" via JDBC [ERROR: column "address" of relation "wallets" contains null values]
	at org.hibernate.tool.schema.internal.exec.GenerationTargetToDatabase.accept(GenerationTargetToDatabase.java:94)
	at org.hibernate.tool.schema.internal.AbstractSchemaMigrator.applySqlString(AbstractSchemaMigrator.java:574)
	at org.hibernate.tool.schema.internal.AbstractSchemaMigrator.applySqlStrings(AbstractSchemaMigrator.java:514)
	at org.hibernate.tool.schema.internal.AbstractSchemaMigrator.migrateTable(AbstractSchemaMigrator.java:333)
	at org.hibernate.tool.schema.internal.GroupedSchemaMigratorImpl.performTablesMigration(GroupedSchemaMigratorImpl.java:84)
	at org.hibernate.tool.schema.internal.AbstractSchemaMigrator.performMigration(AbstractSchemaMigrator.java:232)
	at org.hibernate.tool.schema.internal.AbstractSchemaMigrator.doMigration(AbstractSchemaMigrator.java:117)
	at org.hibernate.tool.schema.spi.SchemaManagementToolCoordinator.performDatabaseAction(SchemaManagementToolCoordinator.java:286)
	at org.hibernate.tool.schema.spi.SchemaManagementToolCoordinator.lambda$process$5(SchemaManagementToolCoordinator.java:145)
	at java.base/java.util.HashMap.forEach(HashMap.java:1430)
	at org.hibernate.tool.schema.spi.SchemaManagementToolCoordinator.process(SchemaManagementToolCoordinator.java:142)
	at org.hibernate.boot.internal.SessionFactoryObserverForSchemaExport.sessionFactoryCreated(SessionFactoryObserverForSchemaExport.java:37)
	at org.hibernate.internal.SessionFactoryObserverChain.sessionFactoryCreated(SessionFactoryObserverChain.java:35)
	at org.hibernate.internal.SessionFactoryImpl.<init>(SessionFactoryImpl.java:315)
	at org.hibernate.boot.internal.SessionFactoryBuilderImpl.build(SessionFactoryBuilderImpl.java:450)
	at org.hibernate.jpa.boot.internal.EntityManagerFactoryBuilderImpl.build(EntityManagerFactoryBuilderImpl.java:1507)
	at org.springframework.orm.jpa.vendor.SpringHibernateJpaPersistenceProvider.createContainerEntityManagerFactory(SpringHibernateJpaPersistenceProvider.java:75)
	at org.springframework.orm.jpa.LocalContainerEntityManagerFactoryBean.createNativeEntityManagerFactory(LocalContainerEntityManagerFactoryBean.java:390)
	at org.springframework.orm.jpa.AbstractEntityManagerFactoryBean.buildNativeEntityManagerFactory(AbstractEntityManagerFactoryBean.java:409)
	at org.springframework.orm.jpa.AbstractEntityManagerFactoryBean.afterPropertiesSet(AbstractEntityManagerFactoryBean.java:396)
	at org.springframework.orm.jpa.LocalContainerEntityManagerFactoryBean.afterPropertiesSet(LocalContainerEntityManagerFactoryBean.java:366)
	at org.springframework.beans.factory.support.AbstractAutowireCapableBeanFactory.invokeInitMethods(AbstractAutowireCapableBeanFactory.java:1833)
	at org.springframework.beans.factory.support.AbstractAutowireCapableBeanFactory.initializeBean(AbstractAutowireCapableBeanFactory.java:1782)
	at org.springframework.beans.factory.support.AbstractAutowireCapableBeanFactory.doCreateBean(AbstractAutowireCapableBeanFactory.java:600)
	at org.springframework.beans.factory.support.AbstractAutowireCapableBeanFactory.createBean(AbstractAutowireCapableBeanFactory.java:522)
	at org.springframework.beans.factory.support.AbstractBeanFactory.lambda$doGetBean$0(AbstractBeanFactory.java:326)
	at org.springframework.beans.factory.support.DefaultSingletonBeanRegistry.getSingleton(DefaultSingletonBeanRegistry.java:234)
	at org.springframework.beans.factory.support.AbstractBeanFactory.doGetBean(AbstractBeanFactory.java:324)
	at org.springframework.beans.factory.support.AbstractBeanFactory.getBean(AbstractBeanFactory.java:200)
	at org.springframework.context.support.AbstractApplicationContext.getBean(AbstractApplicationContext.java:1234)
	at org.springframework.context.support.AbstractApplicationContext.finishBeanFactoryInitialization(AbstractApplicationContext.java:952)
	at org.springframework.context.support.AbstractApplicationContext.refresh(AbstractApplicationContext.java:624)
	at org.springframework.boot.web.servlet.context.ServletWebServerApplicationContext.refresh(ServletWebServerApplicationContext.java:146)
	at org.springframework.boot.SpringApplication.refresh(SpringApplication.java:754)
	at org.springframework.boot.SpringApplication.refreshContext(SpringApplication.java:456)
	at org.springframework.boot.SpringApplication.run(SpringApplication.java:334)
	at org.springframework.boot.SpringApplication.run(SpringApplication.java:1354)
	at org.springframework.boot.SpringApplication.run(SpringApplication.java:1343)
	at com.crypto.exchange.ExchangeApplication.main(ExchangeApplication.java:17)
	at java.base/jdk.internal.reflect.DirectMethodHandleAccessor.invoke(DirectMethodHandleAccessor.java:103)
	at java.base/java.lang.reflect.Method.invoke(Method.java:580)
	at org.springframework.boot.devtools.restart.RestartLauncher.run(RestartLauncher.java:50)
Caused by: org.postgresql.util.PSQLException: ERROR: column "address" of relation "wallets" contains null values
	at org.postgresql.core.v3.QueryExecutorImpl.receiveErrorResponse(QueryExecutorImpl.java:2713)
	at org.postgresql.core.v3.QueryExecutorImpl.processResults(QueryExecutorImpl.java:2401)
	at org.postgresql.core.v3.QueryExecutorImpl.execute(QueryExecutorImpl.java:368)
	at org.postgresql.jdbc.PgStatement.executeInternal(PgStatement.java:498)
	at org.postgresql.jdbc.PgStatement.execute(PgStatement.java:415)
	at org.postgresql.jdbc.PgStatement.executeWithFlags(PgStatement.java:335)
	at org.postgresql.jdbc.PgStatement.executeCachedSql(PgStatement.java:321)
	at org.postgresql.jdbc.PgStatement.executeWithFlags(PgStatement.java:297)
	at org.postgresql.jdbc.PgStatement.execute(PgStatement.java:292)
	at com.zaxxer.hikari.pool.ProxyStatement.execute(ProxyStatement.java:94)
	at com.zaxxer.hikari.pool.HikariProxyStatement.execute(HikariProxyStatement.java)
	at org.hibernate.tool.schema.internal.exec.GenerationTargetToDatabase.accept(GenerationTargetToDatabase.java:80)
	... 41 common frames omitted
2026-09-16 15:49:42.741 [restartedMain] WARN  o.h.e.jdbc.spi.SqlExceptionHelper - SQL Warning Code: 0, SQLState: 00000
2026-09-16 15:49:42.741 [restartedMain] WARN  o.h.e.jdbc.spi.SqlExceptionHelper - constraint "uk_97gkb67pi15hxx44rq58buta6" of relation "wallets" does not exist, skipping
2026-09-16 15:49:42.851 [restartedMain] INFO  o.s.o.j.LocalContainerEntityManagerFactoryBean - Initialized JPA EntityManagerFactory for persistence unit 'default'
2026-09-16 15:49:43.194 [restartedMain] INFO  o.s.d.j.r.query.QueryEnhancerFactory - Hibernate is in classpath; If applicable, HQL parser will be used.
2026-09-16 15:49:44.135 [restartedMain] WARN  o.s.b.a.o.j.JpaBaseConfiguration$JpaWebConfiguration - spring.jpa.open-in-view is enabled by default. Therefore, database queries may be performed during view rendering. Explicitly configure spring.jpa.open-in-view to disable this warning
2026-09-16 15:49:44.481 [restartedMain] INFO  o.s.s.web.DefaultSecurityFilterChain - Will secure any request with [org.springframework.security.web.session.DisableEncodeUrlFilter@5ce132e, org.springframework.security.web.context.request.async.WebAsyncManagerIntegrationFilter@60b6f706, org.springframework.security.web.context.SecurityContextHolderFilter@4f4d258d, org.springframework.security.web.header.HeaderWriterFilter@23abf24d, org.springframework.web.filter.CorsFilter@3ee5e6be, org.springframework.security.web.authentication.logout.LogoutFilter@64bb8bb5, com.crypto.exchange.web.security.JwtAuthenticationFilter@59c0dc53, org.springframework.security.web.savedrequest.RequestCacheAwareFilter@743c2193, org.springframework.security.web.servletapi.SecurityContextHolderAwareRequestFilter@22f3edb6, org.springframework.security.web.authentication.AnonymousAuthenticationFilter@79131218, org.springframework.security.web.session.SessionManagementFilter@347faa4, org.springframework.security.web.access.ExceptionTranslationFilter@741e7f7b, org.springframework.security.web.access.intercept.AuthorizationFilter@745239e8]
2026-09-16 15:49:44.922 [restartedMain] INFO  o.s.b.d.a.OptionalLiveReloadServer - LiveReload server is running on port 35729
2026-09-16 15:49:44.937 [restartedMain] INFO  o.a.coyote.http11.Http11NioProtocol - Starting ProtocolHandler ["http-nio-8080"]
2026-09-16 15:49:44.956 [restartedMain] INFO  o.s.b.w.e.tomcat.TomcatWebServer - Tomcat started on port 8080 (http) with context path ''
2026-09-16 15:49:44.973 [restartedMain] INFO  c.c.exchange.ExchangeApplication - Started ExchangeApplication in 7.681 seconds (process running for 8.568)
2026-09-16 15:49:44.989 [scheduling-1] INFO  c.c.e.core.aspect.LoggingAspect - Enter: com.crypto.exchange.core.service.CryptoInitializerService.scheduledPriceUpdate() with argument(s) = []
2026-09-16 15:49:44.989 [scheduling-1] INFO  c.c.e.c.s.CryptoInitializerService - Starting crypto price synchronization...
2026-09-16 15:49:46.008 [scheduling-1] INFO  c.c.e.c.s.CryptoInitializerService - Success! Updated and mapped 8 cryptocurrencies with CoinLore IDs
2026-09-16 15:49:46.008 [scheduling-1] INFO  c.c.e.core.aspect.LoggingAspect - Exit: com.crypto.exchange.core.service.CryptoInitializerService.scheduledPriceUpdate() executed in 1019 ms with result = null
2026-09-16 15:49:55.669 [http-nio-8080-exec-1] INFO  o.a.c.c.C.[Tomcat].[localhost].[/] - Initializing Spring DispatcherServlet 'dispatcherServlet'
2026-09-16 15:49:55.669 [http-nio-8080-exec-1] INFO  o.s.web.servlet.DispatcherServlet - Initializing Servlet 'dispatcherServlet'
2026-09-16 15:49:55.669 [http-nio-8080-exec-1] INFO  o.s.web.servlet.DispatcherServlet - Completed initialization in 0 ms
2026-09-16 15:50:01.501 [http-nio-8080-exec-5] INFO  o.s.api.AbstractOpenApiResource - Init duration for springdoc-openapi is: 1328 ms
2026-09-16 15:50:32.328 [http-nio-8080-exec-4] INFO  c.c.e.core.aspect.LoggingAspect - Enter: com.crypto.exchange.web.controller.AuthController.login() with argument(s) = [LoginRequest[usernameOrEmail=example, password=password]]
2026-09-16 15:50:32.345 [http-nio-8080-exec-4] INFO  c.c.e.core.aspect.LoggingAspect - Enter: com.crypto.exchange.core.service.AuthService.login() with argument(s) = [LoginRequest[usernameOrEmail=example, password=password]]
2026-09-16 15:50:33.179 [http-nio-8080-exec-4] INFO  c.c.e.core.aspect.LoggingAspect - Exit: com.crypto.exchange.core.service.AuthService.login() executed in 834 ms with result = AuthResponseDto[token=eyJhbGciOiJIUzUxMiJ9.eyJzdWIiOiJleGFtcGxlIiwiaWQiOjEsInJvbGUiOiJST0xFX0FETUlOIiwiaWF0IjoxNzg5NTYzMDMzLCJleHAiOjE3ODk2NDk0MzN9.NGbl0hhLMLF8EK31R01aOikfq2xCjiXdgIiKcbbCtkkFXrjw3Ofj-C0MZowv6qf3JjSFkA6nn_ZhwdrgC2b4hg, tokenType=Bearer, user=UserResponseDto[id=1, username=example, email=example@example.com, role=ROLE_ADMIN, createdAt=2026-09-15T10:54:41.216510Z]]
2026-09-16 15:50:33.196 [http-nio-8080-exec-4] INFO  c.c.e.core.aspect.LoggingAspect - Exit: com.crypto.exchange.web.controller.AuthController.login() executed in 868 ms with result = <200 OK OK,AuthResponseDto[token=eyJhbGciOiJIUzUxMiJ9.eyJzdWIiOiJleGFtcGxlIiwiaWQiOjEsInJvbGUiOiJST0xFX0FETUlOIiwiaWF0IjoxNzg5NTYzMDMzLCJleHAiOjE3ODk2NDk0MzN9.NGbl0hhLMLF8EK31R01aOikfq2xCjiXdgIiKcbbCtkkFXrjw3Ofj-C0MZowv6qf3JjSFkA6nn_ZhwdrgC2b4hg, tokenType=Bearer, user=UserResponseDto[id=1, username=example, email=example@example.com, role=ROLE_ADMIN, createdAt=2026-09-15T10:54:41.216510Z]],[]>
2026-09-16 15:51:08.863 [http-nio-8080-exec-8] INFO  c.c.e.core.aspect.LoggingAspect - Enter: com.crypto.exchange.web.controller.WalletController.createWallet() with argument(s) = [com.crypto.exchange.web.security.UserPrincipal@61f84abd, CreateWalletRequestDto[name=wallet1, isDefault=true]]
2026-09-16 15:51:08.865 [http-nio-8080-exec-8] INFO  c.c.e.core.aspect.LoggingAspect - Enter: com.crypto.exchange.core.service.implementation.WalletServiceImpl.createWallet() with argument(s) = [1, CreateWalletRequestDto[name=wallet1, isDefault=true]]
2026-09-16 15:51:08.916 [http-nio-8080-exec-8] WARN  o.h.e.jdbc.spi.SqlExceptionHelper - SQL Error: 0, SQLState: 42703
2026-09-16 15:51:08.916 [http-nio-8080-exec-8] ERROR o.h.e.jdbc.spi.SqlExceptionHelper - ERROR: column w1_0.address does not exist
  Позиция: 16
2026-09-16 15:51:08.936 [http-nio-8080-exec-8] ERROR c.c.e.core.aspect.LoggingAspect - Exception in com.crypto.exchange.core.service.implementation.WalletServiceImpl.createWallet() with cause = 'org.hibernate.exception.SQLGrammarException: JDBC exception executing SQL [select w1_0.id,w1_0.address,w1_0.is_default,w1_0.name,w1_0.user_id from wallets w1_0 left join users u1_0 on u1_0.id=w1_0.user_id where u1_0.id=?] [ERROR: column w1_0.address does not exist
  Позиция: 16] [n/a]' and exception = 'JDBC exception executing SQL [select w1_0.id,w1_0.address,w1_0.is_default,w1_0.name,w1_0.user_id from wallets w1_0 left join users u1_0 on u1_0.id=w1_0.user_id where u1_0.id=?] [ERROR: column w1_0.address does not exist
  Позиция: 16] [n/a]; SQL [n/a]'
2026-09-16 15:51:08.950 [http-nio-8080-exec-8] ERROR c.c.e.core.aspect.LoggingAspect - Exception in com.crypto.exchange.web.controller.WalletController.createWallet() with cause = 'org.hibernate.exception.SQLGrammarException: JDBC exception executing SQL [select w1_0.id,w1_0.address,w1_0.is_default,w1_0.name,w1_0.user_id from wallets w1_0 left join users u1_0 on u1_0.id=w1_0.user_id where u1_0.id=?] [ERROR: column w1_0.address does not exist
  Позиция: 16] [n/a]' and exception = 'JDBC exception executing SQL [select w1_0.id,w1_0.address,w1_0.is_default,w1_0.name,w1_0.user_id from wallets w1_0 left join users u1_0 on u1_0.id=w1_0.user_id where u1_0.id=?] [ERROR: column w1_0.address does not exist
  Позиция: 16] [n/a]; SQL [n/a]'
2026-09-16 15:51:08.950 [http-nio-8080-exec-8] ERROR c.c.e.c.e.GlobalExceptionHandler - Unhandled Internal Server Error
org.springframework.dao.InvalidDataAccessResourceUsageException: JDBC exception executing SQL [select w1_0.id,w1_0.address,w1_0.is_default,w1_0.name,w1_0.user_id from wallets w1_0 left join users u1_0 on u1_0.id=w1_0.user_id where u1_0.id=?] [ERROR: column w1_0.address does not exist
  Позиция: 16] [n/a]; SQL [n/a]
	at org.springframework.orm.jpa.vendor.HibernateJpaDialect.convertHibernateAccessException(HibernateJpaDialect.java:277)
	at org.springframework.orm.jpa.vendor.HibernateJpaDialect.translateExceptionIfPossible(HibernateJpaDialect.java:241)
	at org.springframework.orm.jpa.AbstractEntityManagerFactoryBean.translateExceptionIfPossible(AbstractEntityManagerFactoryBean.java:550)
	at org.springframework.dao.support.ChainedPersistenceExceptionTranslator.translateExceptionIfPossible(ChainedPersistenceExceptionTranslator.java:61)
	at org.springframework.dao.support.DataAccessUtils.translateIfNecessary(DataAccessUtils.java:335)
	at org.springframework.dao.support.PersistenceExceptionTranslationInterceptor.invoke(PersistenceExceptionTranslationInterceptor.java:152)
	at org.springframework.aop.framework.ReflectiveMethodInvocation.proceed(ReflectiveMethodInvocation.java:184)
	at org.springframework.data.jpa.repository.support.CrudMethodMetadataPostProcessor$CrudMethodMetadataPopulatingMethodInterceptor.invoke(CrudMethodMetadataPostProcessor.java:135)
	at org.springframework.aop.framework.ReflectiveMethodInvocation.proceed(ReflectiveMethodInvocation.java:184)
	at org.springframework.aop.interceptor.ExposeInvocationInterceptor.invoke(ExposeInvocationInterceptor.java:97)
	at org.springframework.aop.framework.ReflectiveMethodInvocation.proceed(ReflectiveMethodInvocation.java:184)
	at org.springframework.aop.framework.JdkDynamicAopProxy.invoke(JdkDynamicAopProxy.java:223)
	at jdk.proxy4/jdk.proxy4.$Proxy167.findAllByUserId(Unknown Source)
	at com.crypto.exchange.core.service.implementation.WalletServiceImpl.createWallet(WalletServiceImpl.java:41)
	at java.base/jdk.internal.reflect.DirectMethodHandleAccessor.invoke(DirectMethodHandleAccessor.java:103)
	at java.base/java.lang.reflect.Method.invoke(Method.java:580)
	at org.springframework.aop.support.AopUtils.invokeJoinpointUsingReflection(AopUtils.java:354)
	at org.springframework.aop.framework.ReflectiveMethodInvocation.invokeJoinpoint(ReflectiveMethodInvocation.java:196)
	at org.springframework.aop.framework.ReflectiveMethodInvocation.proceed(ReflectiveMethodInvocation.java:163)
	at org.springframework.aop.framework.CglibAopProxy$CglibMethodInvocation.proceed(CglibAopProxy.java:768)
	at org.springframework.aop.aspectj.MethodInvocationProceedingJoinPoint.proceed(MethodInvocationProceedingJoinPoint.java:89)
	at com.crypto.exchange.core.aspect.LoggingAspect.logExecutionDetails(LoggingAspect.java:37)
	at java.base/jdk.internal.reflect.DirectMethodHandleAccessor.invoke(DirectMethodHandleAccessor.java:103)
	at java.base/java.lang.reflect.Method.invoke(Method.java:580)
	at org.springframework.aop.aspectj.AbstractAspectJAdvice.invokeAdviceMethodWithGivenArgs(AbstractAspectJAdvice.java:637)
	at org.springframework.aop.aspectj.AbstractAspectJAdvice.invokeAdviceMethod(AbstractAspectJAdvice.java:627)
	at org.springframework.aop.aspectj.AspectJAroundAdvice.invoke(AspectJAroundAdvice.java:71)
	at org.springframework.aop.framework.ReflectiveMethodInvocation.proceed(ReflectiveMethodInvocation.java:184)
	at org.springframework.aop.framework.CglibAopProxy$CglibMethodInvocation.proceed(CglibAopProxy.java:768)
	at org.springframework.transaction.interceptor.TransactionInterceptor$1.proceedWithInvocation(TransactionInterceptor.java:123)
	at org.springframework.transaction.interceptor.TransactionAspectSupport.invokeWithinTransaction(TransactionAspectSupport.java:392)
	at org.springframework.transaction.interceptor.TransactionInterceptor.invoke(TransactionInterceptor.java:119)
	at org.springframework.aop.framework.ReflectiveMethodInvocation.proceed(ReflectiveMethodInvocation.java:184)
	at org.springframework.aop.framework.CglibAopProxy$CglibMethodInvocation.proceed(CglibAopProxy.java:768)
	at org.springframework.aop.interceptor.ExposeInvocationInterceptor.invoke(ExposeInvocationInterceptor.java:97)
	at org.springframework.aop.framework.ReflectiveMethodInvocation.proceed(ReflectiveMethodInvocation.java:184)
	at org.springframework.aop.framework.CglibAopProxy$CglibMethodInvocation.proceed(CglibAopProxy.java:768)
	at org.springframework.aop.framework.CglibAopProxy$DynamicAdvisedInterceptor.intercept(CglibAopProxy.java:720)
	at com.crypto.exchange.core.service.implementation.WalletServiceImpl$$SpringCGLIB$$0.createWallet(<generated>)
	at com.crypto.exchange.web.controller.WalletController.createWallet(WalletController.java:35)
	at java.base/jdk.internal.reflect.DirectMethodHandleAccessor.invoke(DirectMethodHandleAccessor.java:103)
	at java.base/java.lang.reflect.Method.invoke(Method.java:580)
	at org.springframework.aop.support.AopUtils.invokeJoinpointUsingReflection(AopUtils.java:354)
	at org.springframework.aop.framework.ReflectiveMethodInvocation.invokeJoinpoint(ReflectiveMethodInvocation.java:196)
	at org.springframework.aop.framework.ReflectiveMethodInvocation.proceed(ReflectiveMethodInvocation.java:163)
	at org.springframework.aop.framework.CglibAopProxy$CglibMethodInvocation.proceed(CglibAopProxy.java:768)
	at org.springframework.aop.aspectj.MethodInvocationProceedingJoinPoint.proceed(MethodInvocationProceedingJoinPoint.java:89)
	at com.crypto.exchange.core.aspect.LoggingAspect.logExecutionDetails(LoggingAspect.java:37)
	at java.base/jdk.internal.reflect.DirectMethodHandleAccessor.invoke(DirectMethodHandleAccessor.java:103)
	at java.base/java.lang.reflect.Method.invoke(Method.java:580)
	at org.springframework.aop.aspectj.AbstractAspectJAdvice.invokeAdviceMethodWithGivenArgs(AbstractAspectJAdvice.java:637)
	at org.springframework.aop.aspectj.AbstractAspectJAdvice.invokeAdviceMethod(AbstractAspectJAdvice.java:627)
	at org.springframework.aop.aspectj.AspectJAroundAdvice.invoke(AspectJAroundAdvice.java:71)
	at org.springframework.aop.framework.ReflectiveMethodInvocation.proceed(ReflectiveMethodInvocation.java:184)
	at org.springframework.aop.framework.CglibAopProxy$CglibMethodInvocation.proceed(CglibAopProxy.java:768)
	at org.springframework.aop.interceptor.ExposeInvocationInterceptor.invoke(ExposeInvocationInterceptor.java:97)
	at org.springframework.aop.framework.ReflectiveMethodInvocation.proceed(ReflectiveMethodInvocation.java:184)
	at org.springframework.aop.framework.CglibAopProxy$CglibMethodInvocation.proceed(CglibAopProxy.java:768)
	at org.springframework.aop.framework.CglibAopProxy$DynamicAdvisedInterceptor.intercept(CglibAopProxy.java:720)
	at com.crypto.exchange.web.controller.WalletController$$SpringCGLIB$$0.createWallet(<generated>)
	at java.base/jdk.internal.reflect.DirectMethodHandleAccessor.invoke(DirectMethodHandleAccessor.java:103)
	at java.base/java.lang.reflect.Method.invoke(Method.java:580)
	at org.springframework.web.method.support.InvocableHandlerMethod.doInvoke(InvocableHandlerMethod.java:255)
	at org.springframework.web.method.support.InvocableHandlerMethod.invokeForRequest(InvocableHandlerMethod.java:188)
	at org.springframework.web.servlet.mvc.method.annotation.ServletInvocableHandlerMethod.invokeAndHandle(ServletInvocableHandlerMethod.java:118)
	at org.springframework.web.servlet.mvc.method.annotation.RequestMappingHandlerAdapter.invokeHandlerMethod(RequestMappingHandlerAdapter.java:926)
	at org.springframework.web.servlet.mvc.method.annotation.RequestMappingHandlerAdapter.handleInternal(RequestMappingHandlerAdapter.java:831)
	at org.springframework.web.servlet.mvc.method.AbstractHandlerMethodAdapter.handle(AbstractHandlerMethodAdapter.java:87)
	at org.springframework.web.servlet.DispatcherServlet.doDispatch(DispatcherServlet.java:1089)
	at org.springframework.web.servlet.DispatcherServlet.doService(DispatcherServlet.java:979)
	at org.springframework.web.servlet.FrameworkServlet.processRequest(FrameworkServlet.java:1014)
	at org.springframework.web.servlet.FrameworkServlet.doPost(FrameworkServlet.java:914)
	at jakarta.servlet.http.HttpServlet.service(HttpServlet.java:590)
	at org.springframework.web.servlet.FrameworkServlet.service(FrameworkServlet.java:885)
	at jakarta.servlet.http.HttpServlet.service(HttpServlet.java:658)
	at org.apache.catalina.core.ApplicationFilterChain.internalDoFilter(ApplicationFilterChain.java:206)
	at org.apache.catalina.core.ApplicationFilterChain.doFilter(ApplicationFilterChain.java:150)
	at org.apache.tomcat.websocket.server.WsFilter.doFilter(WsFilter.java:51)
	at org.apache.catalina.core.ApplicationFilterChain.internalDoFilter(ApplicationFilterChain.java:175)
	at org.apache.catalina.core.ApplicationFilterChain.doFilter(ApplicationFilterChain.java:150)
	at org.springframework.web.filter.OncePerRequestFilter.doFilter(OncePerRequestFilter.java:110)
	at org.apache.catalina.core.ApplicationFilterChain.internalDoFilter(ApplicationFilterChain.java:175)
	at org.apache.catalina.core.ApplicationFilterChain.doFilter(ApplicationFilterChain.java:150)
	at org.springframework.web.filter.CompositeFilter$VirtualFilterChain.doFilter(CompositeFilter.java:108)
	at org.springframework.security.web.FilterChainProxy.lambda$doFilterInternal$3(FilterChainProxy.java:231)
	at org.springframework.security.web.FilterChainProxy$VirtualFilterChain.doFilter(FilterChainProxy.java:365)
	at org.springframework.security.web.access.intercept.AuthorizationFilter.doFilter(AuthorizationFilter.java:100)
	at org.springframework.security.web.FilterChainProxy$VirtualFilterChain.doFilter(FilterChainProxy.java:374)
	at org.springframework.security.web.access.ExceptionTranslationFilter.doFilter(ExceptionTranslationFilter.java:126)
	at org.springframework.security.web.access.ExceptionTranslationFilter.doFilter(ExceptionTranslationFilter.java:120)
	at org.springframework.security.web.FilterChainProxy$VirtualFilterChain.doFilter(FilterChainProxy.java:374)
	at org.springframework.security.web.session.SessionManagementFilter.doFilter(SessionManagementFilter.java:131)
	at org.springframework.security.web.session.SessionManagementFilter.doFilter(SessionManagementFilter.java:85)
	at org.springframework.security.web.FilterChainProxy$VirtualFilterChain.doFilter(FilterChainProxy.java:374)
	at org.springframework.security.web.authentication.AnonymousAuthenticationFilter.doFilter(AnonymousAuthenticationFilter.java:100)
	at org.springframework.security.web.FilterChainProxy$VirtualFilterChain.doFilter(FilterChainProxy.java:374)
	at org.springframework.security.web.servletapi.SecurityContextHolderAwareRequestFilter.doFilter(SecurityContextHolderAwareRequestFilter.java:179)
	at org.springframework.security.web.FilterChainProxy$VirtualFilterChain.doFilter(FilterChainProxy.java:374)
	at org.springframework.security.web.savedrequest.RequestCacheAwareFilter.doFilter(RequestCacheAwareFilter.java:63)
	at org.springframework.security.web.FilterChainProxy$VirtualFilterChain.doFilter(FilterChainProxy.java:374)
	at com.crypto.exchange.web.security.JwtAuthenticationFilter.doFilterInternal(JwtAuthenticationFilter.java:49)
	at org.springframework.web.filter.OncePerRequestFilter.doFilter(OncePerRequestFilter.java:116)
	at org.springframework.security.web.FilterChainProxy$VirtualFilterChain.doFilter(FilterChainProxy.java:374)
	at org.springframework.security.web.authentication.logout.LogoutFilter.doFilter(LogoutFilter.java:107)
	at org.springframework.security.web.authentication.logout.LogoutFilter.doFilter(LogoutFilter.java:93)
	at org.springframework.security.web.FilterChainProxy$VirtualFilterChain.doFilter(FilterChainProxy.java:374)
	at org.springframework.web.filter.CorsFilter.doFilterInternal(CorsFilter.java:91)
	at org.springframework.web.filter.OncePerRequestFilter.doFilter(OncePerRequestFilter.java:116)
	at org.springframework.security.web.FilterChainProxy$VirtualFilterChain.doFilter(FilterChainProxy.java:374)
	at org.springframework.security.web.header.HeaderWriterFilter.doHeadersAfter(HeaderWriterFilter.java:90)
	at org.springframework.security.web.header.HeaderWriterFilter.doFilterInternal(HeaderWriterFilter.java:75)
	at org.springframework.web.filter.OncePerRequestFilter.doFilter(OncePerRequestFilter.java:116)
	at org.springframework.security.web.FilterChainProxy$VirtualFilterChain.doFilter(FilterChainProxy.java:374)
	at org.springframework.security.web.context.SecurityContextHolderFilter.doFilter(SecurityContextHolderFilter.java:82)
	at org.springframework.security.web.context.SecurityContextHolderFilter.doFilter(SecurityContextHolderFilter.java:69)
	at org.springframework.security.web.FilterChainProxy$VirtualFilterChain.doFilter(FilterChainProxy.java:374)
	at org.springframework.security.web.context.request.async.WebAsyncManagerIntegrationFilter.doFilterInternal(WebAsyncManagerIntegrationFilter.java:62)
	at org.springframework.web.filter.OncePerRequestFilter.doFilter(OncePerRequestFilter.java:116)
	at org.springframework.security.web.FilterChainProxy$VirtualFilterChain.doFilter(FilterChainProxy.java:374)
	at org.springframework.security.web.session.DisableEncodeUrlFilter.doFilterInternal(DisableEncodeUrlFilter.java:42)
	at org.springframework.web.filter.OncePerRequestFilter.doFilter(OncePerRequestFilter.java:116)
	at org.springframework.security.web.FilterChainProxy$VirtualFilterChain.doFilter(FilterChainProxy.java:374)
	at org.springframework.security.web.FilterChainProxy.doFilterInternal(FilterChainProxy.java:233)
	at org.springframework.security.web.FilterChainProxy.doFilter(FilterChainProxy.java:191)
	at org.springframework.web.filter.CompositeFilter$VirtualFilterChain.doFilter(CompositeFilter.java:113)
	at org.springframework.web.servlet.handler.HandlerMappingIntrospector.lambda$createCacheFilter$3(HandlerMappingIntrospector.java:195)
	at org.springframework.web.filter.CompositeFilter$VirtualFilterChain.doFilter(CompositeFilter.java:113)
	at org.springframework.web.filter.CompositeFilter.doFilter(CompositeFilter.java:74)
	at org.springframework.security.config.annotation.web.configuration.WebMvcSecurityConfiguration$CompositeFilterChainProxy.doFilter(WebMvcSecurityConfiguration.java:230)
	at org.springframework.web.filter.DelegatingFilterProxy.invokeDelegate(DelegatingFilterProxy.java:352)
	at org.springframework.web.filter.DelegatingFilterProxy.doFilter(DelegatingFilterProxy.java:268)
	at org.apache.catalina.core.ApplicationFilterChain.internalDoFilter(ApplicationFilterChain.java:175)
	at org.apache.catalina.core.ApplicationFilterChain.doFilter(ApplicationFilterChain.java:150)
	at org.springframework.web.filter.RequestContextFilter.doFilterInternal(RequestContextFilter.java:100)
	at org.springframework.web.filter.OncePerRequestFilter.doFilter(OncePerRequestFilter.java:116)
	at org.apache.catalina.core.ApplicationFilterChain.internalDoFilter(ApplicationFilterChain.java:175)
	at org.apache.catalina.core.ApplicationFilterChain.doFilter(ApplicationFilterChain.java:150)
	at org.springframework.web.filter.FormContentFilter.doFilterInternal(FormContentFilter.java:93)
	at org.springframework.web.filter.OncePerRequestFilter.doFilter(OncePerRequestFilter.java:116)
	at org.apache.catalina.core.ApplicationFilterChain.internalDoFilter(ApplicationFilterChain.java:175)
	at org.apache.catalina.core.ApplicationFilterChain.doFilter(ApplicationFilterChain.java:150)
	at org.springframework.web.filter.CharacterEncodingFilter.doFilterInternal(CharacterEncodingFilter.java:201)
	at org.springframework.web.filter.OncePerRequestFilter.doFilter(OncePerRequestFilter.java:116)
	at org.apache.catalina.core.ApplicationFilterChain.internalDoFilter(ApplicationFilterChain.java:175)
	at org.apache.catalina.core.ApplicationFilterChain.doFilter(ApplicationFilterChain.java:150)
	at org.apache.catalina.core.StandardWrapperValve.invoke(StandardWrapperValve.java:167)
	at org.apache.catalina.core.StandardContextValve.invoke(StandardContextValve.java:90)
	at org.apache.catalina.authenticator.AuthenticatorBase.invoke(AuthenticatorBase.java:482)
	at org.apache.catalina.core.StandardHostValve.invoke(StandardHostValve.java:115)
	at org.apache.catalina.valves.ErrorReportValve.invoke(ErrorReportValve.java:93)
	at org.apache.catalina.core.StandardEngineValve.invoke(StandardEngineValve.java:74)
	at org.apache.catalina.connector.CoyoteAdapter.service(CoyoteAdapter.java:344)
	at org.apache.coyote.http11.Http11Processor.service(Http11Processor.java:391)
	at org.apache.coyote.AbstractProcessorLight.process(AbstractProcessorLight.java:63)
	at org.apache.coyote.AbstractProtocol$ConnectionHandler.process(AbstractProtocol.java:896)
	at org.apache.tomcat.util.net.NioEndpoint$SocketProcessor.doRun(NioEndpoint.java:1736)
	at org.apache.tomcat.util.net.SocketProcessorBase.run(SocketProcessorBase.java:52)
	at org.apache.tomcat.util.threads.ThreadPoolExecutor.runWorker(ThreadPoolExecutor.java:1191)
	at org.apache.tomcat.util.threads.ThreadPoolExecutor$Worker.run(ThreadPoolExecutor.java:659)
	at org.apache.tomcat.util.threads.TaskThread$WrappingRunnable.run(TaskThread.java:63)
	at java.base/java.lang.Thread.run(Thread.java:1575)
Caused by: org.hibernate.exception.SQLGrammarException: JDBC exception executing SQL [select w1_0.id,w1_0.address,w1_0.is_default,w1_0.name,w1_0.user_id from wallets w1_0 left join users u1_0 on u1_0.id=w1_0.user_id where u1_0.id=?] [ERROR: column w1_0.address does not exist
  Позиция: 16] [n/a]
	at org.hibernate.exception.internal.SQLStateConversionDelegate.convert(SQLStateConversionDelegate.java:91)
	at org.hibernate.exception.internal.StandardSQLExceptionConverter.convert(StandardSQLExceptionConverter.java:58)
	at org.hibernate.engine.jdbc.spi.SqlExceptionHelper.convert(SqlExceptionHelper.java:108)
	at org.hibernate.engine.jdbc.spi.SqlExceptionHelper.convert(SqlExceptionHelper.java:94)
	at org.hibernate.sql.results.jdbc.internal.DeferredResultSetAccess.executeQuery(DeferredResultSetAccess.java:265)
	at org.hibernate.sql.results.jdbc.internal.DeferredResultSetAccess.getResultSet(DeferredResultSetAccess.java:167)
	at org.hibernate.sql.results.jdbc.internal.JdbcValuesResultSetImpl.advanceNext(JdbcValuesResultSetImpl.java:218)
	at org.hibernate.sql.results.jdbc.internal.JdbcValuesResultSetImpl.processNext(JdbcValuesResultSetImpl.java:98)
	at org.hibernate.sql.results.jdbc.internal.AbstractJdbcValues.next(AbstractJdbcValues.java:19)
	at org.hibernate.sql.results.internal.RowProcessingStateStandardImpl.next(RowProcessingStateStandardImpl.java:66)
	at org.hibernate.sql.results.spi.ListResultsConsumer.consume(ListResultsConsumer.java:202)
	at org.hibernate.sql.results.spi.ListResultsConsumer.consume(ListResultsConsumer.java:33)
	at org.hibernate.sql.exec.internal.JdbcSelectExecutorStandardImpl.doExecuteQuery(JdbcSelectExecutorStandardImpl.java:209)
	at org.hibernate.sql.exec.internal.JdbcSelectExecutorStandardImpl.executeQuery(JdbcSelectExecutorStandardImpl.java:83)
	at org.hibernate.sql.exec.spi.JdbcSelectExecutor.list(JdbcSelectExecutor.java:76)
	at org.hibernate.sql.exec.spi.JdbcSelectExecutor.list(JdbcSelectExecutor.java:65)
	at org.hibernate.query.sqm.internal.ConcreteSqmSelectQueryPlan.lambda$new$2(ConcreteSqmSelectQueryPlan.java:137)
	at org.hibernate.query.sqm.internal.ConcreteSqmSelectQueryPlan.withCacheableSqmInterpretation(ConcreteSqmSelectQueryPlan.java:362)
	at org.hibernate.query.sqm.internal.ConcreteSqmSelectQueryPlan.performList(ConcreteSqmSelectQueryPlan.java:303)
	at org.hibernate.query.sqm.internal.QuerySqmImpl.doList(QuerySqmImpl.java:509)
	at org.hibernate.query.spi.AbstractSelectionQuery.list(AbstractSelectionQuery.java:427)
	at org.hibernate.query.Query.getResultList(Query.java:120)
	at org.springframework.data.jpa.repository.query.JpaQueryExecution$CollectionExecution.doExecute(JpaQueryExecution.java:129)
	at org.springframework.data.jpa.repository.query.JpaQueryExecution.execute(JpaQueryExecution.java:92)
	at org.springframework.data.jpa.repository.query.AbstractJpaQuery.doExecute(AbstractJpaQuery.java:149)
	at org.springframework.data.jpa.repository.query.AbstractJpaQuery.execute(AbstractJpaQuery.java:137)
	at org.springframework.data.repository.core.support.RepositoryMethodInvoker.doInvoke(RepositoryMethodInvoker.java:170)
	at org.springframework.data.repository.core.support.RepositoryMethodInvoker.invoke(RepositoryMethodInvoker.java:158)
	at org.springframework.data.repository.core.support.QueryExecutorMethodInterceptor.doInvoke(QueryExecutorMethodInterceptor.java:164)
	at org.springframework.data.repository.core.support.QueryExecutorMethodInterceptor.invoke(QueryExecutorMethodInterceptor.java:143)
	at org.springframework.aop.framework.ReflectiveMethodInvocation.proceed(ReflectiveMethodInvocation.java:184)
	at org.springframework.data.projection.DefaultMethodInvokingMethodInterceptor.invoke(DefaultMethodInvokingMethodInterceptor.java:70)
	at org.springframework.aop.framework.ReflectiveMethodInvocation.proceed(ReflectiveMethodInvocation.java:184)
	at org.springframework.transaction.interceptor.TransactionInterceptor$1.proceedWithInvocation(TransactionInterceptor.java:123)
	at org.springframework.transaction.interceptor.TransactionAspectSupport.invokeWithinTransaction(TransactionAspectSupport.java:392)
	at org.springframework.transaction.interceptor.TransactionInterceptor.invoke(TransactionInterceptor.java:119)
	at org.springframework.aop.framework.ReflectiveMethodInvocation.proceed(ReflectiveMethodInvocation.java:184)
	at org.springframework.dao.support.PersistenceExceptionTranslationInterceptor.invoke(PersistenceExceptionTranslationInterceptor.java:137)
	... 155 common frames omitted
Caused by: org.postgresql.util.PSQLException: ERROR: column w1_0.address does not exist
  Позиция: 16
	at org.postgresql.core.v3.QueryExecutorImpl.receiveErrorResponse(QueryExecutorImpl.java:2713)
	at org.postgresql.core.v3.QueryExecutorImpl.processResults(QueryExecutorImpl.java:2401)
	at org.postgresql.core.v3.QueryExecutorImpl.execute(QueryExecutorImpl.java:368)
	at org.postgresql.jdbc.PgStatement.executeInternal(PgStatement.java:498)
	at org.postgresql.jdbc.PgStatement.execute(PgStatement.java:415)
	at org.postgresql.jdbc.PgPreparedStatement.executeWithFlags(PgPreparedStatement.java:190)
	at org.postgresql.jdbc.PgPreparedStatement.executeQuery(PgPreparedStatement.java:134)
	at com.zaxxer.hikari.pool.ProxyPreparedStatement.executeQuery(ProxyPreparedStatement.java:52)
	at com.zaxxer.hikari.pool.HikariProxyPreparedStatement.executeQuery(HikariProxyPreparedStatement.java)
	at org.hibernate.sql.results.jdbc.internal.DeferredResultSetAccess.executeQuery(DeferredResultSetAccess.java:246)
	... 188 common frames omitted
2026-09-16 15:51:08.999 [http-nio-8080-exec-8] WARN  o.s.w.s.m.m.a.ExceptionHandlerExceptionResolver - Resolved [org.springframework.dao.InvalidDataAccessResourceUsageException: JDBC exception executing SQL [select w1_0.id,w1_0.address,w1_0.is_default,w1_0.name,w1_0.user_id from wallets w1_0 left join users u1_0 on u1_0.id=w1_0.user_id where u1_0.id=?] [ERROR: column w1_0.address does not exist<EOL>  Позиция: 16] [n/a]; SQL [n/a]]
2026-09-16 15:51:13.693 [http-nio-8080-exec-10] INFO  c.c.e.core.aspect.LoggingAspect - Enter: com.crypto.exchange.web.controller.WalletController.createWallet() with argument(s) = [com.crypto.exchange.web.security.UserPrincipal@56d03e34, CreateWalletRequestDto[name=wallet1, isDefault=true]]
2026-09-16 15:51:13.701 [http-nio-8080-exec-10] INFO  c.c.e.core.aspect.LoggingAspect - Enter: com.crypto.exchange.core.service.implementation.WalletServiceImpl.createWallet() with argument(s) = [1, CreateWalletRequestDto[name=wallet1, isDefault=true]]
2026-09-16 15:51:13.708 [http-nio-8080-exec-10] WARN  o.h.e.jdbc.spi.SqlExceptionHelper - SQL Error: 0, SQLState: 42703
2026-09-16 15:51:13.709 [http-nio-8080-exec-10] ERROR o.h.e.jdbc.spi.SqlExceptionHelper - ERROR: column w1_0.address does not exist
  Позиция: 16
2026-09-16 15:51:13.710 [http-nio-8080-exec-10] ERROR c.c.e.core.aspect.LoggingAspect - Exception in com.crypto.exchange.core.service.implementation.WalletServiceImpl.createWallet() with cause = 'org.hibernate.exception.SQLGrammarException: JDBC exception executing SQL [select w1_0.id,w1_0.address,w1_0.is_default,w1_0.name,w1_0.user_id from wallets w1_0 left join users u1_0 on u1_0.id=w1_0.user_id where u1_0.id=?] [ERROR: column w1_0.address does not exist
  Позиция: 16] [n/a]' and exception = 'JDBC exception executing SQL [select w1_0.id,w1_0.address,w1_0.is_default,w1_0.name,w1_0.user_id from wallets w1_0 left join users u1_0 on u1_0.id=w1_0.user_id where u1_0.id=?] [ERROR: column w1_0.address does not exist
  Позиция: 16] [n/a]; SQL [n/a]'
2026-09-16 15:51:13.711 [http-nio-8080-exec-10] ERROR c.c.e.core.aspect.LoggingAspect - Exception in com.crypto.exchange.web.controller.WalletController.createWallet() with cause = 'org.hibernate.exception.SQLGrammarException: JDBC exception executing SQL [select w1_0.id,w1_0.address,w1_0.is_default,w1_0.name,w1_0.user_id from wallets w1_0 left join users u1_0 on u1_0.id=w1_0.user_id where u1_0.id=?] [ERROR: column w1_0.address does not exist
  Позиция: 16] [n/a]' and exception = 'JDBC exception executing SQL [select w1_0.id,w1_0.address,w1_0.is_default,w1_0.name,w1_0.user_id from wallets w1_0 left join users u1_0 on u1_0.id=w1_0.user_id where u1_0.id=?] [ERROR: column w1_0.address does not exist
  Позиция: 16] [n/a]; SQL [n/a]'
2026-09-16 15:51:13.711 [http-nio-8080-exec-10] ERROR c.c.e.c.e.GlobalExceptionHandler - Unhandled Internal Server Error
org.springframework.dao.InvalidDataAccessResourceUsageException: JDBC exception executing SQL [select w1_0.id,w1_0.address,w1_0.is_default,w1_0.name,w1_0.user_id from wallets w1_0 left join users u1_0 on u1_0.id=w1_0.user_id where u1_0.id=?] [ERROR: column w1_0.address does not exist
  Позиция: 16] [n/a]; SQL [n/a]
	at org.springframework.orm.jpa.vendor.HibernateJpaDialect.convertHibernateAccessException(HibernateJpaDialect.java:277)
	at org.springframework.orm.jpa.vendor.HibernateJpaDialect.translateExceptionIfPossible(HibernateJpaDialect.java:241)
	at org.springframework.orm.jpa.AbstractEntityManagerFactoryBean.translateExceptionIfPossible(AbstractEntityManagerFactoryBean.java:550)
	at org.springframework.dao.support.ChainedPersistenceExceptionTranslator.translateExceptionIfPossible(ChainedPersistenceExceptionTranslator.java:61)
	at org.springframework.dao.support.DataAccessUtils.translateIfNecessary(DataAccessUtils.java:335)
	at org.springframework.dao.support.PersistenceExceptionTranslationInterceptor.invoke(PersistenceExceptionTranslationInterceptor.java:152)
	at org.springframework.aop.framework.ReflectiveMethodInvocation.proceed(ReflectiveMethodInvocation.java:184)
	at org.springframework.data.jpa.repository.support.CrudMethodMetadataPostProcessor$CrudMethodMetadataPopulatingMethodInterceptor.invoke(CrudMethodMetadataPostProcessor.java:135)
	at org.springframework.aop.framework.ReflectiveMethodInvocation.proceed(ReflectiveMethodInvocation.java:184)
	at org.springframework.aop.interceptor.ExposeInvocationInterceptor.invoke(ExposeInvocationInterceptor.java:97)
	at org.springframework.aop.framework.ReflectiveMethodInvocation.proceed(ReflectiveMethodInvocation.java:184)
	at org.springframework.aop.framework.JdkDynamicAopProxy.invoke(JdkDynamicAopProxy.java:223)
	at jdk.proxy4/jdk.proxy4.$Proxy167.findAllByUserId(Unknown Source)
	at com.crypto.exchange.core.service.implementation.WalletServiceImpl.createWallet(WalletServiceImpl.java:41)
	at java.base/jdk.internal.reflect.DirectMethodHandleAccessor.invoke(DirectMethodHandleAccessor.java:103)
	at java.base/java.lang.reflect.Method.invoke(Method.java:580)
	at org.springframework.aop.support.AopUtils.invokeJoinpointUsingReflection(AopUtils.java:354)
	at org.springframework.aop.framework.ReflectiveMethodInvocation.invokeJoinpoint(ReflectiveMethodInvocation.java:196)
	at org.springframework.aop.framework.ReflectiveMethodInvocation.proceed(ReflectiveMethodInvocation.java:163)
	at org.springframework.aop.framework.CglibAopProxy$CglibMethodInvocation.proceed(CglibAopProxy.java:768)
	at org.springframework.aop.aspectj.MethodInvocationProceedingJoinPoint.proceed(MethodInvocationProceedingJoinPoint.java:89)
	at com.crypto.exchange.core.aspect.LoggingAspect.logExecutionDetails(LoggingAspect.java:37)
	at java.base/jdk.internal.reflect.DirectMethodHandleAccessor.invoke(DirectMethodHandleAccessor.java:103)
	at java.base/java.lang.reflect.Method.invoke(Method.java:580)
	at org.springframework.aop.aspectj.AbstractAspectJAdvice.invokeAdviceMethodWithGivenArgs(AbstractAspectJAdvice.java:637)
	at org.springframework.aop.aspectj.AbstractAspectJAdvice.invokeAdviceMethod(AbstractAspectJAdvice.java:627)
	at org.springframework.aop.aspectj.AspectJAroundAdvice.invoke(AspectJAroundAdvice.java:71)
	at org.springframework.aop.framework.ReflectiveMethodInvocation.proceed(ReflectiveMethodInvocation.java:184)
	at org.springframework.aop.framework.CglibAopProxy$CglibMethodInvocation.proceed(CglibAopProxy.java:768)
	at org.springframework.transaction.interceptor.TransactionInterceptor$1.proceedWithInvocation(TransactionInterceptor.java:123)
	at org.springframework.transaction.interceptor.TransactionAspectSupport.invokeWithinTransaction(TransactionAspectSupport.java:392)
	at org.springframework.transaction.interceptor.TransactionInterceptor.invoke(TransactionInterceptor.java:119)
	at org.springframework.aop.framework.ReflectiveMethodInvocation.proceed(ReflectiveMethodInvocation.java:184)
	at org.springframework.aop.framework.CglibAopProxy$CglibMethodInvocation.proceed(CglibAopProxy.java:768)
	at org.springframework.aop.interceptor.ExposeInvocationInterceptor.invoke(ExposeInvocationInterceptor.java:97)
	at org.springframework.aop.framework.ReflectiveMethodInvocation.proceed(ReflectiveMethodInvocation.java:184)
	at org.springframework.aop.framework.CglibAopProxy$CglibMethodInvocation.proceed(CglibAopProxy.java:768)
	at org.springframework.aop.framework.CglibAopProxy$DynamicAdvisedInterceptor.intercept(CglibAopProxy.java:720)
	at com.crypto.exchange.core.service.implementation.WalletServiceImpl$$SpringCGLIB$$0.createWallet(<generated>)
	at com.crypto.exchange.web.controller.WalletController.createWallet(WalletController.java:35)
	at java.base/jdk.internal.reflect.DirectMethodHandleAccessor.invoke(DirectMethodHandleAccessor.java:103)
	at java.base/java.lang.reflect.Method.invoke(Method.java:580)
	at org.springframework.aop.support.AopUtils.invokeJoinpointUsingReflection(AopUtils.java:354)
	at org.springframework.aop.framework.ReflectiveMethodInvocation.invokeJoinpoint(ReflectiveMethodInvocation.java:196)
	at org.springframework.aop.framework.ReflectiveMethodInvocation.proceed(ReflectiveMethodInvocation.java:163)
	at org.springframework.aop.framework.CglibAopProxy$CglibMethodInvocation.proceed(CglibAopProxy.java:768)
	at org.springframework.aop.aspectj.MethodInvocationProceedingJoinPoint.proceed(MethodInvocationProceedingJoinPoint.java:89)
	at com.crypto.exchange.core.aspect.LoggingAspect.logExecutionDetails(LoggingAspect.java:37)
	at java.base/jdk.internal.reflect.DirectMethodHandleAccessor.invoke(DirectMethodHandleAccessor.java:103)
	at java.base/java.lang.reflect.Method.invoke(Method.java:580)
	at org.springframework.aop.aspectj.AbstractAspectJAdvice.invokeAdviceMethodWithGivenArgs(AbstractAspectJAdvice.java:637)
	at org.springframework.aop.aspectj.AbstractAspectJAdvice.invokeAdviceMethod(AbstractAspectJAdvice.java:627)
	at org.springframework.aop.aspectj.AspectJAroundAdvice.invoke(AspectJAroundAdvice.java:71)
	at org.springframework.aop.framework.ReflectiveMethodInvocation.proceed(ReflectiveMethodInvocation.java:184)
	at org.springframework.aop.framework.CglibAopProxy$CglibMethodInvocation.proceed(CglibAopProxy.java:768)
	at org.springframework.aop.interceptor.ExposeInvocationInterceptor.invoke(ExposeInvocationInterceptor.java:97)
	at org.springframework.aop.framework.ReflectiveMethodInvocation.proceed(ReflectiveMethodInvocation.java:184)
	at org.springframework.aop.framework.CglibAopProxy$CglibMethodInvocation.proceed(CglibAopProxy.java:768)
	at org.springframework.aop.framework.CglibAopProxy$DynamicAdvisedInterceptor.intercept(CglibAopProxy.java:720)
	at com.crypto.exchange.web.controller.WalletController$$SpringCGLIB$$0.createWallet(<generated>)
	at java.base/jdk.internal.reflect.DirectMethodHandleAccessor.invoke(DirectMethodHandleAccessor.java:103)
	at java.base/java.lang.reflect.Method.invoke(Method.java:580)
	at org.springframework.web.method.support.InvocableHandlerMethod.doInvoke(InvocableHandlerMethod.java:255)
	at org.springframework.web.method.support.InvocableHandlerMethod.invokeForRequest(InvocableHandlerMethod.java:188)
	at org.springframework.web.servlet.mvc.method.annotation.ServletInvocableHandlerMethod.invokeAndHandle(ServletInvocableHandlerMethod.java:118)
	at org.springframework.web.servlet.mvc.method.annotation.RequestMappingHandlerAdapter.invokeHandlerMethod(RequestMappingHandlerAdapter.java:926)
	at org.springframework.web.servlet.mvc.method.annotation.RequestMappingHandlerAdapter.handleInternal(RequestMappingHandlerAdapter.java:831)
	at org.springframework.web.servlet.mvc.method.AbstractHandlerMethodAdapter.handle(AbstractHandlerMethodAdapter.java:87)
	at org.springframework.web.servlet.DispatcherServlet.doDispatch(DispatcherServlet.java:1089)
	at org.springframework.web.servlet.DispatcherServlet.doService(DispatcherServlet.java:979)
	at org.springframework.web.servlet.FrameworkServlet.processRequest(FrameworkServlet.java:1014)
	at org.springframework.web.servlet.FrameworkServlet.doPost(FrameworkServlet.java:914)
	at jakarta.servlet.http.HttpServlet.service(HttpServlet.java:590)
	at org.springframework.web.servlet.FrameworkServlet.service(FrameworkServlet.java:885)
	at jakarta.servlet.http.HttpServlet.service(HttpServlet.java:658)
	at org.apache.catalina.core.ApplicationFilterChain.internalDoFilter(ApplicationFilterChain.java:206)
	at org.apache.catalina.core.ApplicationFilterChain.doFilter(ApplicationFilterChain.java:150)
	at org.apache.tomcat.websocket.server.WsFilter.doFilter(WsFilter.java:51)
	at org.apache.catalina.core.ApplicationFilterChain.internalDoFilter(ApplicationFilterChain.java:175)
	at org.apache.catalina.core.ApplicationFilterChain.doFilter(ApplicationFilterChain.java:150)
	at org.springframework.web.filter.OncePerRequestFilter.doFilter(OncePerRequestFilter.java:110)
	at org.apache.catalina.core.ApplicationFilterChain.internalDoFilter(ApplicationFilterChain.java:175)
	at org.apache.catalina.core.ApplicationFilterChain.doFilter(ApplicationFilterChain.java:150)
	at org.springframework.web.filter.CompositeFilter$VirtualFilterChain.doFilter(CompositeFilter.java:108)
	at org.springframework.security.web.FilterChainProxy.lambda$doFilterInternal$3(FilterChainProxy.java:231)
	at org.springframework.security.web.FilterChainProxy$VirtualFilterChain.doFilter(FilterChainProxy.java:365)
	at org.springframework.security.web.access.intercept.AuthorizationFilter.doFilter(AuthorizationFilter.java:100)
	at org.springframework.security.web.FilterChainProxy$VirtualFilterChain.doFilter(FilterChainProxy.java:374)
	at org.springframework.security.web.access.ExceptionTranslationFilter.doFilter(ExceptionTranslationFilter.java:126)
	at org.springframework.security.web.access.ExceptionTranslationFilter.doFilter(ExceptionTranslationFilter.java:120)
	at org.springframework.security.web.FilterChainProxy$VirtualFilterChain.doFilter(FilterChainProxy.java:374)
	at org.springframework.security.web.session.SessionManagementFilter.doFilter(SessionManagementFilter.java:131)
	at org.springframework.security.web.session.SessionManagementFilter.doFilter(SessionManagementFilter.java:85)
	at org.springframework.security.web.FilterChainProxy$VirtualFilterChain.doFilter(FilterChainProxy.java:374)
	at org.springframework.security.web.authentication.AnonymousAuthenticationFilter.doFilter(AnonymousAuthenticationFilter.java:100)
	at org.springframework.security.web.FilterChainProxy$VirtualFilterChain.doFilter(FilterChainProxy.java:374)
	at org.springframework.security.web.servletapi.SecurityContextHolderAwareRequestFilter.doFilter(SecurityContextHolderAwareRequestFilter.java:179)
	at org.springframework.security.web.FilterChainProxy$VirtualFilterChain.doFilter(FilterChainProxy.java:374)
	at org.springframework.security.web.savedrequest.RequestCacheAwareFilter.doFilter(RequestCacheAwareFilter.java:63)
	at org.springframework.security.web.FilterChainProxy$VirtualFilterChain.doFilter(FilterChainProxy.java:374)
	at com.crypto.exchange.web.security.JwtAuthenticationFilter.doFilterInternal(JwtAuthenticationFilter.java:49)
	at org.springframework.web.filter.OncePerRequestFilter.doFilter(OncePerRequestFilter.java:116)
	at org.springframework.security.web.FilterChainProxy$VirtualFilterChain.doFilter(FilterChainProxy.java:374)
	at org.springframework.security.web.authentication.logout.LogoutFilter.doFilter(LogoutFilter.java:107)
	at org.springframework.security.web.authentication.logout.LogoutFilter.doFilter(LogoutFilter.java:93)
	at org.springframework.security.web.FilterChainProxy$VirtualFilterChain.doFilter(FilterChainProxy.java:374)
	at org.springframework.web.filter.CorsFilter.doFilterInternal(CorsFilter.java:91)
	at org.springframework.web.filter.OncePerRequestFilter.doFilter(OncePerRequestFilter.java:116)
	at org.springframework.security.web.FilterChainProxy$VirtualFilterChain.doFilter(FilterChainProxy.java:374)
	at org.springframework.security.web.header.HeaderWriterFilter.doHeadersAfter(HeaderWriterFilter.java:90)
	at org.springframework.security.web.header.HeaderWriterFilter.doFilterInternal(HeaderWriterFilter.java:75)
	at org.springframework.web.filter.OncePerRequestFilter.doFilter(OncePerRequestFilter.java:116)
	at org.springframework.security.web.FilterChainProxy$VirtualFilterChain.doFilter(FilterChainProxy.java:374)
	at org.springframework.security.web.context.SecurityContextHolderFilter.doFilter(SecurityContextHolderFilter.java:82)
	at org.springframework.security.web.context.SecurityContextHolderFilter.doFilter(SecurityContextHolderFilter.java:69)
	at org.springframework.security.web.FilterChainProxy$VirtualFilterChain.doFilter(FilterChainProxy.java:374)
	at org.springframework.security.web.context.request.async.WebAsyncManagerIntegrationFilter.doFilterInternal(WebAsyncManagerIntegrationFilter.java:62)
	at org.springframework.web.filter.OncePerRequestFilter.doFilter(OncePerRequestFilter.java:116)
	at org.springframework.security.web.FilterChainProxy$VirtualFilterChain.doFilter(FilterChainProxy.java:374)
	at org.springframework.security.web.session.DisableEncodeUrlFilter.doFilterInternal(DisableEncodeUrlFilter.java:42)
	at org.springframework.web.filter.OncePerRequestFilter.doFilter(OncePerRequestFilter.java:116)
	at org.springframework.security.web.FilterChainProxy$VirtualFilterChain.doFilter(FilterChainProxy.java:374)
	at org.springframework.security.web.FilterChainProxy.doFilterInternal(FilterChainProxy.java:233)
	at org.springframework.security.web.FilterChainProxy.doFilter(FilterChainProxy.java:191)
	at org.springframework.web.filter.CompositeFilter$VirtualFilterChain.doFilter(CompositeFilter.java:113)
	at org.springframework.web.servlet.handler.HandlerMappingIntrospector.lambda$createCacheFilter$3(HandlerMappingIntrospector.java:195)
	at org.springframework.web.filter.CompositeFilter$VirtualFilterChain.doFilter(CompositeFilter.java:113)
	at org.springframework.web.filter.CompositeFilter.doFilter(CompositeFilter.java:74)
	at org.springframework.security.config.annotation.web.configuration.WebMvcSecurityConfiguration$CompositeFilterChainProxy.doFilter(WebMvcSecurityConfiguration.java:230)
	at org.springframework.web.filter.DelegatingFilterProxy.invokeDelegate(DelegatingFilterProxy.java:352)
	at org.springframework.web.filter.DelegatingFilterProxy.doFilter(DelegatingFilterProxy.java:268)
	at org.apache.catalina.core.ApplicationFilterChain.internalDoFilter(ApplicationFilterChain.java:175)
	at org.apache.catalina.core.ApplicationFilterChain.doFilter(ApplicationFilterChain.java:150)
	at org.springframework.web.filter.RequestContextFilter.doFilterInternal(RequestContextFilter.java:100)
	at org.springframework.web.filter.OncePerRequestFilter.doFilter(OncePerRequestFilter.java:116)
	at org.apache.catalina.core.ApplicationFilterChain.internalDoFilter(ApplicationFilterChain.java:175)
	at org.apache.catalina.core.ApplicationFilterChain.doFilter(ApplicationFilterChain.java:150)
	at org.springframework.web.filter.FormContentFilter.doFilterInternal(FormContentFilter.java:93)
	at org.springframework.web.filter.OncePerRequestFilter.doFilter(OncePerRequestFilter.java:116)
	at org.apache.catalina.core.ApplicationFilterChain.internalDoFilter(ApplicationFilterChain.java:175)
	at org.apache.catalina.core.ApplicationFilterChain.doFilter(ApplicationFilterChain.java:150)
	at org.springframework.web.filter.CharacterEncodingFilter.doFilterInternal(CharacterEncodingFilter.java:201)
	at org.springframework.web.filter.OncePerRequestFilter.doFilter(OncePerRequestFilter.java:116)
	at org.apache.catalina.core.ApplicationFilterChain.internalDoFilter(ApplicationFilterChain.java:175)
	at org.apache.catalina.core.ApplicationFilterChain.doFilter(ApplicationFilterChain.java:150)
	at org.apache.catalina.core.StandardWrapperValve.invoke(StandardWrapperValve.java:167)
	at org.apache.catalina.core.StandardContextValve.invoke(StandardContextValve.java:90)
	at org.apache.catalina.authenticator.AuthenticatorBase.invoke(AuthenticatorBase.java:482)
	at org.apache.catalina.core.StandardHostValve.invoke(StandardHostValve.java:115)
	at org.apache.catalina.valves.ErrorReportValve.invoke(ErrorReportValve.java:93)
	at org.apache.catalina.core.StandardEngineValve.invoke(StandardEngineValve.java:74)
	at org.apache.catalina.connector.CoyoteAdapter.service(CoyoteAdapter.java:344)
	at org.apache.coyote.http11.Http11Processor.service(Http11Processor.java:391)
	at org.apache.coyote.AbstractProcessorLight.process(AbstractProcessorLight.java:63)
	at org.apache.coyote.AbstractProtocol$ConnectionHandler.process(AbstractProtocol.java:896)
	at org.apache.tomcat.util.net.NioEndpoint$SocketProcessor.doRun(NioEndpoint.java:1736)
	at org.apache.tomcat.util.net.SocketProcessorBase.run(SocketProcessorBase.java:52)
	at org.apache.tomcat.util.threads.ThreadPoolExecutor.runWorker(ThreadPoolExecutor.java:1191)
	at org.apache.tomcat.util.threads.ThreadPoolExecutor$Worker.run(ThreadPoolExecutor.java:659)
	at org.apache.tomcat.util.threads.TaskThread$WrappingRunnable.run(TaskThread.java:63)
	at java.base/java.lang.Thread.run(Thread.java:1575)
Caused by: org.hibernate.exception.SQLGrammarException: JDBC exception executing SQL [select w1_0.id,w1_0.address,w1_0.is_default,w1_0.name,w1_0.user_id from wallets w1_0 left join users u1_0 on u1_0.id=w1_0.user_id where u1_0.id=?] [ERROR: column w1_0.address does not exist
  Позиция: 16] [n/a]
	at org.hibernate.exception.internal.SQLStateConversionDelegate.convert(SQLStateConversionDelegate.java:91)
	at org.hibernate.exception.internal.StandardSQLExceptionConverter.convert(StandardSQLExceptionConverter.java:58)
	at org.hibernate.engine.jdbc.spi.SqlExceptionHelper.convert(SqlExceptionHelper.java:108)
	at org.hibernate.engine.jdbc.spi.SqlExceptionHelper.convert(SqlExceptionHelper.java:94)
	at org.hibernate.sql.results.jdbc.internal.DeferredResultSetAccess.executeQuery(DeferredResultSetAccess.java:265)
	at org.hibernate.sql.results.jdbc.internal.DeferredResultSetAccess.getResultSet(DeferredResultSetAccess.java:167)
	at org.hibernate.sql.results.jdbc.internal.JdbcValuesResultSetImpl.advanceNext(JdbcValuesResultSetImpl.java:218)
	at org.hibernate.sql.results.jdbc.internal.JdbcValuesResultSetImpl.processNext(JdbcValuesResultSetImpl.java:98)
	at org.hibernate.sql.results.jdbc.internal.AbstractJdbcValues.next(AbstractJdbcValues.java:19)
	at org.hibernate.sql.results.internal.RowProcessingStateStandardImpl.next(RowProcessingStateStandardImpl.java:66)
	at org.hibernate.sql.results.spi.ListResultsConsumer.consume(ListResultsConsumer.java:202)
	at org.hibernate.sql.results.spi.ListResultsConsumer.consume(ListResultsConsumer.java:33)
	at org.hibernate.sql.exec.internal.JdbcSelectExecutorStandardImpl.doExecuteQuery(JdbcSelectExecutorStandardImpl.java:209)
	at org.hibernate.sql.exec.internal.JdbcSelectExecutorStandardImpl.executeQuery(JdbcSelectExecutorStandardImpl.java:83)
	at org.hibernate.sql.exec.spi.JdbcSelectExecutor.list(JdbcSelectExecutor.java:76)
	at org.hibernate.sql.exec.spi.JdbcSelectExecutor.list(JdbcSelectExecutor.java:65)
	at org.hibernate.query.sqm.internal.ConcreteSqmSelectQueryPlan.lambda$new$2(ConcreteSqmSelectQueryPlan.java:137)
	at org.hibernate.query.sqm.internal.ConcreteSqmSelectQueryPlan.withCacheableSqmInterpretation(ConcreteSqmSelectQueryPlan.java:362)
	at org.hibernate.query.sqm.internal.ConcreteSqmSelectQueryPlan.performList(ConcreteSqmSelectQueryPlan.java:303)
	at org.hibernate.query.sqm.internal.QuerySqmImpl.doList(QuerySqmImpl.java:509)
	at org.hibernate.query.spi.AbstractSelectionQuery.list(AbstractSelectionQuery.java:427)
	at org.hibernate.query.Query.getResultList(Query.java:120)
	at org.springframework.data.jpa.repository.query.JpaQueryExecution$CollectionExecution.doExecute(JpaQueryExecution.java:129)
	at org.springframework.data.jpa.repository.query.JpaQueryExecution.execute(JpaQueryExecution.java:92)
	at org.springframework.data.jpa.repository.query.AbstractJpaQuery.doExecute(AbstractJpaQuery.java:149)
	at org.springframework.data.jpa.repository.query.AbstractJpaQuery.execute(AbstractJpaQuery.java:137)
	at org.springframework.data.repository.core.support.RepositoryMethodInvoker.doInvoke(RepositoryMethodInvoker.java:170)
	at org.springframework.data.repository.core.support.RepositoryMethodInvoker.invoke(RepositoryMethodInvoker.java:158)
	at org.springframework.data.repository.core.support.QueryExecutorMethodInterceptor.doInvoke(QueryExecutorMethodInterceptor.java:164)
	at org.springframework.data.repository.core.support.QueryExecutorMethodInterceptor.invoke(QueryExecutorMethodInterceptor.java:143)
	at org.springframework.aop.framework.ReflectiveMethodInvocation.proceed(ReflectiveMethodInvocation.java:184)
	at org.springframework.data.projection.DefaultMethodInvokingMethodInterceptor.invoke(DefaultMethodInvokingMethodInterceptor.java:70)
	at org.springframework.aop.framework.ReflectiveMethodInvocation.proceed(ReflectiveMethodInvocation.java:184)
	at org.springframework.transaction.interceptor.TransactionInterceptor$1.proceedWithInvocation(TransactionInterceptor.java:123)
	at org.springframework.transaction.interceptor.TransactionAspectSupport.invokeWithinTransaction(TransactionAspectSupport.java:392)
	at org.springframework.transaction.interceptor.TransactionInterceptor.invoke(TransactionInterceptor.java:119)
	at org.springframework.aop.framework.ReflectiveMethodInvocation.proceed(ReflectiveMethodInvocation.java:184)
	at org.springframework.dao.support.PersistenceExceptionTranslationInterceptor.invoke(PersistenceExceptionTranslationInterceptor.java:137)
	... 155 common frames omitted
Caused by: org.postgresql.util.PSQLException: ERROR: column w1_0.address does not exist
  Позиция: 16
	at org.postgresql.core.v3.QueryExecutorImpl.receiveErrorResponse(QueryExecutorImpl.java:2713)
	at org.postgresql.core.v3.QueryExecutorImpl.processResults(QueryExecutorImpl.java:2401)
	at org.postgresql.core.v3.QueryExecutorImpl.execute(QueryExecutorImpl.java:368)
	at org.postgresql.jdbc.PgStatement.executeInternal(PgStatement.java:498)
	at org.postgresql.jdbc.PgStatement.execute(PgStatement.java:415)
	at org.postgresql.jdbc.PgPreparedStatement.executeWithFlags(PgPreparedStatement.java:190)
	at org.postgresql.jdbc.PgPreparedStatement.executeQuery(PgPreparedStatement.java:134)
	at com.zaxxer.hikari.pool.ProxyPreparedStatement.executeQuery(ProxyPreparedStatement.java:52)
	at com.zaxxer.hikari.pool.HikariProxyPreparedStatement.executeQuery(HikariProxyPreparedStatement.java)
	at org.hibernate.sql.results.jdbc.internal.DeferredResultSetAccess.executeQuery(DeferredResultSetAccess.java:246)
	... 188 common frames omitted
2026-09-16 15:51:13.720 [http-nio-8080-exec-10] WARN  o.s.w.s.m.m.a.ExceptionHandlerExceptionResolver - Resolved [org.springframework.dao.InvalidDataAccessResourceUsageException: JDBC exception executing SQL [select w1_0.id,w1_0.address,w1_0.is_default,w1_0.name,w1_0.user_id from wallets w1_0 left join users u1_0 on u1_0.id=w1_0.user_id where u1_0.id=?] [ERROR: column w1_0.address does not exist<EOL>  Позиция: 16] [n/a]; SQL [n/a]]
2026-09-16 15:51:32.158 [http-nio-8080-exec-1] INFO  c.c.e.core.aspect.LoggingAspect - Enter: com.crypto.exchange.web.controller.WalletController.createWallet() with argument(s) = [com.crypto.exchange.web.security.UserPrincipal@4d97e4e, CreateWalletRequestDto[name=wallet12, isDefault=true]]
2026-09-16 15:51:32.159 [http-nio-8080-exec-1] INFO  c.c.e.core.aspect.LoggingAspect - Enter: com.crypto.exchange.core.service.implementation.WalletServiceImpl.createWallet() with argument(s) = [1, CreateWalletRequestDto[name=wallet12, isDefault=true]]
2026-09-16 15:51:32.166 [http-nio-8080-exec-1] WARN  o.h.e.jdbc.spi.SqlExceptionHelper - SQL Error: 0, SQLState: 42703
2026-09-16 15:51:32.166 [http-nio-8080-exec-1] ERROR o.h.e.jdbc.spi.SqlExceptionHelper - ERROR: column w1_0.address does not exist
  Позиция: 16
2026-09-16 15:51:32.166 [http-nio-8080-exec-1] ERROR c.c.e.core.aspect.LoggingAspect - Exception in com.crypto.exchange.core.service.implementation.WalletServiceImpl.createWallet() with cause = 'org.hibernate.exception.SQLGrammarException: JDBC exception executing SQL [select w1_0.id,w1_0.address,w1_0.is_default,w1_0.name,w1_0.user_id from wallets w1_0 left join users u1_0 on u1_0.id=w1_0.user_id where u1_0.id=?] [ERROR: column w1_0.address does not exist
  Позиция: 16] [n/a]' and exception = 'JDBC exception executing SQL [select w1_0.id,w1_0.address,w1_0.is_default,w1_0.name,w1_0.user_id from wallets w1_0 left join users u1_0 on u1_0.id=w1_0.user_id where u1_0.id=?] [ERROR: column w1_0.address does not exist
  Позиция: 16] [n/a]; SQL [n/a]'
2026-09-16 15:51:32.166 [http-nio-8080-exec-1] ERROR c.c.e.core.aspect.LoggingAspect - Exception in com.crypto.exchange.web.controller.WalletController.createWallet() with cause = 'org.hibernate.exception.SQLGrammarException: JDBC exception executing SQL [select w1_0.id,w1_0.address,w1_0.is_default,w1_0.name,w1_0.user_id from wallets w1_0 left join users u1_0 on u1_0.id=w1_0.user_id where u1_0.id=?] [ERROR: column w1_0.address does not exist
  Позиция: 16] [n/a]' and exception = 'JDBC exception executing SQL [select w1_0.id,w1_0.address,w1_0.is_default,w1_0.name,w1_0.user_id from wallets w1_0 left join users u1_0 on u1_0.id=w1_0.user_id where u1_0.id=?] [ERROR: column w1_0.address does not exist
  Позиция: 16] [n/a]; SQL [n/a]'
2026-09-16 15:51:32.166 [http-nio-8080-exec-1] ERROR c.c.e.c.e.GlobalExceptionHandler - Unhandled Internal Server Error
org.springframework.dao.InvalidDataAccessResourceUsageException: JDBC exception executing SQL [select w1_0.id,w1_0.address,w1_0.is_default,w1_0.name,w1_0.user_id from wallets w1_0 left join users u1_0 on u1_0.id=w1_0.user_id where u1_0.id=?] [ERROR: column w1_0.address does not exist
  Позиция: 16] [n/a]; SQL [n/a]
	at org.springframework.orm.jpa.vendor.HibernateJpaDialect.convertHibernateAccessException(HibernateJpaDialect.java:277)
	at org.springframework.orm.jpa.vendor.HibernateJpaDialect.translateExceptionIfPossible(HibernateJpaDialect.java:241)
	at org.springframework.orm.jpa.AbstractEntityManagerFactoryBean.translateExceptionIfPossible(AbstractEntityManagerFactoryBean.java:550)
	at org.springframework.dao.support.ChainedPersistenceExceptionTranslator.translateExceptionIfPossible(ChainedPersistenceExceptionTranslator.java:61)
	at org.springframework.dao.support.DataAccessUtils.translateIfNecessary(DataAccessUtils.java:335)
	at org.springframework.dao.support.PersistenceExceptionTranslationInterceptor.invoke(PersistenceExceptionTranslationInterceptor.java:152)
	at org.springframework.aop.framework.ReflectiveMethodInvocation.proceed(ReflectiveMethodInvocation.java:184)
	at org.springframework.data.jpa.repository.support.CrudMethodMetadataPostProcessor$CrudMethodMetadataPopulatingMethodInterceptor.invoke(CrudMethodMetadataPostProcessor.java:135)
	at org.springframework.aop.framework.ReflectiveMethodInvocation.proceed(ReflectiveMethodInvocation.java:184)
	at org.springframework.aop.interceptor.ExposeInvocationInterceptor.invoke(ExposeInvocationInterceptor.java:97)
	at org.springframework.aop.framework.ReflectiveMethodInvocation.proceed(ReflectiveMethodInvocation.java:184)
	at org.springframework.aop.framework.JdkDynamicAopProxy.invoke(JdkDynamicAopProxy.java:223)
	at jdk.proxy4/jdk.proxy4.$Proxy167.findAllByUserId(Unknown Source)
	at com.crypto.exchange.core.service.implementation.WalletServiceImpl.createWallet(WalletServiceImpl.java:41)
	at java.base/jdk.internal.reflect.DirectMethodHandleAccessor.invoke(DirectMethodHandleAccessor.java:103)
	at java.base/java.lang.reflect.Method.invoke(Method.java:580)
	at org.springframework.aop.support.AopUtils.invokeJoinpointUsingReflection(AopUtils.java:354)
	at org.springframework.aop.framework.ReflectiveMethodInvocation.invokeJoinpoint(ReflectiveMethodInvocation.java:196)
	at org.springframework.aop.framework.ReflectiveMethodInvocation.proceed(ReflectiveMethodInvocation.java:163)
	at org.springframework.aop.framework.CglibAopProxy$CglibMethodInvocation.proceed(CglibAopProxy.java:768)
	at org.springframework.aop.aspectj.MethodInvocationProceedingJoinPoint.proceed(MethodInvocationProceedingJoinPoint.java:89)
	at com.crypto.exchange.core.aspect.LoggingAspect.logExecutionDetails(LoggingAspect.java:37)
	at java.base/jdk.internal.reflect.DirectMethodHandleAccessor.invoke(DirectMethodHandleAccessor.java:103)
	at java.base/java.lang.reflect.Method.invoke(Method.java:580)
	at org.springframework.aop.aspectj.AbstractAspectJAdvice.invokeAdviceMethodWithGivenArgs(AbstractAspectJAdvice.java:637)
	at org.springframework.aop.aspectj.AbstractAspectJAdvice.invokeAdviceMethod(AbstractAspectJAdvice.java:627)
	at org.springframework.aop.aspectj.AspectJAroundAdvice.invoke(AspectJAroundAdvice.java:71)
	at org.springframework.aop.framework.ReflectiveMethodInvocation.proceed(ReflectiveMethodInvocation.java:184)
	at org.springframework.aop.framework.CglibAopProxy$CglibMethodInvocation.proceed(CglibAopProxy.java:768)
	at org.springframework.transaction.interceptor.TransactionInterceptor$1.proceedWithInvocation(TransactionInterceptor.java:123)
	at org.springframework.transaction.interceptor.TransactionAspectSupport.invokeWithinTransaction(TransactionAspectSupport.java:392)
	at org.springframework.transaction.interceptor.TransactionInterceptor.invoke(TransactionInterceptor.java:119)
	at org.springframework.aop.framework.ReflectiveMethodInvocation.proceed(ReflectiveMethodInvocation.java:184)
	at org.springframework.aop.framework.CglibAopProxy$CglibMethodInvocation.proceed(CglibAopProxy.java:768)
	at org.springframework.aop.interceptor.ExposeInvocationInterceptor.invoke(ExposeInvocationInterceptor.java:97)
	at org.springframework.aop.framework.ReflectiveMethodInvocation.proceed(ReflectiveMethodInvocation.java:184)
	at org.springframework.aop.framework.CglibAopProxy$CglibMethodInvocation.proceed(CglibAopProxy.java:768)
	at org.springframework.aop.framework.CglibAopProxy$DynamicAdvisedInterceptor.intercept(CglibAopProxy.java:720)
	at com.crypto.exchange.core.service.implementation.WalletServiceImpl$$SpringCGLIB$$0.createWallet(<generated>)
	at com.crypto.exchange.web.controller.WalletController.createWallet(WalletController.java:35)
	at java.base/jdk.internal.reflect.DirectMethodHandleAccessor.invoke(DirectMethodHandleAccessor.java:103)
	at java.base/java.lang.reflect.Method.invoke(Method.java:580)
	at org.springframework.aop.support.AopUtils.invokeJoinpointUsingReflection(AopUtils.java:354)
	at org.springframework.aop.framework.ReflectiveMethodInvocation.invokeJoinpoint(ReflectiveMethodInvocation.java:196)
	at org.springframework.aop.framework.ReflectiveMethodInvocation.proceed(ReflectiveMethodInvocation.java:163)
	at org.springframework.aop.framework.CglibAopProxy$CglibMethodInvocation.proceed(CglibAopProxy.java:768)
	at org.springframework.aop.aspectj.MethodInvocationProceedingJoinPoint.proceed(MethodInvocationProceedingJoinPoint.java:89)
	at com.crypto.exchange.core.aspect.LoggingAspect.logExecutionDetails(LoggingAspect.java:37)
	at java.base/jdk.internal.reflect.DirectMethodHandleAccessor.invoke(DirectMethodHandleAccessor.java:103)
	at java.base/java.lang.reflect.Method.invoke(Method.java:580)
	at org.springframework.aop.aspectj.AbstractAspectJAdvice.invokeAdviceMethodWithGivenArgs(AbstractAspectJAdvice.java:637)
	at org.springframework.aop.aspectj.AbstractAspectJAdvice.invokeAdviceMethod(AbstractAspectJAdvice.java:627)
	at org.springframework.aop.aspectj.AspectJAroundAdvice.invoke(AspectJAroundAdvice.java:71)
	at org.springframework.aop.framework.ReflectiveMethodInvocation.proceed(ReflectiveMethodInvocation.java:184)
	at org.springframework.aop.framework.CglibAopProxy$CglibMethodInvocation.proceed(CglibAopProxy.java:768)
	at org.springframework.aop.interceptor.ExposeInvocationInterceptor.invoke(ExposeInvocationInterceptor.java:97)
	at org.springframework.aop.framework.ReflectiveMethodInvocation.proceed(ReflectiveMethodInvocation.java:184)
	at org.springframework.aop.framework.CglibAopProxy$CglibMethodInvocation.proceed(CglibAopProxy.java:768)
	at org.springframework.aop.framework.CglibAopProxy$DynamicAdvisedInterceptor.intercept(CglibAopProxy.java:720)
	at com.crypto.exchange.web.controller.WalletController$$SpringCGLIB$$0.createWallet(<generated>)
	at java.base/jdk.internal.reflect.DirectMethodHandleAccessor.invoke(DirectMethodHandleAccessor.java:103)
	at java.base/java.lang.reflect.Method.invoke(Method.java:580)
	at org.springframework.web.method.support.InvocableHandlerMethod.doInvoke(InvocableHandlerMethod.java:255)
	at org.springframework.web.method.support.InvocableHandlerMethod.invokeForRequest(InvocableHandlerMethod.java:188)
	at org.springframework.web.servlet.mvc.method.annotation.ServletInvocableHandlerMethod.invokeAndHandle(ServletInvocableHandlerMethod.java:118)
	at org.springframework.web.servlet.mvc.method.annotation.RequestMappingHandlerAdapter.invokeHandlerMethod(RequestMappingHandlerAdapter.java:926)
	at org.springframework.web.servlet.mvc.method.annotation.RequestMappingHandlerAdapter.handleInternal(RequestMappingHandlerAdapter.java:831)
	at org.springframework.web.servlet.mvc.method.AbstractHandlerMethodAdapter.handle(AbstractHandlerMethodAdapter.java:87)
	at org.springframework.web.servlet.DispatcherServlet.doDispatch(DispatcherServlet.java:1089)
	at org.springframework.web.servlet.DispatcherServlet.doService(DispatcherServlet.java:979)
	at org.springframework.web.servlet.FrameworkServlet.processRequest(FrameworkServlet.java:1014)
	at org.springframework.web.servlet.FrameworkServlet.doPost(FrameworkServlet.java:914)
	at jakarta.servlet.http.HttpServlet.service(HttpServlet.java:590)
	at org.springframework.web.servlet.FrameworkServlet.service(FrameworkServlet.java:885)
	at jakarta.servlet.http.HttpServlet.service(HttpServlet.java:658)
	at org.apache.catalina.core.ApplicationFilterChain.internalDoFilter(ApplicationFilterChain.java:206)
	at org.apache.catalina.core.ApplicationFilterChain.doFilter(ApplicationFilterChain.java:150)
	at org.apache.tomcat.websocket.server.WsFilter.doFilter(WsFilter.java:51)
	at org.apache.catalina.core.ApplicationFilterChain.internalDoFilter(ApplicationFilterChain.java:175)
	at org.apache.catalina.core.ApplicationFilterChain.doFilter(ApplicationFilterChain.java:150)
	at org.springframework.web.filter.OncePerRequestFilter.doFilter(OncePerRequestFilter.java:110)
	at org.apache.catalina.core.ApplicationFilterChain.internalDoFilter(ApplicationFilterChain.java:175)
	at org.apache.catalina.core.ApplicationFilterChain.doFilter(ApplicationFilterChain.java:150)
	at org.springframework.web.filter.CompositeFilter$VirtualFilterChain.doFilter(CompositeFilter.java:108)
	at org.springframework.security.web.FilterChainProxy.lambda$doFilterInternal$3(FilterChainProxy.java:231)
	at org.springframework.security.web.FilterChainProxy$VirtualFilterChain.doFilter(FilterChainProxy.java:365)
	at org.springframework.security.web.access.intercept.AuthorizationFilter.doFilter(AuthorizationFilter.java:100)
	at org.springframework.security.web.FilterChainProxy$VirtualFilterChain.doFilter(FilterChainProxy.java:374)
	at org.springframework.security.web.access.ExceptionTranslationFilter.doFilter(ExceptionTranslationFilter.java:126)
	at org.springframework.security.web.access.ExceptionTranslationFilter.doFilter(ExceptionTranslationFilter.java:120)
	at org.springframework.security.web.FilterChainProxy$VirtualFilterChain.doFilter(FilterChainProxy.java:374)
	at org.springframework.security.web.session.SessionManagementFilter.doFilter(SessionManagementFilter.java:131)
	at org.springframework.security.web.session.SessionManagementFilter.doFilter(SessionManagementFilter.java:85)
	at org.springframework.security.web.FilterChainProxy$VirtualFilterChain.doFilter(FilterChainProxy.java:374)
	at org.springframework.security.web.authentication.AnonymousAuthenticationFilter.doFilter(AnonymousAuthenticationFilter.java:100)
	at org.springframework.security.web.FilterChainProxy$VirtualFilterChain.doFilter(FilterChainProxy.java:374)
	at org.springframework.security.web.servletapi.SecurityContextHolderAwareRequestFilter.doFilter(SecurityContextHolderAwareRequestFilter.java:179)
	at org.springframework.security.web.FilterChainProxy$VirtualFilterChain.doFilter(FilterChainProxy.java:374)
	at org.springframework.security.web.savedrequest.RequestCacheAwareFilter.doFilter(RequestCacheAwareFilter.java:63)
	at org.springframework.security.web.FilterChainProxy$VirtualFilterChain.doFilter(FilterChainProxy.java:374)
	at com.crypto.exchange.web.security.JwtAuthenticationFilter.doFilterInternal(JwtAuthenticationFilter.java:49)
	at org.springframework.web.filter.OncePerRequestFilter.doFilter(OncePerRequestFilter.java:116)
	at org.springframework.security.web.FilterChainProxy$VirtualFilterChain.doFilter(FilterChainProxy.java:374)
	at org.springframework.security.web.authentication.logout.LogoutFilter.doFilter(LogoutFilter.java:107)
	at org.springframework.security.web.authentication.logout.LogoutFilter.doFilter(LogoutFilter.java:93)
	at org.springframework.security.web.FilterChainProxy$VirtualFilterChain.doFilter(FilterChainProxy.java:374)
	at org.springframework.web.filter.CorsFilter.doFilterInternal(CorsFilter.java:91)
	at org.springframework.web.filter.OncePerRequestFilter.doFilter(OncePerRequestFilter.java:116)
	at org.springframework.security.web.FilterChainProxy$VirtualFilterChain.doFilter(FilterChainProxy.java:374)
	at org.springframework.security.web.header.HeaderWriterFilter.doHeadersAfter(HeaderWriterFilter.java:90)
	at org.springframework.security.web.header.HeaderWriterFilter.doFilterInternal(HeaderWriterFilter.java:75)
	at org.springframework.web.filter.OncePerRequestFilter.doFilter(OncePerRequestFilter.java:116)
	at org.springframework.security.web.FilterChainProxy$VirtualFilterChain.doFilter(FilterChainProxy.java:374)
	at org.springframework.security.web.context.SecurityContextHolderFilter.doFilter(SecurityContextHolderFilter.java:82)
	at org.springframework.security.web.context.SecurityContextHolderFilter.doFilter(SecurityContextHolderFilter.java:69)
	at org.springframework.security.web.FilterChainProxy$VirtualFilterChain.doFilter(FilterChainProxy.java:374)
	at org.springframework.security.web.context.request.async.WebAsyncManagerIntegrationFilter.doFilterInternal(WebAsyncManagerIntegrationFilter.java:62)
	at org.springframework.web.filter.OncePerRequestFilter.doFilter(OncePerRequestFilter.java:116)
	at org.springframework.security.web.FilterChainProxy$VirtualFilterChain.doFilter(FilterChainProxy.java:374)
	at org.springframework.security.web.session.DisableEncodeUrlFilter.doFilterInternal(DisableEncodeUrlFilter.java:42)
	at org.springframework.web.filter.OncePerRequestFilter.doFilter(OncePerRequestFilter.java:116)
	at org.springframework.security.web.FilterChainProxy$VirtualFilterChain.doFilter(FilterChainProxy.java:374)
	at org.springframework.security.web.FilterChainProxy.doFilterInternal(FilterChainProxy.java:233)
	at org.springframework.security.web.FilterChainProxy.doFilter(FilterChainProxy.java:191)
	at org.springframework.web.filter.CompositeFilter$VirtualFilterChain.doFilter(CompositeFilter.java:113)
	at org.springframework.web.servlet.handler.HandlerMappingIntrospector.lambda$createCacheFilter$3(HandlerMappingIntrospector.java:195)
	at org.springframework.web.filter.CompositeFilter$VirtualFilterChain.doFilter(CompositeFilter.java:113)
	at org.springframework.web.filter.CompositeFilter.doFilter(CompositeFilter.java:74)
	at org.springframework.security.config.annotation.web.configuration.WebMvcSecurityConfiguration$CompositeFilterChainProxy.doFilter(WebMvcSecurityConfiguration.java:230)
	at org.springframework.web.filter.DelegatingFilterProxy.invokeDelegate(DelegatingFilterProxy.java:352)
	at org.springframework.web.filter.DelegatingFilterProxy.doFilter(DelegatingFilterProxy.java:268)
	at org.apache.catalina.core.ApplicationFilterChain.internalDoFilter(ApplicationFilterChain.java:175)
	at org.apache.catalina.core.ApplicationFilterChain.doFilter(ApplicationFilterChain.java:150)
	at org.springframework.web.filter.RequestContextFilter.doFilterInternal(RequestContextFilter.java:100)
	at org.springframework.web.filter.OncePerRequestFilter.doFilter(OncePerRequestFilter.java:116)
	at org.apache.catalina.core.ApplicationFilterChain.internalDoFilter(ApplicationFilterChain.java:175)
	at org.apache.catalina.core.ApplicationFilterChain.doFilter(ApplicationFilterChain.java:150)
	at org.springframework.web.filter.FormContentFilter.doFilterInternal(FormContentFilter.java:93)
	at org.springframework.web.filter.OncePerRequestFilter.doFilter(OncePerRequestFilter.java:116)
	at org.apache.catalina.core.ApplicationFilterChain.internalDoFilter(ApplicationFilterChain.java:175)
	at org.apache.catalina.core.ApplicationFilterChain.doFilter(ApplicationFilterChain.java:150)
	at org.springframework.web.filter.CharacterEncodingFilter.doFilterInternal(CharacterEncodingFilter.java:201)
	at org.springframework.web.filter.OncePerRequestFilter.doFilter(OncePerRequestFilter.java:116)
	at org.apache.catalina.core.ApplicationFilterChain.internalDoFilter(ApplicationFilterChain.java:175)
	at org.apache.catalina.core.ApplicationFilterChain.doFilter(ApplicationFilterChain.java:150)
	at org.apache.catalina.core.StandardWrapperValve.invoke(StandardWrapperValve.java:167)
	at org.apache.catalina.core.StandardContextValve.invoke(StandardContextValve.java:90)
	at org.apache.catalina.authenticator.AuthenticatorBase.invoke(AuthenticatorBase.java:482)
	at org.apache.catalina.core.StandardHostValve.invoke(StandardHostValve.java:115)
	at org.apache.catalina.valves.ErrorReportValve.invoke(ErrorReportValve.java:93)
	at org.apache.catalina.core.StandardEngineValve.invoke(StandardEngineValve.java:74)
	at org.apache.catalina.connector.CoyoteAdapter.service(CoyoteAdapter.java:344)
	at org.apache.coyote.http11.Http11Processor.service(Http11Processor.java:391)
	at org.apache.coyote.AbstractProcessorLight.process(AbstractProcessorLight.java:63)
	at org.apache.coyote.AbstractProtocol$ConnectionHandler.process(AbstractProtocol.java:896)
	at org.apache.tomcat.util.net.NioEndpoint$SocketProcessor.doRun(NioEndpoint.java:1736)
	at org.apache.tomcat.util.net.SocketProcessorBase.run(SocketProcessorBase.java:52)
	at org.apache.tomcat.util.threads.ThreadPoolExecutor.runWorker(ThreadPoolExecutor.java:1191)
	at org.apache.tomcat.util.threads.ThreadPoolExecutor$Worker.run(ThreadPoolExecutor.java:659)
	at org.apache.tomcat.util.threads.TaskThread$WrappingRunnable.run(TaskThread.java:63)
	at java.base/java.lang.Thread.run(Thread.java:1575)
Caused by: org.hibernate.exception.SQLGrammarException: JDBC exception executing SQL [select w1_0.id,w1_0.address,w1_0.is_default,w1_0.name,w1_0.user_id from wallets w1_0 left join users u1_0 on u1_0.id=w1_0.user_id where u1_0.id=?] [ERROR: column w1_0.address does not exist
  Позиция: 16] [n/a]
	at org.hibernate.exception.internal.SQLStateConversionDelegate.convert(SQLStateConversionDelegate.java:91)
	at org.hibernate.exception.internal.StandardSQLExceptionConverter.convert(StandardSQLExceptionConverter.java:58)
	at org.hibernate.engine.jdbc.spi.SqlExceptionHelper.convert(SqlExceptionHelper.java:108)
	at org.hibernate.engine.jdbc.spi.SqlExceptionHelper.convert(SqlExceptionHelper.java:94)
	at org.hibernate.sql.results.jdbc.internal.DeferredResultSetAccess.executeQuery(DeferredResultSetAccess.java:265)
	at org.hibernate.sql.results.jdbc.internal.DeferredResultSetAccess.getResultSet(DeferredResultSetAccess.java:167)
	at org.hibernate.sql.results.jdbc.internal.JdbcValuesResultSetImpl.advanceNext(JdbcValuesResultSetImpl.java:218)
	at org.hibernate.sql.results.jdbc.internal.JdbcValuesResultSetImpl.processNext(JdbcValuesResultSetImpl.java:98)
	at org.hibernate.sql.results.jdbc.internal.AbstractJdbcValues.next(AbstractJdbcValues.java:19)
	at org.hibernate.sql.results.internal.RowProcessingStateStandardImpl.next(RowProcessingStateStandardImpl.java:66)
	at org.hibernate.sql.results.spi.ListResultsConsumer.consume(ListResultsConsumer.java:202)
	at org.hibernate.sql.results.spi.ListResultsConsumer.consume(ListResultsConsumer.java:33)
	at org.hibernate.sql.exec.internal.JdbcSelectExecutorStandardImpl.doExecuteQuery(JdbcSelectExecutorStandardImpl.java:209)
	at org.hibernate.sql.exec.internal.JdbcSelectExecutorStandardImpl.executeQuery(JdbcSelectExecutorStandardImpl.java:83)
	at org.hibernate.sql.exec.spi.JdbcSelectExecutor.list(JdbcSelectExecutor.java:76)
	at org.hibernate.sql.exec.spi.JdbcSelectExecutor.list(JdbcSelectExecutor.java:65)
	at org.hibernate.query.sqm.internal.ConcreteSqmSelectQueryPlan.lambda$new$2(ConcreteSqmSelectQueryPlan.java:137)
	at org.hibernate.query.sqm.internal.ConcreteSqmSelectQueryPlan.withCacheableSqmInterpretation(ConcreteSqmSelectQueryPlan.java:362)
	at org.hibernate.query.sqm.internal.ConcreteSqmSelectQueryPlan.performList(ConcreteSqmSelectQueryPlan.java:303)
	at org.hibernate.query.sqm.internal.QuerySqmImpl.doList(QuerySqmImpl.java:509)
	at org.hibernate.query.spi.AbstractSelectionQuery.list(AbstractSelectionQuery.java:427)
	at org.hibernate.query.Query.getResultList(Query.java:120)
	at org.springframework.data.jpa.repository.query.JpaQueryExecution$CollectionExecution.doExecute(JpaQueryExecution.java:129)
	at org.springframework.data.jpa.repository.query.JpaQueryExecution.execute(JpaQueryExecution.java:92)
	at org.springframework.data.jpa.repository.query.AbstractJpaQuery.doExecute(AbstractJpaQuery.java:149)
	at org.springframework.data.jpa.repository.query.AbstractJpaQuery.execute(AbstractJpaQuery.java:137)
	at org.springframework.data.repository.core.support.RepositoryMethodInvoker.doInvoke(RepositoryMethodInvoker.java:170)
	at org.springframework.data.repository.core.support.RepositoryMethodInvoker.invoke(RepositoryMethodInvoker.java:158)
	at org.springframework.data.repository.core.support.QueryExecutorMethodInterceptor.doInvoke(QueryExecutorMethodInterceptor.java:164)
	at org.springframework.data.repository.core.support.QueryExecutorMethodInterceptor.invoke(QueryExecutorMethodInterceptor.java:143)
	at org.springframework.aop.framework.ReflectiveMethodInvocation.proceed(ReflectiveMethodInvocation.java:184)
	at org.springframework.data.projection.DefaultMethodInvokingMethodInterceptor.invoke(DefaultMethodInvokingMethodInterceptor.java:70)
	at org.springframework.aop.framework.ReflectiveMethodInvocation.proceed(ReflectiveMethodInvocation.java:184)
	at org.springframework.transaction.interceptor.TransactionInterceptor$1.proceedWithInvocation(TransactionInterceptor.java:123)
	at org.springframework.transaction.interceptor.TransactionAspectSupport.invokeWithinTransaction(TransactionAspectSupport.java:392)
	at org.springframework.transaction.interceptor.TransactionInterceptor.invoke(TransactionInterceptor.java:119)
	at org.springframework.aop.framework.ReflectiveMethodInvocation.proceed(ReflectiveMethodInvocation.java:184)
	at org.springframework.dao.support.PersistenceExceptionTranslationInterceptor.invoke(PersistenceExceptionTranslationInterceptor.java:137)
	... 155 common frames omitted
Caused by: org.postgresql.util.PSQLException: ERROR: column w1_0.address does not exist
  Позиция: 16
	at org.postgresql.core.v3.QueryExecutorImpl.receiveErrorResponse(QueryExecutorImpl.java:2713)
	at org.postgresql.core.v3.QueryExecutorImpl.processResults(QueryExecutorImpl.java:2401)
	at org.postgresql.core.v3.QueryExecutorImpl.execute(QueryExecutorImpl.java:368)
	at org.postgresql.jdbc.PgStatement.executeInternal(PgStatement.java:498)
	at org.postgresql.jdbc.PgStatement.execute(PgStatement.java:415)
	at org.postgresql.jdbc.PgPreparedStatement.executeWithFlags(PgPreparedStatement.java:190)
	at org.postgresql.jdbc.PgPreparedStatement.executeQuery(PgPreparedStatement.java:134)
	at com.zaxxer.hikari.pool.ProxyPreparedStatement.executeQuery(ProxyPreparedStatement.java:52)
	at com.zaxxer.hikari.pool.HikariProxyPreparedStatement.executeQuery(HikariProxyPreparedStatement.java)
	at org.hibernate.sql.results.jdbc.internal.DeferredResultSetAccess.executeQuery(DeferredResultSetAccess.java:246)
	... 188 common frames omitted
2026-09-16 15:51:32.178 [http-nio-8080-exec-1] WARN  o.s.w.s.m.m.a.ExceptionHandlerExceptionResolver - Resolved [org.springframework.dao.InvalidDataAccessResourceUsageException: JDBC exception executing SQL [select w1_0.id,w1_0.address,w1_0.is_default,w1_0.name,w1_0.user_id from wallets w1_0 left join users u1_0 on u1_0.id=w1_0.user_id where u1_0.id=?] [ERROR: column w1_0.address does not exist<EOL>  Позиция: 16] [n/a]; SQL [n/a]]
2026-09-16 15:53:25.822 [SpringApplicationShutdownHook] INFO  o.s.o.j.LocalContainerEntityManagerFactoryBean - Closing JPA EntityManagerFactory for persistence unit 'default'
2026-09-16 15:53:25.822 [SpringApplicationShutdownHook] INFO  com.zaxxer.hikari.HikariDataSource - HikariPool-1 - Shutdown initiated...
2026-09-16 15:53:25.842 [SpringApplicationShutdownHook] INFO  com.zaxxer.hikari.HikariDataSource - HikariPool-1 - Shutdown completed.
2026-09-16 15:54:38.478 [background-preinit] INFO  o.h.validator.internal.util.Version - HV000001: Hibernate Validator 8.0.1.Final
2026-09-16 15:54:38.522 [restartedMain] INFO  c.c.exchange.ExchangeApplication - Starting ExchangeApplication using Java 23.0.2 with PID 18060 (E:\bsuirapp\exchange\target\classes started by AxlLN in E:\bsuirapp\exchange)
2026-09-16 15:54:38.522 [restartedMain] DEBUG c.c.exchange.ExchangeApplication - Running with Spring Boot v3.2.5, Spring v6.1.6
2026-09-16 15:54:38.523 [restartedMain] INFO  c.c.exchange.ExchangeApplication - No active profile set, falling back to 1 default profile: "default"
2026-09-16 15:54:38.601 [restartedMain] INFO  o.s.b.d.e.DevToolsPropertyDefaultsPostProcessor - Devtools property defaults active! Set 'spring.devtools.add-properties' to 'false' to disable
2026-09-16 15:54:38.601 [restartedMain] INFO  o.s.b.d.e.DevToolsPropertyDefaultsPostProcessor - For additional web related logging consider setting the 'logging.level.web' property to 'DEBUG'
2026-09-16 15:54:39.786 [restartedMain] INFO  o.s.d.r.c.RepositoryConfigurationDelegate - Bootstrapping Spring Data JPA repositories in DEFAULT mode.
2026-09-16 15:54:39.878 [restartedMain] INFO  o.s.d.r.c.RepositoryConfigurationDelegate - Finished Spring Data repository scanning in 82 ms. Found 6 JPA repository interfaces.
2026-09-16 15:54:40.296 [restartedMain] WARN  o.s.c.s.PostProcessorRegistrationDelegate$BeanPostProcessorChecker - Bean 'org.springframework.ws.config.annotation.DelegatingWsConfiguration' of type [org.springframework.ws.config.annotation.DelegatingWsConfiguration$$SpringCGLIB$$0] is not eligible for getting processed by all BeanPostProcessors (for example: not eligible for auto-proxying). The currently created BeanPostProcessor [annotationActionEndpointMapping] is declared through a non-static factory method on that class; consider declaring it as static instead.
2026-09-16 15:54:40.311 [restartedMain] INFO  o.s.w.s.a.s.AnnotationActionEndpointMapping - Supporting [WS-Addressing August 2004, WS-Addressing 1.0]
2026-09-16 15:54:40.858 [restartedMain] INFO  o.s.b.w.e.tomcat.TomcatWebServer - Tomcat initialized with port 8080 (http)
2026-09-16 15:54:40.874 [restartedMain] INFO  o.a.coyote.http11.Http11NioProtocol - Initializing ProtocolHandler ["http-nio-8080"]
2026-09-16 15:54:40.874 [restartedMain] INFO  o.a.catalina.core.StandardService - Starting service [Tomcat]
2026-09-16 15:54:40.874 [restartedMain] INFO  o.a.catalina.core.StandardEngine - Starting Servlet engine: [Apache Tomcat/10.1.20]
2026-09-16 15:54:40.934 [restartedMain] INFO  o.a.c.c.C.[Tomcat].[localhost].[/] - Initializing Spring embedded WebApplicationContext
2026-09-16 15:54:40.934 [restartedMain] INFO  o.s.b.w.s.c.ServletWebServerApplicationContext - Root WebApplicationContext: initialization completed in 2332 ms
2026-09-16 15:54:41.013 [restartedMain] DEBUG c.c.e.w.s.JwtAuthenticationFilter - Filter 'jwtAuthenticationFilter' configured for use
2026-09-16 15:54:41.189 [restartedMain] INFO  o.h.jpa.internal.util.LogHelper - HHH000204: Processing PersistenceUnitInfo [name: default]
2026-09-16 15:54:41.236 [restartedMain] INFO  org.hibernate.Version - HHH000412: Hibernate ORM core version 6.4.4.Final
2026-09-16 15:54:41.268 [restartedMain] INFO  o.h.c.i.RegionFactoryInitiator - HHH000026: Second-level cache disabled
2026-09-16 15:54:41.525 [restartedMain] INFO  o.s.o.j.p.SpringPersistenceUnitInfo - No LoadTimeWeaver setup: ignoring JPA class transformer
2026-09-16 15:54:41.541 [restartedMain] INFO  com.zaxxer.hikari.HikariDataSource - HikariPool-1 - Starting...
2026-09-16 15:54:41.720 [restartedMain] INFO  com.zaxxer.hikari.pool.HikariPool - HikariPool-1 - Added connection org.postgresql.jdbc.PgConnection@21fa949f
2026-09-16 15:54:41.720 [restartedMain] INFO  com.zaxxer.hikari.HikariDataSource - HikariPool-1 - Start completed.
2026-09-16 15:54:42.927 [restartedMain] INFO  o.h.e.t.j.p.i.JtaPlatformInitiator - HHH000489: No JTA platform available (set 'hibernate.transaction.jta.platform' to enable JTA platform integration)
2026-09-16 15:54:42.990 [restartedMain] WARN  o.h.t.s.i.ExceptionHandlerLoggedImpl - GenerationTarget encountered exception accepting command : Error executing DDL "
    alter table if exists wallets 
       add column address varchar(64) not null" via JDBC [ERROR: column "address" of relation "wallets" contains null values]
org.hibernate.tool.schema.spi.CommandAcceptanceException: Error executing DDL "
    alter table if exists wallets 
       add column address varchar(64) not null" via JDBC [ERROR: column "address" of relation "wallets" contains null values]
	at org.hibernate.tool.schema.internal.exec.GenerationTargetToDatabase.accept(GenerationTargetToDatabase.java:94)
	at org.hibernate.tool.schema.internal.AbstractSchemaMigrator.applySqlString(AbstractSchemaMigrator.java:574)
	at org.hibernate.tool.schema.internal.AbstractSchemaMigrator.applySqlStrings(AbstractSchemaMigrator.java:514)
	at org.hibernate.tool.schema.internal.AbstractSchemaMigrator.migrateTable(AbstractSchemaMigrator.java:333)
	at org.hibernate.tool.schema.internal.GroupedSchemaMigratorImpl.performTablesMigration(GroupedSchemaMigratorImpl.java:84)
	at org.hibernate.tool.schema.internal.AbstractSchemaMigrator.performMigration(AbstractSchemaMigrator.java:232)
	at org.hibernate.tool.schema.internal.AbstractSchemaMigrator.doMigration(AbstractSchemaMigrator.java:117)
	at org.hibernate.tool.schema.spi.SchemaManagementToolCoordinator.performDatabaseAction(SchemaManagementToolCoordinator.java:286)
	at org.hibernate.tool.schema.spi.SchemaManagementToolCoordinator.lambda$process$5(SchemaManagementToolCoordinator.java:145)
	at java.base/java.util.HashMap.forEach(HashMap.java:1430)
	at org.hibernate.tool.schema.spi.SchemaManagementToolCoordinator.process(SchemaManagementToolCoordinator.java:142)
	at org.hibernate.boot.internal.SessionFactoryObserverForSchemaExport.sessionFactoryCreated(SessionFactoryObserverForSchemaExport.java:37)
	at org.hibernate.internal.SessionFactoryObserverChain.sessionFactoryCreated(SessionFactoryObserverChain.java:35)
	at org.hibernate.internal.SessionFactoryImpl.<init>(SessionFactoryImpl.java:315)
	at org.hibernate.boot.internal.SessionFactoryBuilderImpl.build(SessionFactoryBuilderImpl.java:450)
	at org.hibernate.jpa.boot.internal.EntityManagerFactoryBuilderImpl.build(EntityManagerFactoryBuilderImpl.java:1507)
	at org.springframework.orm.jpa.vendor.SpringHibernateJpaPersistenceProvider.createContainerEntityManagerFactory(SpringHibernateJpaPersistenceProvider.java:75)
	at org.springframework.orm.jpa.LocalContainerEntityManagerFactoryBean.createNativeEntityManagerFactory(LocalContainerEntityManagerFactoryBean.java:390)
	at org.springframework.orm.jpa.AbstractEntityManagerFactoryBean.buildNativeEntityManagerFactory(AbstractEntityManagerFactoryBean.java:409)
	at org.springframework.orm.jpa.AbstractEntityManagerFactoryBean.afterPropertiesSet(AbstractEntityManagerFactoryBean.java:396)
	at org.springframework.orm.jpa.LocalContainerEntityManagerFactoryBean.afterPropertiesSet(LocalContainerEntityManagerFactoryBean.java:366)
	at org.springframework.beans.factory.support.AbstractAutowireCapableBeanFactory.invokeInitMethods(AbstractAutowireCapableBeanFactory.java:1833)
	at org.springframework.beans.factory.support.AbstractAutowireCapableBeanFactory.initializeBean(AbstractAutowireCapableBeanFactory.java:1782)
	at org.springframework.beans.factory.support.AbstractAutowireCapableBeanFactory.doCreateBean(AbstractAutowireCapableBeanFactory.java:600)
	at org.springframework.beans.factory.support.AbstractAutowireCapableBeanFactory.createBean(AbstractAutowireCapableBeanFactory.java:522)
	at org.springframework.beans.factory.support.AbstractBeanFactory.lambda$doGetBean$0(AbstractBeanFactory.java:326)
	at org.springframework.beans.factory.support.DefaultSingletonBeanRegistry.getSingleton(DefaultSingletonBeanRegistry.java:234)
	at org.springframework.beans.factory.support.AbstractBeanFactory.doGetBean(AbstractBeanFactory.java:324)
	at org.springframework.beans.factory.support.AbstractBeanFactory.getBean(AbstractBeanFactory.java:200)
	at org.springframework.context.support.AbstractApplicationContext.getBean(AbstractApplicationContext.java:1234)
	at org.springframework.context.support.AbstractApplicationContext.finishBeanFactoryInitialization(AbstractApplicationContext.java:952)
	at org.springframework.context.support.AbstractApplicationContext.refresh(AbstractApplicationContext.java:624)
	at org.springframework.boot.web.servlet.context.ServletWebServerApplicationContext.refresh(ServletWebServerApplicationContext.java:146)
	at org.springframework.boot.SpringApplication.refresh(SpringApplication.java:754)
	at org.springframework.boot.SpringApplication.refreshContext(SpringApplication.java:456)
	at org.springframework.boot.SpringApplication.run(SpringApplication.java:334)
	at org.springframework.boot.SpringApplication.run(SpringApplication.java:1354)
	at org.springframework.boot.SpringApplication.run(SpringApplication.java:1343)
	at com.crypto.exchange.ExchangeApplication.main(ExchangeApplication.java:17)
	at java.base/jdk.internal.reflect.DirectMethodHandleAccessor.invoke(DirectMethodHandleAccessor.java:103)
	at java.base/java.lang.reflect.Method.invoke(Method.java:580)
	at org.springframework.boot.devtools.restart.RestartLauncher.run(RestartLauncher.java:50)
Caused by: org.postgresql.util.PSQLException: ERROR: column "address" of relation "wallets" contains null values
	at org.postgresql.core.v3.QueryExecutorImpl.receiveErrorResponse(QueryExecutorImpl.java:2713)
	at org.postgresql.core.v3.QueryExecutorImpl.processResults(QueryExecutorImpl.java:2401)
	at org.postgresql.core.v3.QueryExecutorImpl.execute(QueryExecutorImpl.java:368)
	at org.postgresql.jdbc.PgStatement.executeInternal(PgStatement.java:498)
	at org.postgresql.jdbc.PgStatement.execute(PgStatement.java:415)
	at org.postgresql.jdbc.PgStatement.executeWithFlags(PgStatement.java:335)
	at org.postgresql.jdbc.PgStatement.executeCachedSql(PgStatement.java:321)
	at org.postgresql.jdbc.PgStatement.executeWithFlags(PgStatement.java:297)
	at org.postgresql.jdbc.PgStatement.execute(PgStatement.java:292)
	at com.zaxxer.hikari.pool.ProxyStatement.execute(ProxyStatement.java:94)
	at com.zaxxer.hikari.pool.HikariProxyStatement.execute(HikariProxyStatement.java)
	at org.hibernate.tool.schema.internal.exec.GenerationTargetToDatabase.accept(GenerationTargetToDatabase.java:80)
	... 41 common frames omitted
2026-09-16 15:54:43.006 [restartedMain] WARN  o.h.e.jdbc.spi.SqlExceptionHelper - SQL Warning Code: 0, SQLState: 00000
2026-09-16 15:54:43.006 [restartedMain] WARN  o.h.e.jdbc.spi.SqlExceptionHelper - constraint "uk_97gkb67pi15hxx44rq58buta6" of relation "wallets" does not exist, skipping
2026-09-16 15:54:43.100 [restartedMain] INFO  o.s.o.j.LocalContainerEntityManagerFactoryBean - Initialized JPA EntityManagerFactory for persistence unit 'default'
2026-09-16 15:54:43.446 [restartedMain] INFO  o.s.d.j.r.query.QueryEnhancerFactory - Hibernate is in classpath; If applicable, HQL parser will be used.
2026-09-16 15:54:44.411 [restartedMain] WARN  o.s.b.a.o.j.JpaBaseConfiguration$JpaWebConfiguration - spring.jpa.open-in-view is enabled by default. Therefore, database queries may be performed during view rendering. Explicitly configure spring.jpa.open-in-view to disable this warning
2026-09-16 15:54:44.742 [restartedMain] INFO  o.s.s.web.DefaultSecurityFilterChain - Will secure any request with [org.springframework.security.web.session.DisableEncodeUrlFilter@d859219, org.springframework.security.web.context.request.async.WebAsyncManagerIntegrationFilter@3c0c30d, org.springframework.security.web.context.SecurityContextHolderFilter@46b256cb, org.springframework.security.web.header.HeaderWriterFilter@3d67a28f, org.springframework.web.filter.CorsFilter@36ceb49d, org.springframework.security.web.authentication.logout.LogoutFilter@7a9b2db7, com.crypto.exchange.web.security.JwtAuthenticationFilter@2ff8c71f, org.springframework.security.web.savedrequest.RequestCacheAwareFilter@511fea51, org.springframework.security.web.servletapi.SecurityContextHolderAwareRequestFilter@512f9434, org.springframework.security.web.authentication.AnonymousAuthenticationFilter@1cfdb33, org.springframework.security.web.session.SessionManagementFilter@17e3aac1, org.springframework.security.web.access.ExceptionTranslationFilter@7141ff39, org.springframework.security.web.access.intercept.AuthorizationFilter@1952f32f]
2026-09-16 15:54:45.135 [restartedMain] INFO  o.s.b.d.a.OptionalLiveReloadServer - LiveReload server is running on port 35729
2026-09-16 15:54:45.164 [restartedMain] INFO  o.a.coyote.http11.Http11NioProtocol - Starting ProtocolHandler ["http-nio-8080"]
2026-09-16 15:54:45.180 [restartedMain] INFO  o.s.b.w.e.tomcat.TomcatWebServer - Tomcat started on port 8080 (http) with context path ''
2026-09-16 15:54:45.195 [restartedMain] INFO  c.c.exchange.ExchangeApplication - Started ExchangeApplication in 7.239 seconds (process running for 7.937)
2026-09-16 15:54:45.211 [scheduling-1] INFO  c.c.e.core.aspect.LoggingAspect - Enter: com.crypto.exchange.core.service.CryptoInitializerService.scheduledPriceUpdate() with argument(s) = []
2026-09-16 15:54:45.211 [scheduling-1] INFO  c.c.e.c.s.CryptoInitializerService - Starting crypto price synchronization...
2026-09-16 15:54:48.291 [scheduling-1] INFO  c.c.e.c.s.CryptoInitializerService - Success! Updated and mapped 8 cryptocurrencies with CoinLore IDs
2026-09-16 15:54:48.292 [scheduling-1] INFO  c.c.e.core.aspect.LoggingAspect - Exit: com.crypto.exchange.core.service.CryptoInitializerService.scheduledPriceUpdate() executed in 3081 ms with result = null
2026-09-16 15:54:54.018 [http-nio-8080-exec-1] INFO  o.a.c.c.C.[Tomcat].[localhost].[/] - Initializing Spring DispatcherServlet 'dispatcherServlet'
2026-09-16 15:54:54.025 [http-nio-8080-exec-1] INFO  o.s.web.servlet.DispatcherServlet - Initializing Servlet 'dispatcherServlet'
2026-09-16 15:54:54.025 [http-nio-8080-exec-1] INFO  o.s.web.servlet.DispatcherServlet - Completed initialization in 0 ms
2026-09-16 15:54:56.757 [http-nio-8080-exec-9] INFO  o.s.api.AbstractOpenApiResource - Init duration for springdoc-openapi is: 1893 ms
2026-09-16 15:55:15.036 [http-nio-8080-exec-10] INFO  c.c.e.core.aspect.LoggingAspect - Enter: com.crypto.exchange.web.controller.AuthController.login() with argument(s) = [LoginRequest[usernameOrEmail=example, password=password]]
2026-09-16 15:55:15.036 [http-nio-8080-exec-10] INFO  c.c.e.core.aspect.LoggingAspect - Enter: com.crypto.exchange.core.service.AuthService.login() with argument(s) = [LoginRequest[usernameOrEmail=example, password=password]]
2026-09-16 15:55:15.871 [http-nio-8080-exec-10] INFO  c.c.e.core.aspect.LoggingAspect - Exit: com.crypto.exchange.core.service.AuthService.login() executed in 835 ms with result = AuthResponseDto[token=eyJhbGciOiJIUzUxMiJ9.eyJzdWIiOiJleGFtcGxlIiwiaWQiOjEsInJvbGUiOiJST0xFX0FETUlOIiwiaWF0IjoxNzg5NTYzMzE1LCJleHAiOjE3ODk2NDk3MTV9.rvJvLD7UGEvT0vGgLfsDRtZoTTnuGakotrEFYvBvZTTHdUjcHLXOUvSv2gjnqZq0rWdDqyTGNHMzHJ_UB4GrMQ, tokenType=Bearer, user=UserResponseDto[id=1, username=example, email=example@example.com, role=ROLE_ADMIN, createdAt=2026-09-15T10:54:41.216510Z]]
2026-09-16 15:55:15.888 [http-nio-8080-exec-10] INFO  c.c.e.core.aspect.LoggingAspect - Exit: com.crypto.exchange.web.controller.AuthController.login() executed in 852 ms with result = <200 OK OK,AuthResponseDto[token=eyJhbGciOiJIUzUxMiJ9.eyJzdWIiOiJleGFtcGxlIiwiaWQiOjEsInJvbGUiOiJST0xFX0FETUlOIiwiaWF0IjoxNzg5NTYzMzE1LCJleHAiOjE3ODk2NDk3MTV9.rvJvLD7UGEvT0vGgLfsDRtZoTTnuGakotrEFYvBvZTTHdUjcHLXOUvSv2gjnqZq0rWdDqyTGNHMzHJ_UB4GrMQ, tokenType=Bearer, user=UserResponseDto[id=1, username=example, email=example@example.com, role=ROLE_ADMIN, createdAt=2026-09-15T10:54:41.216510Z]],[]>
2026-09-16 15:55:17.738 [http-nio-8080-exec-8] INFO  c.c.e.core.aspect.LoggingAspect - Enter: com.crypto.exchange.web.controller.AuthController.login() with argument(s) = [LoginRequest[usernameOrEmail=example, password=password]]
2026-09-16 15:55:17.738 [http-nio-8080-exec-8] INFO  c.c.e.core.aspect.LoggingAspect - Enter: com.crypto.exchange.core.service.AuthService.login() with argument(s) = [LoginRequest[usernameOrEmail=example, password=password]]
2026-09-16 15:55:18.041 [http-nio-8080-exec-8] INFO  c.c.e.core.aspect.LoggingAspect - Exit: com.crypto.exchange.core.service.AuthService.login() executed in 303 ms with result = AuthResponseDto[token=eyJhbGciOiJIUzUxMiJ9.eyJzdWIiOiJleGFtcGxlIiwiaWQiOjEsInJvbGUiOiJST0xFX0FETUlOIiwiaWF0IjoxNzg5NTYzMzE4LCJleHAiOjE3ODk2NDk3MTh9.S6T2v4ctzq-LuYYGFXcLMywSN9EBD8kK365wQyUA6gXp4k6e4dgeOXeAUaKA4Eg7mSEJDbwy7bOwD1XayI64Mg, tokenType=Bearer, user=UserResponseDto[id=1, username=example, email=example@example.com, role=ROLE_ADMIN, createdAt=2026-09-15T10:54:41.216510Z]]
2026-09-16 15:55:18.041 [http-nio-8080-exec-8] INFO  c.c.e.core.aspect.LoggingAspect - Exit: com.crypto.exchange.web.controller.AuthController.login() executed in 303 ms with result = <200 OK OK,AuthResponseDto[token=eyJhbGciOiJIUzUxMiJ9.eyJzdWIiOiJleGFtcGxlIiwiaWQiOjEsInJvbGUiOiJST0xFX0FETUlOIiwiaWF0IjoxNzg5NTYzMzE4LCJleHAiOjE3ODk2NDk3MTh9.S6T2v4ctzq-LuYYGFXcLMywSN9EBD8kK365wQyUA6gXp4k6e4dgeOXeAUaKA4Eg7mSEJDbwy7bOwD1XayI64Mg, tokenType=Bearer, user=UserResponseDto[id=1, username=example, email=example@example.com, role=ROLE_ADMIN, createdAt=2026-09-15T10:54:41.216510Z]],[]>
2026-09-16 15:55:43.219 [http-nio-8080-exec-1] INFO  c.c.e.core.aspect.LoggingAspect - Enter: com.crypto.exchange.web.controller.WalletController.createWallet() with argument(s) = [com.crypto.exchange.web.security.UserPrincipal@cd926b5, CreateWalletRequestDto[name=wallet12, isDefault=true]]
2026-09-16 15:55:43.219 [http-nio-8080-exec-1] INFO  c.c.e.core.aspect.LoggingAspect - Enter: com.crypto.exchange.core.service.implementation.WalletServiceImpl.createWallet() with argument(s) = [1, CreateWalletRequestDto[name=wallet12, isDefault=true]]
2026-09-16 15:55:43.253 [http-nio-8080-exec-1] WARN  o.h.e.jdbc.spi.SqlExceptionHelper - SQL Error: 0, SQLState: 42703
2026-09-16 15:55:43.253 [http-nio-8080-exec-1] ERROR o.h.e.jdbc.spi.SqlExceptionHelper - ERROR: column w1_0.address does not exist
  Позиция: 16
2026-09-16 15:55:43.270 [http-nio-8080-exec-1] ERROR c.c.e.core.aspect.LoggingAspect - Exception in com.crypto.exchange.core.service.implementation.WalletServiceImpl.createWallet() with cause = 'org.hibernate.exception.SQLGrammarException: JDBC exception executing SQL [select w1_0.id,w1_0.address,w1_0.is_default,w1_0.name,w1_0.user_id from wallets w1_0 left join users u1_0 on u1_0.id=w1_0.user_id where u1_0.id=?] [ERROR: column w1_0.address does not exist
  Позиция: 16] [n/a]' and exception = 'JDBC exception executing SQL [select w1_0.id,w1_0.address,w1_0.is_default,w1_0.name,w1_0.user_id from wallets w1_0 left join users u1_0 on u1_0.id=w1_0.user_id where u1_0.id=?] [ERROR: column w1_0.address does not exist
  Позиция: 16] [n/a]; SQL [n/a]'
2026-09-16 15:55:43.270 [http-nio-8080-exec-1] ERROR c.c.e.core.aspect.LoggingAspect - Exception in com.crypto.exchange.web.controller.WalletController.createWallet() with cause = 'org.hibernate.exception.SQLGrammarException: JDBC exception executing SQL [select w1_0.id,w1_0.address,w1_0.is_default,w1_0.name,w1_0.user_id from wallets w1_0 left join users u1_0 on u1_0.id=w1_0.user_id where u1_0.id=?] [ERROR: column w1_0.address does not exist
  Позиция: 16] [n/a]' and exception = 'JDBC exception executing SQL [select w1_0.id,w1_0.address,w1_0.is_default,w1_0.name,w1_0.user_id from wallets w1_0 left join users u1_0 on u1_0.id=w1_0.user_id where u1_0.id=?] [ERROR: column w1_0.address does not exist
  Позиция: 16] [n/a]; SQL [n/a]'
2026-09-16 15:55:43.270 [http-nio-8080-exec-1] ERROR c.c.e.c.e.GlobalExceptionHandler - Unhandled Internal Server Error
org.springframework.dao.InvalidDataAccessResourceUsageException: JDBC exception executing SQL [select w1_0.id,w1_0.address,w1_0.is_default,w1_0.name,w1_0.user_id from wallets w1_0 left join users u1_0 on u1_0.id=w1_0.user_id where u1_0.id=?] [ERROR: column w1_0.address does not exist
  Позиция: 16] [n/a]; SQL [n/a]
	at org.springframework.orm.jpa.vendor.HibernateJpaDialect.convertHibernateAccessException(HibernateJpaDialect.java:277)
	at org.springframework.orm.jpa.vendor.HibernateJpaDialect.translateExceptionIfPossible(HibernateJpaDialect.java:241)
	at org.springframework.orm.jpa.AbstractEntityManagerFactoryBean.translateExceptionIfPossible(AbstractEntityManagerFactoryBean.java:550)
	at org.springframework.dao.support.ChainedPersistenceExceptionTranslator.translateExceptionIfPossible(ChainedPersistenceExceptionTranslator.java:61)
	at org.springframework.dao.support.DataAccessUtils.translateIfNecessary(DataAccessUtils.java:335)
	at org.springframework.dao.support.PersistenceExceptionTranslationInterceptor.invoke(PersistenceExceptionTranslationInterceptor.java:152)
	at org.springframework.aop.framework.ReflectiveMethodInvocation.proceed(ReflectiveMethodInvocation.java:184)
	at org.springframework.data.jpa.repository.support.CrudMethodMetadataPostProcessor$CrudMethodMetadataPopulatingMethodInterceptor.invoke(CrudMethodMetadataPostProcessor.java:135)
	at org.springframework.aop.framework.ReflectiveMethodInvocation.proceed(ReflectiveMethodInvocation.java:184)
	at org.springframework.aop.interceptor.ExposeInvocationInterceptor.invoke(ExposeInvocationInterceptor.java:97)
	at org.springframework.aop.framework.ReflectiveMethodInvocation.proceed(ReflectiveMethodInvocation.java:184)
	at org.springframework.aop.framework.JdkDynamicAopProxy.invoke(JdkDynamicAopProxy.java:223)
	at jdk.proxy4/jdk.proxy4.$Proxy167.findAllByUserId(Unknown Source)
	at com.crypto.exchange.core.service.implementation.WalletServiceImpl.createWallet(WalletServiceImpl.java:41)
	at java.base/jdk.internal.reflect.DirectMethodHandleAccessor.invoke(DirectMethodHandleAccessor.java:103)
	at java.base/java.lang.reflect.Method.invoke(Method.java:580)
	at org.springframework.aop.support.AopUtils.invokeJoinpointUsingReflection(AopUtils.java:354)
	at org.springframework.aop.framework.ReflectiveMethodInvocation.invokeJoinpoint(ReflectiveMethodInvocation.java:196)
	at org.springframework.aop.framework.ReflectiveMethodInvocation.proceed(ReflectiveMethodInvocation.java:163)
	at org.springframework.aop.framework.CglibAopProxy$CglibMethodInvocation.proceed(CglibAopProxy.java:768)
	at org.springframework.aop.aspectj.MethodInvocationProceedingJoinPoint.proceed(MethodInvocationProceedingJoinPoint.java:89)
	at com.crypto.exchange.core.aspect.LoggingAspect.logExecutionDetails(LoggingAspect.java:37)
	at java.base/jdk.internal.reflect.DirectMethodHandleAccessor.invoke(DirectMethodHandleAccessor.java:103)
	at java.base/java.lang.reflect.Method.invoke(Method.java:580)
	at org.springframework.aop.aspectj.AbstractAspectJAdvice.invokeAdviceMethodWithGivenArgs(AbstractAspectJAdvice.java:637)
	at org.springframework.aop.aspectj.AbstractAspectJAdvice.invokeAdviceMethod(AbstractAspectJAdvice.java:627)
	at org.springframework.aop.aspectj.AspectJAroundAdvice.invoke(AspectJAroundAdvice.java:71)
	at org.springframework.aop.framework.ReflectiveMethodInvocation.proceed(ReflectiveMethodInvocation.java:184)
	at org.springframework.aop.framework.CglibAopProxy$CglibMethodInvocation.proceed(CglibAopProxy.java:768)
	at org.springframework.transaction.interceptor.TransactionInterceptor$1.proceedWithInvocation(TransactionInterceptor.java:123)
	at org.springframework.transaction.interceptor.TransactionAspectSupport.invokeWithinTransaction(TransactionAspectSupport.java:392)
	at org.springframework.transaction.interceptor.TransactionInterceptor.invoke(TransactionInterceptor.java:119)
	at org.springframework.aop.framework.ReflectiveMethodInvocation.proceed(ReflectiveMethodInvocation.java:184)
	at org.springframework.aop.framework.CglibAopProxy$CglibMethodInvocation.proceed(CglibAopProxy.java:768)
	at org.springframework.aop.interceptor.ExposeInvocationInterceptor.invoke(ExposeInvocationInterceptor.java:97)
	at org.springframework.aop.framework.ReflectiveMethodInvocation.proceed(ReflectiveMethodInvocation.java:184)
	at org.springframework.aop.framework.CglibAopProxy$CglibMethodInvocation.proceed(CglibAopProxy.java:768)
	at org.springframework.aop.framework.CglibAopProxy$DynamicAdvisedInterceptor.intercept(CglibAopProxy.java:720)
	at com.crypto.exchange.core.service.implementation.WalletServiceImpl$$SpringCGLIB$$0.createWallet(<generated>)
	at com.crypto.exchange.web.controller.WalletController.createWallet(WalletController.java:35)
	at java.base/jdk.internal.reflect.DirectMethodHandleAccessor.invoke(DirectMethodHandleAccessor.java:103)
	at java.base/java.lang.reflect.Method.invoke(Method.java:580)
	at org.springframework.aop.support.AopUtils.invokeJoinpointUsingReflection(AopUtils.java:354)
	at org.springframework.aop.framework.ReflectiveMethodInvocation.invokeJoinpoint(ReflectiveMethodInvocation.java:196)
	at org.springframework.aop.framework.ReflectiveMethodInvocation.proceed(ReflectiveMethodInvocation.java:163)
	at org.springframework.aop.framework.CglibAopProxy$CglibMethodInvocation.proceed(CglibAopProxy.java:768)
	at org.springframework.aop.aspectj.MethodInvocationProceedingJoinPoint.proceed(MethodInvocationProceedingJoinPoint.java:89)
	at com.crypto.exchange.core.aspect.LoggingAspect.logExecutionDetails(LoggingAspect.java:37)
	at java.base/jdk.internal.reflect.DirectMethodHandleAccessor.invoke(DirectMethodHandleAccessor.java:103)
	at java.base/java.lang.reflect.Method.invoke(Method.java:580)
	at org.springframework.aop.aspectj.AbstractAspectJAdvice.invokeAdviceMethodWithGivenArgs(AbstractAspectJAdvice.java:637)
	at org.springframework.aop.aspectj.AbstractAspectJAdvice.invokeAdviceMethod(AbstractAspectJAdvice.java:627)
	at org.springframework.aop.aspectj.AspectJAroundAdvice.invoke(AspectJAroundAdvice.java:71)
	at org.springframework.aop.framework.ReflectiveMethodInvocation.proceed(ReflectiveMethodInvocation.java:184)
	at org.springframework.aop.framework.CglibAopProxy$CglibMethodInvocation.proceed(CglibAopProxy.java:768)
	at org.springframework.aop.interceptor.ExposeInvocationInterceptor.invoke(ExposeInvocationInterceptor.java:97)
	at org.springframework.aop.framework.ReflectiveMethodInvocation.proceed(ReflectiveMethodInvocation.java:184)
	at org.springframework.aop.framework.CglibAopProxy$CglibMethodInvocation.proceed(CglibAopProxy.java:768)
	at org.springframework.aop.framework.CglibAopProxy$DynamicAdvisedInterceptor.intercept(CglibAopProxy.java:720)
	at com.crypto.exchange.web.controller.WalletController$$SpringCGLIB$$0.createWallet(<generated>)
	at java.base/jdk.internal.reflect.DirectMethodHandleAccessor.invoke(DirectMethodHandleAccessor.java:103)
	at java.base/java.lang.reflect.Method.invoke(Method.java:580)
	at org.springframework.web.method.support.InvocableHandlerMethod.doInvoke(InvocableHandlerMethod.java:255)
	at org.springframework.web.method.support.InvocableHandlerMethod.invokeForRequest(InvocableHandlerMethod.java:188)
	at org.springframework.web.servlet.mvc.method.annotation.ServletInvocableHandlerMethod.invokeAndHandle(ServletInvocableHandlerMethod.java:118)
	at org.springframework.web.servlet.mvc.method.annotation.RequestMappingHandlerAdapter.invokeHandlerMethod(RequestMappingHandlerAdapter.java:926)
	at org.springframework.web.servlet.mvc.method.annotation.RequestMappingHandlerAdapter.handleInternal(RequestMappingHandlerAdapter.java:831)
	at org.springframework.web.servlet.mvc.method.AbstractHandlerMethodAdapter.handle(AbstractHandlerMethodAdapter.java:87)
	at org.springframework.web.servlet.DispatcherServlet.doDispatch(DispatcherServlet.java:1089)
	at org.springframework.web.servlet.DispatcherServlet.doService(DispatcherServlet.java:979)
	at org.springframework.web.servlet.FrameworkServlet.processRequest(FrameworkServlet.java:1014)
	at org.springframework.web.servlet.FrameworkServlet.doPost(FrameworkServlet.java:914)
	at jakarta.servlet.http.HttpServlet.service(HttpServlet.java:590)
	at org.springframework.web.servlet.FrameworkServlet.service(FrameworkServlet.java:885)
	at jakarta.servlet.http.HttpServlet.service(HttpServlet.java:658)
	at org.apache.catalina.core.ApplicationFilterChain.internalDoFilter(ApplicationFilterChain.java:206)
	at org.apache.catalina.core.ApplicationFilterChain.doFilter(ApplicationFilterChain.java:150)
	at org.apache.tomcat.websocket.server.WsFilter.doFilter(WsFilter.java:51)
	at org.apache.catalina.core.ApplicationFilterChain.internalDoFilter(ApplicationFilterChain.java:175)
	at org.apache.catalina.core.ApplicationFilterChain.doFilter(ApplicationFilterChain.java:150)
	at org.springframework.web.filter.OncePerRequestFilter.doFilter(OncePerRequestFilter.java:110)
	at org.apache.catalina.core.ApplicationFilterChain.internalDoFilter(ApplicationFilterChain.java:175)
	at org.apache.catalina.core.ApplicationFilterChain.doFilter(ApplicationFilterChain.java:150)
	at org.springframework.web.filter.CompositeFilter$VirtualFilterChain.doFilter(CompositeFilter.java:108)
	at org.springframework.security.web.FilterChainProxy.lambda$doFilterInternal$3(FilterChainProxy.java:231)
	at org.springframework.security.web.FilterChainProxy$VirtualFilterChain.doFilter(FilterChainProxy.java:365)
	at org.springframework.security.web.access.intercept.AuthorizationFilter.doFilter(AuthorizationFilter.java:100)
	at org.springframework.security.web.FilterChainProxy$VirtualFilterChain.doFilter(FilterChainProxy.java:374)
	at org.springframework.security.web.access.ExceptionTranslationFilter.doFilter(ExceptionTranslationFilter.java:126)
	at org.springframework.security.web.access.ExceptionTranslationFilter.doFilter(ExceptionTranslationFilter.java:120)
	at org.springframework.security.web.FilterChainProxy$VirtualFilterChain.doFilter(FilterChainProxy.java:374)
	at org.springframework.security.web.session.SessionManagementFilter.doFilter(SessionManagementFilter.java:131)
	at org.springframework.security.web.session.SessionManagementFilter.doFilter(SessionManagementFilter.java:85)
	at org.springframework.security.web.FilterChainProxy$VirtualFilterChain.doFilter(FilterChainProxy.java:374)
	at org.springframework.security.web.authentication.AnonymousAuthenticationFilter.doFilter(AnonymousAuthenticationFilter.java:100)
	at org.springframework.security.web.FilterChainProxy$VirtualFilterChain.doFilter(FilterChainProxy.java:374)
	at org.springframework.security.web.servletapi.SecurityContextHolderAwareRequestFilter.doFilter(SecurityContextHolderAwareRequestFilter.java:179)
	at org.springframework.security.web.FilterChainProxy$VirtualFilterChain.doFilter(FilterChainProxy.java:374)
	at org.springframework.security.web.savedrequest.RequestCacheAwareFilter.doFilter(RequestCacheAwareFilter.java:63)
	at org.springframework.security.web.FilterChainProxy$VirtualFilterChain.doFilter(FilterChainProxy.java:374)
	at com.crypto.exchange.web.security.JwtAuthenticationFilter.doFilterInternal(JwtAuthenticationFilter.java:49)
	at org.springframework.web.filter.OncePerRequestFilter.doFilter(OncePerRequestFilter.java:116)
	at org.springframework.security.web.FilterChainProxy$VirtualFilterChain.doFilter(FilterChainProxy.java:374)
	at org.springframework.security.web.authentication.logout.LogoutFilter.doFilter(LogoutFilter.java:107)
	at org.springframework.security.web.authentication.logout.LogoutFilter.doFilter(LogoutFilter.java:93)
	at org.springframework.security.web.FilterChainProxy$VirtualFilterChain.doFilter(FilterChainProxy.java:374)
	at org.springframework.web.filter.CorsFilter.doFilterInternal(CorsFilter.java:91)
	at org.springframework.web.filter.OncePerRequestFilter.doFilter(OncePerRequestFilter.java:116)
	at org.springframework.security.web.FilterChainProxy$VirtualFilterChain.doFilter(FilterChainProxy.java:374)
	at org.springframework.security.web.header.HeaderWriterFilter.doHeadersAfter(HeaderWriterFilter.java:90)
	at org.springframework.security.web.header.HeaderWriterFilter.doFilterInternal(HeaderWriterFilter.java:75)
	at org.springframework.web.filter.OncePerRequestFilter.doFilter(OncePerRequestFilter.java:116)
	at org.springframework.security.web.FilterChainProxy$VirtualFilterChain.doFilter(FilterChainProxy.java:374)
	at org.springframework.security.web.context.SecurityContextHolderFilter.doFilter(SecurityContextHolderFilter.java:82)
	at org.springframework.security.web.context.SecurityContextHolderFilter.doFilter(SecurityContextHolderFilter.java:69)
	at org.springframework.security.web.FilterChainProxy$VirtualFilterChain.doFilter(FilterChainProxy.java:374)
	at org.springframework.security.web.context.request.async.WebAsyncManagerIntegrationFilter.doFilterInternal(WebAsyncManagerIntegrationFilter.java:62)
	at org.springframework.web.filter.OncePerRequestFilter.doFilter(OncePerRequestFilter.java:116)
	at org.springframework.security.web.FilterChainProxy$VirtualFilterChain.doFilter(FilterChainProxy.java:374)
	at org.springframework.security.web.session.DisableEncodeUrlFilter.doFilterInternal(DisableEncodeUrlFilter.java:42)
	at org.springframework.web.filter.OncePerRequestFilter.doFilter(OncePerRequestFilter.java:116)
	at org.springframework.security.web.FilterChainProxy$VirtualFilterChain.doFilter(FilterChainProxy.java:374)
	at org.springframework.security.web.FilterChainProxy.doFilterInternal(FilterChainProxy.java:233)
	at org.springframework.security.web.FilterChainProxy.doFilter(FilterChainProxy.java:191)
	at org.springframework.web.filter.CompositeFilter$VirtualFilterChain.doFilter(CompositeFilter.java:113)
	at org.springframework.web.servlet.handler.HandlerMappingIntrospector.lambda$createCacheFilter$3(HandlerMappingIntrospector.java:195)
	at org.springframework.web.filter.CompositeFilter$VirtualFilterChain.doFilter(CompositeFilter.java:113)
	at org.springframework.web.filter.CompositeFilter.doFilter(CompositeFilter.java:74)
	at org.springframework.security.config.annotation.web.configuration.WebMvcSecurityConfiguration$CompositeFilterChainProxy.doFilter(WebMvcSecurityConfiguration.java:230)
	at org.springframework.web.filter.DelegatingFilterProxy.invokeDelegate(DelegatingFilterProxy.java:352)
	at org.springframework.web.filter.DelegatingFilterProxy.doFilter(DelegatingFilterProxy.java:268)
	at org.apache.catalina.core.ApplicationFilterChain.internalDoFilter(ApplicationFilterChain.java:175)
	at org.apache.catalina.core.ApplicationFilterChain.doFilter(ApplicationFilterChain.java:150)
	at org.springframework.web.filter.RequestContextFilter.doFilterInternal(RequestContextFilter.java:100)
	at org.springframework.web.filter.OncePerRequestFilter.doFilter(OncePerRequestFilter.java:116)
	at org.apache.catalina.core.ApplicationFilterChain.internalDoFilter(ApplicationFilterChain.java:175)
	at org.apache.catalina.core.ApplicationFilterChain.doFilter(ApplicationFilterChain.java:150)
	at org.springframework.web.filter.FormContentFilter.doFilterInternal(FormContentFilter.java:93)
	at org.springframework.web.filter.OncePerRequestFilter.doFilter(OncePerRequestFilter.java:116)
	at org.apache.catalina.core.ApplicationFilterChain.internalDoFilter(ApplicationFilterChain.java:175)
	at org.apache.catalina.core.ApplicationFilterChain.doFilter(ApplicationFilterChain.java:150)
	at org.springframework.web.filter.CharacterEncodingFilter.doFilterInternal(CharacterEncodingFilter.java:201)
	at org.springframework.web.filter.OncePerRequestFilter.doFilter(OncePerRequestFilter.java:116)
	at org.apache.catalina.core.ApplicationFilterChain.internalDoFilter(ApplicationFilterChain.java:175)
	at org.apache.catalina.core.ApplicationFilterChain.doFilter(ApplicationFilterChain.java:150)
	at org.apache.catalina.core.StandardWrapperValve.invoke(StandardWrapperValve.java:167)
	at org.apache.catalina.core.StandardContextValve.invoke(StandardContextValve.java:90)
	at org.apache.catalina.authenticator.AuthenticatorBase.invoke(AuthenticatorBase.java:482)
	at org.apache.catalina.core.StandardHostValve.invoke(StandardHostValve.java:115)
	at org.apache.catalina.valves.ErrorReportValve.invoke(ErrorReportValve.java:93)
	at org.apache.catalina.core.StandardEngineValve.invoke(StandardEngineValve.java:74)
	at org.apache.catalina.connector.CoyoteAdapter.service(CoyoteAdapter.java:344)
	at org.apache.coyote.http11.Http11Processor.service(Http11Processor.java:391)
	at org.apache.coyote.AbstractProcessorLight.process(AbstractProcessorLight.java:63)
	at org.apache.coyote.AbstractProtocol$ConnectionHandler.process(AbstractProtocol.java:896)
	at org.apache.tomcat.util.net.NioEndpoint$SocketProcessor.doRun(NioEndpoint.java:1736)
	at org.apache.tomcat.util.net.SocketProcessorBase.run(SocketProcessorBase.java:52)
	at org.apache.tomcat.util.threads.ThreadPoolExecutor.runWorker(ThreadPoolExecutor.java:1191)
	at org.apache.tomcat.util.threads.ThreadPoolExecutor$Worker.run(ThreadPoolExecutor.java:659)
	at org.apache.tomcat.util.threads.TaskThread$WrappingRunnable.run(TaskThread.java:63)
	at java.base/java.lang.Thread.run(Thread.java:1575)
Caused by: org.hibernate.exception.SQLGrammarException: JDBC exception executing SQL [select w1_0.id,w1_0.address,w1_0.is_default,w1_0.name,w1_0.user_id from wallets w1_0 left join users u1_0 on u1_0.id=w1_0.user_id where u1_0.id=?] [ERROR: column w1_0.address does not exist
  Позиция: 16] [n/a]
	at org.hibernate.exception.internal.SQLStateConversionDelegate.convert(SQLStateConversionDelegate.java:91)
	at org.hibernate.exception.internal.StandardSQLExceptionConverter.convert(StandardSQLExceptionConverter.java:58)
	at org.hibernate.engine.jdbc.spi.SqlExceptionHelper.convert(SqlExceptionHelper.java:108)
	at org.hibernate.engine.jdbc.spi.SqlExceptionHelper.convert(SqlExceptionHelper.java:94)
	at org.hibernate.sql.results.jdbc.internal.DeferredResultSetAccess.executeQuery(DeferredResultSetAccess.java:265)
	at org.hibernate.sql.results.jdbc.internal.DeferredResultSetAccess.getResultSet(DeferredResultSetAccess.java:167)
	at org.hibernate.sql.results.jdbc.internal.JdbcValuesResultSetImpl.advanceNext(JdbcValuesResultSetImpl.java:218)
	at org.hibernate.sql.results.jdbc.internal.JdbcValuesResultSetImpl.processNext(JdbcValuesResultSetImpl.java:98)
	at org.hibernate.sql.results.jdbc.internal.AbstractJdbcValues.next(AbstractJdbcValues.java:19)
	at org.hibernate.sql.results.internal.RowProcessingStateStandardImpl.next(RowProcessingStateStandardImpl.java:66)
	at org.hibernate.sql.results.spi.ListResultsConsumer.consume(ListResultsConsumer.java:202)
	at org.hibernate.sql.results.spi.ListResultsConsumer.consume(ListResultsConsumer.java:33)
	at org.hibernate.sql.exec.internal.JdbcSelectExecutorStandardImpl.doExecuteQuery(JdbcSelectExecutorStandardImpl.java:209)
	at org.hibernate.sql.exec.internal.JdbcSelectExecutorStandardImpl.executeQuery(JdbcSelectExecutorStandardImpl.java:83)
	at org.hibernate.sql.exec.spi.JdbcSelectExecutor.list(JdbcSelectExecutor.java:76)
	at org.hibernate.sql.exec.spi.JdbcSelectExecutor.list(JdbcSelectExecutor.java:65)
	at org.hibernate.query.sqm.internal.ConcreteSqmSelectQueryPlan.lambda$new$2(ConcreteSqmSelectQueryPlan.java:137)
	at org.hibernate.query.sqm.internal.ConcreteSqmSelectQueryPlan.withCacheableSqmInterpretation(ConcreteSqmSelectQueryPlan.java:362)
	at org.hibernate.query.sqm.internal.ConcreteSqmSelectQueryPlan.performList(ConcreteSqmSelectQueryPlan.java:303)
	at org.hibernate.query.sqm.internal.QuerySqmImpl.doList(QuerySqmImpl.java:509)
	at org.hibernate.query.spi.AbstractSelectionQuery.list(AbstractSelectionQuery.java:427)
	at org.hibernate.query.Query.getResultList(Query.java:120)
	at org.springframework.data.jpa.repository.query.JpaQueryExecution$CollectionExecution.doExecute(JpaQueryExecution.java:129)
	at org.springframework.data.jpa.repository.query.JpaQueryExecution.execute(JpaQueryExecution.java:92)
	at org.springframework.data.jpa.repository.query.AbstractJpaQuery.doExecute(AbstractJpaQuery.java:149)
	at org.springframework.data.jpa.repository.query.AbstractJpaQuery.execute(AbstractJpaQuery.java:137)
	at org.springframework.data.repository.core.support.RepositoryMethodInvoker.doInvoke(RepositoryMethodInvoker.java:170)
	at org.springframework.data.repository.core.support.RepositoryMethodInvoker.invoke(RepositoryMethodInvoker.java:158)
	at org.springframework.data.repository.core.support.QueryExecutorMethodInterceptor.doInvoke(QueryExecutorMethodInterceptor.java:164)
	at org.springframework.data.repository.core.support.QueryExecutorMethodInterceptor.invoke(QueryExecutorMethodInterceptor.java:143)
	at org.springframework.aop.framework.ReflectiveMethodInvocation.proceed(ReflectiveMethodInvocation.java:184)
	at org.springframework.data.projection.DefaultMethodInvokingMethodInterceptor.invoke(DefaultMethodInvokingMethodInterceptor.java:70)
	at org.springframework.aop.framework.ReflectiveMethodInvocation.proceed(ReflectiveMethodInvocation.java:184)
	at org.springframework.transaction.interceptor.TransactionInterceptor$1.proceedWithInvocation(TransactionInterceptor.java:123)
	at org.springframework.transaction.interceptor.TransactionAspectSupport.invokeWithinTransaction(TransactionAspectSupport.java:392)
	at org.springframework.transaction.interceptor.TransactionInterceptor.invoke(TransactionInterceptor.java:119)
	at org.springframework.aop.framework.ReflectiveMethodInvocation.proceed(ReflectiveMethodInvocation.java:184)
	at org.springframework.dao.support.PersistenceExceptionTranslationInterceptor.invoke(PersistenceExceptionTranslationInterceptor.java:137)
	... 155 common frames omitted
Caused by: org.postgresql.util.PSQLException: ERROR: column w1_0.address does not exist
  Позиция: 16
	at org.postgresql.core.v3.QueryExecutorImpl.receiveErrorResponse(QueryExecutorImpl.java:2713)
	at org.postgresql.core.v3.QueryExecutorImpl.processResults(QueryExecutorImpl.java:2401)
	at org.postgresql.core.v3.QueryExecutorImpl.execute(QueryExecutorImpl.java:368)
	at org.postgresql.jdbc.PgStatement.executeInternal(PgStatement.java:498)
	at org.postgresql.jdbc.PgStatement.execute(PgStatement.java:415)
	at org.postgresql.jdbc.PgPreparedStatement.executeWithFlags(PgPreparedStatement.java:190)
	at org.postgresql.jdbc.PgPreparedStatement.executeQuery(PgPreparedStatement.java:134)
	at com.zaxxer.hikari.pool.ProxyPreparedStatement.executeQuery(ProxyPreparedStatement.java:52)
	at com.zaxxer.hikari.pool.HikariProxyPreparedStatement.executeQuery(HikariProxyPreparedStatement.java)
	at org.hibernate.sql.results.jdbc.internal.DeferredResultSetAccess.executeQuery(DeferredResultSetAccess.java:246)
	... 188 common frames omitted
2026-09-16 15:55:43.303 [http-nio-8080-exec-1] WARN  o.s.w.s.m.m.a.ExceptionHandlerExceptionResolver - Resolved [org.springframework.dao.InvalidDataAccessResourceUsageException: JDBC exception executing SQL [select w1_0.id,w1_0.address,w1_0.is_default,w1_0.name,w1_0.user_id from wallets w1_0 left join users u1_0 on u1_0.id=w1_0.user_id where u1_0.id=?] [ERROR: column w1_0.address does not exist<EOL>  Позиция: 16] [n/a]; SQL [n/a]]
2026-09-16 15:55:51.090 [SpringApplicationShutdownHook] INFO  o.s.o.j.LocalContainerEntityManagerFactoryBean - Closing JPA EntityManagerFactory for persistence unit 'default'
2026-09-16 15:55:51.106 [SpringApplicationShutdownHook] INFO  com.zaxxer.hikari.HikariDataSource - HikariPool-1 - Shutdown initiated...
2026-09-16 15:55:51.117 [SpringApplicationShutdownHook] INFO  com.zaxxer.hikari.HikariDataSource - HikariPool-1 - Shutdown completed.
2026-09-16 15:58:40.589 [background-preinit] INFO  o.h.validator.internal.util.Version - HV000001: Hibernate Validator 8.0.1.Final
2026-09-16 15:58:40.632 [restartedMain] INFO  c.c.exchange.ExchangeApplication - Starting ExchangeApplication using Java 23.0.2 with PID 19000 (E:\bsuirapp\exchange\target\classes started by AxlLN in E:\bsuirapp\exchange)
2026-09-16 15:58:40.632 [restartedMain] DEBUG c.c.exchange.ExchangeApplication - Running with Spring Boot v3.2.5, Spring v6.1.6
2026-09-16 15:58:40.648 [restartedMain] INFO  c.c.exchange.ExchangeApplication - No active profile set, falling back to 1 default profile: "default"
2026-09-16 15:58:40.718 [restartedMain] INFO  o.s.b.d.e.DevToolsPropertyDefaultsPostProcessor - Devtools property defaults active! Set 'spring.devtools.add-properties' to 'false' to disable
2026-09-16 15:58:40.718 [restartedMain] INFO  o.s.b.d.e.DevToolsPropertyDefaultsPostProcessor - For additional web related logging consider setting the 'logging.level.web' property to 'DEBUG'
2026-09-16 15:58:41.871 [restartedMain] INFO  o.s.d.r.c.RepositoryConfigurationDelegate - Bootstrapping Spring Data JPA repositories in DEFAULT mode.
2026-09-16 15:58:41.968 [restartedMain] INFO  o.s.d.r.c.RepositoryConfigurationDelegate - Finished Spring Data repository scanning in 86 ms. Found 6 JPA repository interfaces.
2026-09-16 15:58:42.365 [restartedMain] WARN  o.s.c.s.PostProcessorRegistrationDelegate$BeanPostProcessorChecker - Bean 'org.springframework.ws.config.annotation.DelegatingWsConfiguration' of type [org.springframework.ws.config.annotation.DelegatingWsConfiguration$$SpringCGLIB$$0] is not eligible for getting processed by all BeanPostProcessors (for example: not eligible for auto-proxying). The currently created BeanPostProcessor [annotationActionEndpointMapping] is declared through a non-static factory method on that class; consider declaring it as static instead.
2026-09-16 15:58:42.381 [restartedMain] INFO  o.s.w.s.a.s.AnnotationActionEndpointMapping - Supporting [WS-Addressing August 2004, WS-Addressing 1.0]
2026-09-16 15:58:42.928 [restartedMain] INFO  o.s.b.w.e.tomcat.TomcatWebServer - Tomcat initialized with port 8080 (http)
2026-09-16 15:58:42.928 [restartedMain] INFO  o.a.coyote.http11.Http11NioProtocol - Initializing ProtocolHandler ["http-nio-8080"]
2026-09-16 15:58:42.943 [restartedMain] INFO  o.a.catalina.core.StandardService - Starting service [Tomcat]
2026-09-16 15:58:42.943 [restartedMain] INFO  o.a.catalina.core.StandardEngine - Starting Servlet engine: [Apache Tomcat/10.1.20]
2026-09-16 15:58:43.004 [restartedMain] INFO  o.a.c.c.C.[Tomcat].[localhost].[/] - Initializing Spring embedded WebApplicationContext
2026-09-16 15:58:43.004 [restartedMain] INFO  o.s.b.w.s.c.ServletWebServerApplicationContext - Root WebApplicationContext: initialization completed in 2286 ms
2026-09-16 15:58:43.098 [restartedMain] DEBUG c.c.e.w.s.JwtAuthenticationFilter - Filter 'jwtAuthenticationFilter' configured for use
2026-09-16 15:58:43.257 [restartedMain] INFO  o.h.jpa.internal.util.LogHelper - HHH000204: Processing PersistenceUnitInfo [name: default]
2026-09-16 15:58:43.320 [restartedMain] INFO  org.hibernate.Version - HHH000412: Hibernate ORM core version 6.4.4.Final
2026-09-16 15:58:43.367 [restartedMain] INFO  o.h.c.i.RegionFactoryInitiator - HHH000026: Second-level cache disabled
2026-09-16 15:58:43.649 [restartedMain] INFO  o.s.o.j.p.SpringPersistenceUnitInfo - No LoadTimeWeaver setup: ignoring JPA class transformer
2026-09-16 15:58:43.664 [restartedMain] INFO  com.zaxxer.hikari.HikariDataSource - HikariPool-1 - Starting...
2026-09-16 15:58:43.896 [restartedMain] INFO  com.zaxxer.hikari.pool.HikariPool - HikariPool-1 - Added connection org.postgresql.jdbc.PgConnection@7f91702f
2026-09-16 15:58:43.896 [restartedMain] INFO  com.zaxxer.hikari.HikariDataSource - HikariPool-1 - Start completed.
2026-09-16 15:58:45.227 [restartedMain] INFO  o.h.e.t.j.p.i.JtaPlatformInitiator - HHH000489: No JTA platform available (set 'hibernate.transaction.jta.platform' to enable JTA platform integration)
2026-09-16 15:58:45.290 [restartedMain] WARN  o.h.t.s.i.ExceptionHandlerLoggedImpl - GenerationTarget encountered exception accepting command : Error executing DDL "
    alter table if exists wallets 
       add column address varchar(64) not null" via JDBC [ERROR: column "address" of relation "wallets" contains null values]
org.hibernate.tool.schema.spi.CommandAcceptanceException: Error executing DDL "
    alter table if exists wallets 
       add column address varchar(64) not null" via JDBC [ERROR: column "address" of relation "wallets" contains null values]
	at org.hibernate.tool.schema.internal.exec.GenerationTargetToDatabase.accept(GenerationTargetToDatabase.java:94)
	at org.hibernate.tool.schema.internal.AbstractSchemaMigrator.applySqlString(AbstractSchemaMigrator.java:574)
	at org.hibernate.tool.schema.internal.AbstractSchemaMigrator.applySqlStrings(AbstractSchemaMigrator.java:514)
	at org.hibernate.tool.schema.internal.AbstractSchemaMigrator.migrateTable(AbstractSchemaMigrator.java:333)
	at org.hibernate.tool.schema.internal.GroupedSchemaMigratorImpl.performTablesMigration(GroupedSchemaMigratorImpl.java:84)
	at org.hibernate.tool.schema.internal.AbstractSchemaMigrator.performMigration(AbstractSchemaMigrator.java:232)
	at org.hibernate.tool.schema.internal.AbstractSchemaMigrator.doMigration(AbstractSchemaMigrator.java:117)
	at org.hibernate.tool.schema.spi.SchemaManagementToolCoordinator.performDatabaseAction(SchemaManagementToolCoordinator.java:286)
	at org.hibernate.tool.schema.spi.SchemaManagementToolCoordinator.lambda$process$5(SchemaManagementToolCoordinator.java:145)
	at java.base/java.util.HashMap.forEach(HashMap.java:1430)
	at org.hibernate.tool.schema.spi.SchemaManagementToolCoordinator.process(SchemaManagementToolCoordinator.java:142)
	at org.hibernate.boot.internal.SessionFactoryObserverForSchemaExport.sessionFactoryCreated(SessionFactoryObserverForSchemaExport.java:37)
	at org.hibernate.internal.SessionFactoryObserverChain.sessionFactoryCreated(SessionFactoryObserverChain.java:35)
	at org.hibernate.internal.SessionFactoryImpl.<init>(SessionFactoryImpl.java:315)
	at org.hibernate.boot.internal.SessionFactoryBuilderImpl.build(SessionFactoryBuilderImpl.java:450)
	at org.hibernate.jpa.boot.internal.EntityManagerFactoryBuilderImpl.build(EntityManagerFactoryBuilderImpl.java:1507)
	at org.springframework.orm.jpa.vendor.SpringHibernateJpaPersistenceProvider.createContainerEntityManagerFactory(SpringHibernateJpaPersistenceProvider.java:75)
	at org.springframework.orm.jpa.LocalContainerEntityManagerFactoryBean.createNativeEntityManagerFactory(LocalContainerEntityManagerFactoryBean.java:390)
	at org.springframework.orm.jpa.AbstractEntityManagerFactoryBean.buildNativeEntityManagerFactory(AbstractEntityManagerFactoryBean.java:409)
	at org.springframework.orm.jpa.AbstractEntityManagerFactoryBean.afterPropertiesSet(AbstractEntityManagerFactoryBean.java:396)
	at org.springframework.orm.jpa.LocalContainerEntityManagerFactoryBean.afterPropertiesSet(LocalContainerEntityManagerFactoryBean.java:366)
	at org.springframework.beans.factory.support.AbstractAutowireCapableBeanFactory.invokeInitMethods(AbstractAutowireCapableBeanFactory.java:1833)
	at org.springframework.beans.factory.support.AbstractAutowireCapableBeanFactory.initializeBean(AbstractAutowireCapableBeanFactory.java:1782)
	at org.springframework.beans.factory.support.AbstractAutowireCapableBeanFactory.doCreateBean(AbstractAutowireCapableBeanFactory.java:600)
	at org.springframework.beans.factory.support.AbstractAutowireCapableBeanFactory.createBean(AbstractAutowireCapableBeanFactory.java:522)
	at org.springframework.beans.factory.support.AbstractBeanFactory.lambda$doGetBean$0(AbstractBeanFactory.java:326)
	at org.springframework.beans.factory.support.DefaultSingletonBeanRegistry.getSingleton(DefaultSingletonBeanRegistry.java:234)
	at org.springframework.beans.factory.support.AbstractBeanFactory.doGetBean(AbstractBeanFactory.java:324)
	at org.springframework.beans.factory.support.AbstractBeanFactory.getBean(AbstractBeanFactory.java:200)
	at org.springframework.context.support.AbstractApplicationContext.getBean(AbstractApplicationContext.java:1234)
	at org.springframework.context.support.AbstractApplicationContext.finishBeanFactoryInitialization(AbstractApplicationContext.java:952)
	at org.springframework.context.support.AbstractApplicationContext.refresh(AbstractApplicationContext.java:624)
	at org.springframework.boot.web.servlet.context.ServletWebServerApplicationContext.refresh(ServletWebServerApplicationContext.java:146)
	at org.springframework.boot.SpringApplication.refresh(SpringApplication.java:754)
	at org.springframework.boot.SpringApplication.refreshContext(SpringApplication.java:456)
	at org.springframework.boot.SpringApplication.run(SpringApplication.java:334)
	at org.springframework.boot.SpringApplication.run(SpringApplication.java:1354)
	at org.springframework.boot.SpringApplication.run(SpringApplication.java:1343)
	at com.crypto.exchange.ExchangeApplication.main(ExchangeApplication.java:17)
	at java.base/jdk.internal.reflect.DirectMethodHandleAccessor.invoke(DirectMethodHandleAccessor.java:103)
	at java.base/java.lang.reflect.Method.invoke(Method.java:580)
	at org.springframework.boot.devtools.restart.RestartLauncher.run(RestartLauncher.java:50)
Caused by: org.postgresql.util.PSQLException: ERROR: column "address" of relation "wallets" contains null values
	at org.postgresql.core.v3.QueryExecutorImpl.receiveErrorResponse(QueryExecutorImpl.java:2713)
	at org.postgresql.core.v3.QueryExecutorImpl.processResults(QueryExecutorImpl.java:2401)
	at org.postgresql.core.v3.QueryExecutorImpl.execute(QueryExecutorImpl.java:368)
	at org.postgresql.jdbc.PgStatement.executeInternal(PgStatement.java:498)
	at org.postgresql.jdbc.PgStatement.execute(PgStatement.java:415)
	at org.postgresql.jdbc.PgStatement.executeWithFlags(PgStatement.java:335)
	at org.postgresql.jdbc.PgStatement.executeCachedSql(PgStatement.java:321)
	at org.postgresql.jdbc.PgStatement.executeWithFlags(PgStatement.java:297)
	at org.postgresql.jdbc.PgStatement.execute(PgStatement.java:292)
	at com.zaxxer.hikari.pool.ProxyStatement.execute(ProxyStatement.java:94)
	at com.zaxxer.hikari.pool.HikariProxyStatement.execute(HikariProxyStatement.java)
	at org.hibernate.tool.schema.internal.exec.GenerationTargetToDatabase.accept(GenerationTargetToDatabase.java:80)
	... 41 common frames omitted
2026-09-16 15:58:45.306 [restartedMain] WARN  o.h.e.jdbc.spi.SqlExceptionHelper - SQL Warning Code: 0, SQLState: 00000
2026-09-16 15:58:45.306 [restartedMain] WARN  o.h.e.jdbc.spi.SqlExceptionHelper - constraint "uk_97gkb67pi15hxx44rq58buta6" of relation "wallets" does not exist, skipping
2026-09-16 15:58:45.411 [restartedMain] INFO  o.s.o.j.LocalContainerEntityManagerFactoryBean - Initialized JPA EntityManagerFactory for persistence unit 'default'
2026-09-16 15:58:45.789 [restartedMain] INFO  o.s.d.j.r.query.QueryEnhancerFactory - Hibernate is in classpath; If applicable, HQL parser will be used.
2026-09-16 15:58:46.641 [restartedMain] WARN  o.s.b.a.o.j.JpaBaseConfiguration$JpaWebConfiguration - spring.jpa.open-in-view is enabled by default. Therefore, database queries may be performed during view rendering. Explicitly configure spring.jpa.open-in-view to disable this warning
2026-09-16 15:58:46.958 [restartedMain] INFO  o.s.s.web.DefaultSecurityFilterChain - Will secure any request with [org.springframework.security.web.session.DisableEncodeUrlFilter@4fcf1f28, org.springframework.security.web.context.request.async.WebAsyncManagerIntegrationFilter@d859219, org.springframework.security.web.context.SecurityContextHolderFilter@610c412, org.springframework.security.web.header.HeaderWriterFilter@3b25472, org.springframework.web.filter.CorsFilter@3c0c30d, org.springframework.security.web.authentication.logout.LogoutFilter@4c84357d, com.crypto.exchange.web.security.JwtAuthenticationFilter@63c3a838, org.springframework.security.web.savedrequest.RequestCacheAwareFilter@4c0d497e, org.springframework.security.web.servletapi.SecurityContextHolderAwareRequestFilter@511fea51, org.springframework.security.web.authentication.AnonymousAuthenticationFilter@36ceb49d, org.springframework.security.web.session.SessionManagementFilter@69a538fb, org.springframework.security.web.access.ExceptionTranslationFilter@348c1353, org.springframework.security.web.access.intercept.AuthorizationFilter@33ee2cc4]
2026-09-16 15:58:47.370 [restartedMain] INFO  o.s.b.d.a.OptionalLiveReloadServer - LiveReload server is running on port 35729
2026-09-16 15:58:47.385 [restartedMain] INFO  o.a.coyote.http11.Http11NioProtocol - Starting ProtocolHandler ["http-nio-8080"]
2026-09-16 15:58:47.401 [restartedMain] INFO  o.s.b.w.e.tomcat.TomcatWebServer - Tomcat started on port 8080 (http) with context path ''
2026-09-16 15:58:47.417 [restartedMain] INFO  c.c.exchange.ExchangeApplication - Started ExchangeApplication in 7.415 seconds (process running for 8.004)
2026-09-16 15:58:47.433 [scheduling-1] INFO  c.c.e.core.aspect.LoggingAspect - Enter: com.crypto.exchange.core.service.CryptoInitializerService.scheduledPriceUpdate() with argument(s) = []
2026-09-16 15:58:47.433 [scheduling-1] INFO  c.c.e.c.s.CryptoInitializerService - Starting crypto price synchronization...
2026-09-16 15:58:48.467 [scheduling-1] INFO  c.c.e.c.s.CryptoInitializerService - Success! Updated and mapped 8 cryptocurrencies with CoinLore IDs
2026-09-16 15:58:48.467 [scheduling-1] INFO  c.c.e.core.aspect.LoggingAspect - Exit: com.crypto.exchange.core.service.CryptoInitializerService.scheduledPriceUpdate() executed in 1034 ms with result = null
2026-09-16 15:59:06.063 [SpringApplicationShutdownHook] INFO  o.s.o.j.LocalContainerEntityManagerFactoryBean - Closing JPA EntityManagerFactory for persistence unit 'default'
2026-09-16 15:59:06.063 [SpringApplicationShutdownHook] INFO  com.zaxxer.hikari.HikariDataSource - HikariPool-1 - Shutdown initiated...
2026-09-16 15:59:06.077 [SpringApplicationShutdownHook] INFO  com.zaxxer.hikari.HikariDataSource - HikariPool-1 - Shutdown completed.
2026-09-16 16:02:37.284 [background-preinit] INFO  o.h.validator.internal.util.Version - HV000001: Hibernate Validator 8.0.1.Final
2026-09-16 16:02:37.321 [restartedMain] INFO  c.c.exchange.ExchangeApplication - Starting ExchangeApplication using Java 23.0.2 with PID 18664 (E:\bsuirapp\exchange\target\classes started by AxlLN in E:\bsuirapp\exchange)
2026-09-16 16:02:37.328 [restartedMain] DEBUG c.c.exchange.ExchangeApplication - Running with Spring Boot v3.2.5, Spring v6.1.6
2026-09-16 16:02:37.329 [restartedMain] INFO  c.c.exchange.ExchangeApplication - No active profile set, falling back to 1 default profile: "default"
2026-09-16 16:02:37.401 [restartedMain] INFO  o.s.b.d.e.DevToolsPropertyDefaultsPostProcessor - Devtools property defaults active! Set 'spring.devtools.add-properties' to 'false' to disable
2026-09-16 16:02:37.401 [restartedMain] INFO  o.s.b.d.e.DevToolsPropertyDefaultsPostProcessor - For additional web related logging consider setting the 'logging.level.web' property to 'DEBUG'
2026-09-16 16:02:38.296 [restartedMain] INFO  o.s.d.r.c.RepositoryConfigurationDelegate - Bootstrapping Spring Data JPA repositories in DEFAULT mode.
2026-09-16 16:02:38.369 [restartedMain] INFO  o.s.d.r.c.RepositoryConfigurationDelegate - Finished Spring Data repository scanning in 55 ms. Found 6 JPA repository interfaces.
2026-09-16 16:02:38.693 [restartedMain] WARN  o.s.c.s.PostProcessorRegistrationDelegate$BeanPostProcessorChecker - Bean 'org.springframework.ws.config.annotation.DelegatingWsConfiguration' of type [org.springframework.ws.config.annotation.DelegatingWsConfiguration$$SpringCGLIB$$0] is not eligible for getting processed by all BeanPostProcessors (for example: not eligible for auto-proxying). The currently created BeanPostProcessor [annotationActionEndpointMapping] is declared through a non-static factory method on that class; consider declaring it as static instead.
2026-09-16 16:02:38.721 [restartedMain] INFO  o.s.w.s.a.s.AnnotationActionEndpointMapping - Supporting [WS-Addressing August 2004, WS-Addressing 1.0]
2026-09-16 16:02:39.207 [restartedMain] INFO  o.s.b.w.e.tomcat.TomcatWebServer - Tomcat initialized with port 8080 (http)
2026-09-16 16:02:39.226 [restartedMain] INFO  o.a.coyote.http11.Http11NioProtocol - Initializing ProtocolHandler ["http-nio-8080"]
2026-09-16 16:02:39.226 [restartedMain] INFO  o.a.catalina.core.StandardService - Starting service [Tomcat]
2026-09-16 16:02:39.226 [restartedMain] INFO  o.a.catalina.core.StandardEngine - Starting Servlet engine: [Apache Tomcat/10.1.20]
2026-09-16 16:02:39.274 [restartedMain] INFO  o.a.c.c.C.[Tomcat].[localhost].[/] - Initializing Spring embedded WebApplicationContext
2026-09-16 16:02:39.290 [restartedMain] INFO  o.s.b.w.s.c.ServletWebServerApplicationContext - Root WebApplicationContext: initialization completed in 1872 ms
2026-09-16 16:02:39.356 [restartedMain] DEBUG c.c.e.w.s.JwtAuthenticationFilter - Filter 'jwtAuthenticationFilter' configured for use
2026-09-16 16:02:39.496 [restartedMain] INFO  o.h.jpa.internal.util.LogHelper - HHH000204: Processing PersistenceUnitInfo [name: default]
2026-09-16 16:02:39.546 [restartedMain] INFO  org.hibernate.Version - HHH000412: Hibernate ORM core version 6.4.4.Final
2026-09-16 16:02:39.581 [restartedMain] INFO  o.h.c.i.RegionFactoryInitiator - HHH000026: Second-level cache disabled
2026-09-16 16:02:39.796 [restartedMain] INFO  o.s.o.j.p.SpringPersistenceUnitInfo - No LoadTimeWeaver setup: ignoring JPA class transformer
2026-09-16 16:02:39.814 [restartedMain] INFO  com.zaxxer.hikari.HikariDataSource - HikariPool-1 - Starting...
2026-09-16 16:02:40.072 [restartedMain] INFO  com.zaxxer.hikari.pool.HikariPool - HikariPool-1 - Added connection org.postgresql.jdbc.PgConnection@34f43d57
2026-09-16 16:02:40.072 [restartedMain] INFO  com.zaxxer.hikari.HikariDataSource - HikariPool-1 - Start completed.
2026-09-16 16:02:41.031 [restartedMain] INFO  o.h.e.t.j.p.i.JtaPlatformInitiator - HHH000489: No JTA platform available (set 'hibernate.transaction.jta.platform' to enable JTA platform integration)
2026-09-16 16:02:41.133 [restartedMain] WARN  o.h.e.jdbc.spi.SqlExceptionHelper - SQL Warning Code: 0, SQLState: 00000
2026-09-16 16:02:41.133 [restartedMain] WARN  o.h.e.jdbc.spi.SqlExceptionHelper - constraint "ukakgbtrfw88uce3bxnwcy2xr1p" of relation "wallet_balances" does not exist, skipping
2026-09-16 16:02:41.133 [restartedMain] WARN  o.h.e.jdbc.spi.SqlExceptionHelper - SQL Warning Code: 0, SQLState: 00000
2026-09-16 16:02:41.133 [restartedMain] WARN  o.h.e.jdbc.spi.SqlExceptionHelper - constraint "uk_97gkb67pi15hxx44rq58buta6" of relation "wallets" does not exist, skipping
2026-09-16 16:02:41.181 [restartedMain] INFO  o.s.o.j.LocalContainerEntityManagerFactoryBean - Initialized JPA EntityManagerFactory for persistence unit 'default'
2026-09-16 16:02:41.482 [restartedMain] INFO  o.s.d.j.r.query.QueryEnhancerFactory - Hibernate is in classpath; If applicable, HQL parser will be used.
2026-09-16 16:02:42.388 [restartedMain] WARN  o.s.b.a.o.j.JpaBaseConfiguration$JpaWebConfiguration - spring.jpa.open-in-view is enabled by default. Therefore, database queries may be performed during view rendering. Explicitly configure spring.jpa.open-in-view to disable this warning
2026-09-16 16:02:42.698 [restartedMain] INFO  o.s.s.web.DefaultSecurityFilterChain - Will secure any request with [org.springframework.security.web.session.DisableEncodeUrlFilter@5d665b23, org.springframework.security.web.context.request.async.WebAsyncManagerIntegrationFilter@33a2eab1, org.springframework.security.web.context.SecurityContextHolderFilter@7a74fb55, org.springframework.security.web.header.HeaderWriterFilter@3d3489b7, org.springframework.web.filter.CorsFilter@25a7b972, org.springframework.security.web.authentication.logout.LogoutFilter@610c412, com.crypto.exchange.web.security.JwtAuthenticationFilter@3f0ee68c, org.springframework.security.web.savedrequest.RequestCacheAwareFilter@6951def8, org.springframework.security.web.servletapi.SecurityContextHolderAwareRequestFilter@452f0e0, org.springframework.security.web.authentication.AnonymousAuthenticationFilter@6108c6db, org.springframework.security.web.session.SessionManagementFilter@3ceb39d7, org.springframework.security.web.access.ExceptionTranslationFilter@a15bfab, org.springframework.security.web.access.intercept.AuthorizationFilter@312bf03e]
2026-09-16 16:02:43.123 [restartedMain] INFO  o.s.b.d.a.OptionalLiveReloadServer - LiveReload server is running on port 35729
2026-09-16 16:02:43.139 [restartedMain] INFO  o.a.coyote.http11.Http11NioProtocol - Starting ProtocolHandler ["http-nio-8080"]
2026-09-16 16:02:43.151 [restartedMain] INFO  o.s.b.w.e.tomcat.TomcatWebServer - Tomcat started on port 8080 (http) with context path ''
2026-09-16 16:02:43.167 [restartedMain] INFO  c.c.exchange.ExchangeApplication - Started ExchangeApplication in 6.352 seconds (process running for 6.862)
2026-09-16 16:02:43.168 [scheduling-1] INFO  c.c.e.core.aspect.LoggingAspect - Enter: com.crypto.exchange.core.service.CryptoInitializerService.scheduledPriceUpdate() with argument(s) = []
2026-09-16 16:02:43.168 [scheduling-1] INFO  c.c.e.c.s.CryptoInitializerService - Starting crypto price synchronization...
2026-09-16 16:02:48.573 [scheduling-1] INFO  c.c.e.c.s.CryptoInitializerService - Success! Updated and mapped 8 cryptocurrencies with CoinLore IDs
2026-09-16 16:02:48.573 [scheduling-1] INFO  c.c.e.core.aspect.LoggingAspect - Exit: com.crypto.exchange.core.service.CryptoInitializerService.scheduledPriceUpdate() executed in 5405 ms with result = null
2026-09-16 16:03:07.058 [http-nio-8080-exec-2] INFO  o.a.c.c.C.[Tomcat].[localhost].[/] - Initializing Spring DispatcherServlet 'dispatcherServlet'
2026-09-16 16:03:07.058 [http-nio-8080-exec-2] INFO  o.s.web.servlet.DispatcherServlet - Initializing Servlet 'dispatcherServlet'
2026-09-16 16:03:07.058 [http-nio-8080-exec-2] INFO  o.s.web.servlet.DispatcherServlet - Completed initialization in 0 ms
2026-09-16 16:03:07.788 [http-nio-8080-exec-8] INFO  o.s.api.AbstractOpenApiResource - Init duration for springdoc-openapi is: 473 ms
2026-09-16 16:03:27.237 [http-nio-8080-exec-9] INFO  c.c.e.core.aspect.LoggingAspect - Enter: com.crypto.exchange.web.controller.AuthController.login() with argument(s) = [LoginRequest[usernameOrEmail=example, password=password]]
2026-09-16 16:03:27.247 [http-nio-8080-exec-9] INFO  c.c.e.core.aspect.LoggingAspect - Enter: com.crypto.exchange.core.service.AuthService.login() with argument(s) = [LoginRequest[usernameOrEmail=example, password=password]]
2026-09-16 16:03:27.521 [http-nio-8080-exec-9] INFO  c.c.e.core.aspect.LoggingAspect - Exit: com.crypto.exchange.core.service.AuthService.login() executed in 274 ms with result = AuthResponseDto[token=eyJhbGciOiJIUzUxMiJ9.eyJzdWIiOiJleGFtcGxlIiwiaWQiOjEsInJvbGUiOiJST0xFX0FETUlOIiwiaWF0IjoxNzg5NTYzODA3LCJleHAiOjE3ODk2NTAyMDd9.tj0keppsaYLwQoif_MeZOk43ZUqI8K4urDHiFBi1687X1dN7-cNWgBR-9Dwt6uQCbRO8MdddA57-9s3Ur27duA, tokenType=Bearer, user=UserResponseDto[id=1, username=example, email=example@example.com, role=ROLE_ADMIN, createdAt=2026-09-15T10:54:41.216510Z]]
2026-09-16 16:03:27.536 [http-nio-8080-exec-9] INFO  c.c.e.core.aspect.LoggingAspect - Exit: com.crypto.exchange.web.controller.AuthController.login() executed in 299 ms with result = <200 OK OK,AuthResponseDto[token=eyJhbGciOiJIUzUxMiJ9.eyJzdWIiOiJleGFtcGxlIiwiaWQiOjEsInJvbGUiOiJST0xFX0FETUlOIiwiaWF0IjoxNzg5NTYzODA3LCJleHAiOjE3ODk2NTAyMDd9.tj0keppsaYLwQoif_MeZOk43ZUqI8K4urDHiFBi1687X1dN7-cNWgBR-9Dwt6uQCbRO8MdddA57-9s3Ur27duA, tokenType=Bearer, user=UserResponseDto[id=1, username=example, email=example@example.com, role=ROLE_ADMIN, createdAt=2026-09-15T10:54:41.216510Z]],[]>
2026-09-16 16:03:46.204 [http-nio-8080-exec-10] INFO  c.c.e.core.aspect.LoggingAspect - Enter: com.crypto.exchange.web.controller.WalletController.createWallet() with argument(s) = [com.crypto.exchange.web.security.UserPrincipal@2a0c7bbf, CreateWalletRequestDto[name=wallet1, isDefault=true]]
2026-09-16 16:03:46.204 [http-nio-8080-exec-10] INFO  c.c.e.core.aspect.LoggingAspect - Enter: com.crypto.exchange.core.service.implementation.WalletServiceImpl.createWallet() with argument(s) = [1, CreateWalletRequestDto[name=wallet1, isDefault=true]]
2026-09-16 16:03:46.436 [http-nio-8080-exec-10] INFO  c.c.e.core.aspect.LoggingAspect - Exit: com.crypto.exchange.core.service.implementation.WalletServiceImpl.createWallet() executed in 232 ms with result = WalletResponseDto[id=1, address=0x41722b9bb3eb456ea150a0f9433870a4, name=wallet1, isDefault=true, balances=[WalletBalanceResponseDto[id=5, symbol=XRP, cryptoName=XRP, amount=0, currentPriceUsd=1.2800, totalValueUsd=0.0000], WalletBalanceResponseDto[id=3, symbol=ETH, cryptoName=Ethereum, amount=0, currentPriceUsd=2407.0000, totalValueUsd=0.0000], WalletBalanceResponseDto[id=4, symbol=USDT, cryptoName=Tether, amount=0, currentPriceUsd=0.9992, totalValueUsd=0.0000], WalletBalanceResponseDto[id=8, symbol=DOGE, cryptoName=Dogecoin, amount=0, currentPriceUsd=0.0794, totalValueUsd=0.0000], WalletBalanceResponseDto[id=6, symbol=SOL, cryptoName=Solana, amount=0, currentPriceUsd=97.5200, totalValueUsd=0.0000], WalletBalanceResponseDto[id=7, symbol=BNB, cryptoName=Binance Coin, amount=0, currentPriceUsd=712.8800, totalValueUsd=0.0000], WalletBalanceResponseDto[id=1, symbol=ADA, cryptoName=Cardano, amount=0, currentPriceUsd=0.1929, totalValueUsd=0.0000], WalletBalanceResponseDto[id=2, symbol=BTC, cryptoName=Bitcoin, amount=0, currentPriceUsd=75945.2000, totalValueUsd=0.0000]]]
2026-09-16 16:03:46.450 [http-nio-8080-exec-10] INFO  c.c.e.core.aspect.LoggingAspect - Exit: com.crypto.exchange.web.controller.WalletController.createWallet() executed in 246 ms with result = <201 CREATED Created,WalletResponseDto[id=1, address=0x41722b9bb3eb456ea150a0f9433870a4, name=wallet1, isDefault=true, balances=[WalletBalanceResponseDto[id=5, symbol=XRP, cryptoName=XRP, amount=0, currentPriceUsd=1.2800, totalValueUsd=0.0000], WalletBalanceResponseDto[id=3, symbol=ETH, cryptoName=Ethereum, amount=0, currentPriceUsd=2407.0000, totalValueUsd=0.0000], WalletBalanceResponseDto[id=4, symbol=USDT, cryptoName=Tether, amount=0, currentPriceUsd=0.9992, totalValueUsd=0.0000], WalletBalanceResponseDto[id=8, symbol=DOGE, cryptoName=Dogecoin, amount=0, currentPriceUsd=0.0794, totalValueUsd=0.0000], WalletBalanceResponseDto[id=6, symbol=SOL, cryptoName=Solana, amount=0, currentPriceUsd=97.5200, totalValueUsd=0.0000], WalletBalanceResponseDto[id=7, symbol=BNB, cryptoName=Binance Coin, amount=0, currentPriceUsd=712.8800, totalValueUsd=0.0000], WalletBalanceResponseDto[id=1, symbol=ADA, cryptoName=Cardano, amount=0, currentPriceUsd=0.1929, totalValueUsd=0.0000], WalletBalanceResponseDto[id=2, symbol=BTC, cryptoName=Bitcoin, amount=0, currentPriceUsd=75945.2000, totalValueUsd=0.0000]]],[]>
2026-09-16 16:04:14.414 [http-nio-8080-exec-6] INFO  c.c.e.core.aspect.LoggingAspect - Enter: com.crypto.exchange.web.controller.WalletController.getWalletById() with argument(s) = [com.crypto.exchange.web.security.UserPrincipal@5c030237, 1]
2026-09-16 16:04:14.415 [http-nio-8080-exec-6] INFO  c.c.e.core.aspect.LoggingAspect - Enter: com.crypto.exchange.core.service.implementation.WalletServiceImpl.getWalletById() with argument(s) = [1, 1]
2026-09-16 16:04:14.443 [http-nio-8080-exec-6] INFO  c.c.e.core.aspect.LoggingAspect - Exit: com.crypto.exchange.core.service.implementation.WalletServiceImpl.getWalletById() executed in 28 ms with result = WalletResponseDto[id=1, address=0x41722b9bb3eb456ea150a0f9433870a4, name=wallet1, isDefault=true, balances=[WalletBalanceResponseDto[id=6, symbol=SOL, cryptoName=Solana, amount=0E-8, currentPriceUsd=97.5200, totalValueUsd=0E-12], WalletBalanceResponseDto[id=7, symbol=BNB, cryptoName=Binance Coin, amount=0E-8, currentPriceUsd=712.8800, totalValueUsd=0E-12], WalletBalanceResponseDto[id=4, symbol=USDT, cryptoName=Tether, amount=0E-8, currentPriceUsd=0.9992, totalValueUsd=0E-12], WalletBalanceResponseDto[id=2, symbol=BTC, cryptoName=Bitcoin, amount=0E-8, currentPriceUsd=75945.2000, totalValueUsd=0E-12], WalletBalanceResponseDto[id=1, symbol=ADA, cryptoName=Cardano, amount=0E-8, currentPriceUsd=0.1929, totalValueUsd=0E-12], WalletBalanceResponseDto[id=8, symbol=DOGE, cryptoName=Dogecoin, amount=0E-8, currentPriceUsd=0.0794, totalValueUsd=0E-12], WalletBalanceResponseDto[id=3, symbol=ETH, cryptoName=Ethereum, amount=0E-8, currentPriceUsd=2407.0000, totalValueUsd=0E-12], WalletBalanceResponseDto[id=5, symbol=XRP, cryptoName=XRP, amount=0E-8, currentPriceUsd=1.2800, totalValueUsd=0E-12]]]
2026-09-16 16:04:14.443 [http-nio-8080-exec-6] INFO  c.c.e.core.aspect.LoggingAspect - Exit: com.crypto.exchange.web.controller.WalletController.getWalletById() executed in 29 ms with result = <200 OK OK,WalletResponseDto[id=1, address=0x41722b9bb3eb456ea150a0f9433870a4, name=wallet1, isDefault=true, balances=[WalletBalanceResponseDto[id=6, symbol=SOL, cryptoName=Solana, amount=0E-8, currentPriceUsd=97.5200, totalValueUsd=0E-12], WalletBalanceResponseDto[id=7, symbol=BNB, cryptoName=Binance Coin, amount=0E-8, currentPriceUsd=712.8800, totalValueUsd=0E-12], WalletBalanceResponseDto[id=4, symbol=USDT, cryptoName=Tether, amount=0E-8, currentPriceUsd=0.9992, totalValueUsd=0E-12], WalletBalanceResponseDto[id=2, symbol=BTC, cryptoName=Bitcoin, amount=0E-8, currentPriceUsd=75945.2000, totalValueUsd=0E-12], WalletBalanceResponseDto[id=1, symbol=ADA, cryptoName=Cardano, amount=0E-8, currentPriceUsd=0.1929, totalValueUsd=0E-12], WalletBalanceResponseDto[id=8, symbol=DOGE, cryptoName=Dogecoin, amount=0E-8, currentPriceUsd=0.0794, totalValueUsd=0E-12], WalletBalanceResponseDto[id=3, symbol=ETH, cryptoName=Ethereum, amount=0E-8, currentPriceUsd=2407.0000, totalValueUsd=0E-12], WalletBalanceResponseDto[id=5, symbol=XRP, cryptoName=XRP, amount=0E-8, currentPriceUsd=1.2800, totalValueUsd=0E-12]]],[]>
2026-09-16 16:04:38.553 [http-nio-8080-exec-4] INFO  c.c.e.core.aspect.LoggingAspect - Enter: com.crypto.exchange.web.controller.WalletController.getWalletByAddress() with argument(s) = [0x41722b9bb3eb456ea150a0f9433870a4]
2026-09-16 16:04:38.554 [http-nio-8080-exec-4] INFO  c.c.e.core.aspect.LoggingAspect - Enter: com.crypto.exchange.core.service.implementation.WalletServiceImpl.getWalletByAddress() with argument(s) = [0x41722b9bb3eb456ea150a0f9433870a4]
2026-09-16 16:04:38.565 [http-nio-8080-exec-4] INFO  c.c.e.core.aspect.LoggingAspect - Exit: com.crypto.exchange.core.service.implementation.WalletServiceImpl.getWalletByAddress() executed in 10 ms with result = WalletResponseDto[id=1, address=0x41722b9bb3eb456ea150a0f9433870a4, name=wallet1, isDefault=true, balances=[WalletBalanceResponseDto[id=3, symbol=ETH, cryptoName=Ethereum, amount=0E-8, currentPriceUsd=2407.0000, totalValueUsd=0E-12], WalletBalanceResponseDto[id=1, symbol=ADA, cryptoName=Cardano, amount=0E-8, currentPriceUsd=0.1929, totalValueUsd=0E-12], WalletBalanceResponseDto[id=2, symbol=BTC, cryptoName=Bitcoin, amount=0E-8, currentPriceUsd=75945.2000, totalValueUsd=0E-12], WalletBalanceResponseDto[id=6, symbol=SOL, cryptoName=Solana, amount=0E-8, currentPriceUsd=97.5200, totalValueUsd=0E-12], WalletBalanceResponseDto[id=4, symbol=USDT, cryptoName=Tether, amount=0E-8, currentPriceUsd=0.9992, totalValueUsd=0E-12], WalletBalanceResponseDto[id=5, symbol=XRP, cryptoName=XRP, amount=0E-8, currentPriceUsd=1.2800, totalValueUsd=0E-12], WalletBalanceResponseDto[id=7, symbol=BNB, cryptoName=Binance Coin, amount=0E-8, currentPriceUsd=712.8800, totalValueUsd=0E-12], WalletBalanceResponseDto[id=8, symbol=DOGE, cryptoName=Dogecoin, amount=0E-8, currentPriceUsd=0.0794, totalValueUsd=0E-12]]]
2026-09-16 16:04:38.565 [http-nio-8080-exec-4] INFO  c.c.e.core.aspect.LoggingAspect - Exit: com.crypto.exchange.web.controller.WalletController.getWalletByAddress() executed in 11 ms with result = <200 OK OK,WalletResponseDto[id=1, address=0x41722b9bb3eb456ea150a0f9433870a4, name=wallet1, isDefault=true, balances=[WalletBalanceResponseDto[id=3, symbol=ETH, cryptoName=Ethereum, amount=0E-8, currentPriceUsd=2407.0000, totalValueUsd=0E-12], WalletBalanceResponseDto[id=1, symbol=ADA, cryptoName=Cardano, amount=0E-8, currentPriceUsd=0.1929, totalValueUsd=0E-12], WalletBalanceResponseDto[id=2, symbol=BTC, cryptoName=Bitcoin, amount=0E-8, currentPriceUsd=75945.2000, totalValueUsd=0E-12], WalletBalanceResponseDto[id=6, symbol=SOL, cryptoName=Solana, amount=0E-8, currentPriceUsd=97.5200, totalValueUsd=0E-12], WalletBalanceResponseDto[id=4, symbol=USDT, cryptoName=Tether, amount=0E-8, currentPriceUsd=0.9992, totalValueUsd=0E-12], WalletBalanceResponseDto[id=5, symbol=XRP, cryptoName=XRP, amount=0E-8, currentPriceUsd=1.2800, totalValueUsd=0E-12], WalletBalanceResponseDto[id=7, symbol=BNB, cryptoName=Binance Coin, amount=0E-8, currentPriceUsd=712.8800, totalValueUsd=0E-12], WalletBalanceResponseDto[id=8, symbol=DOGE, cryptoName=Dogecoin, amount=0E-8, currentPriceUsd=0.0794, totalValueUsd=0E-12]]],[]>
2026-09-16 16:05:11.523 [SpringApplicationShutdownHook] INFO  o.s.o.j.LocalContainerEntityManagerFactoryBean - Closing JPA EntityManagerFactory for persistence unit 'default'
2026-09-16 16:05:11.525 [SpringApplicationShutdownHook] INFO  com.zaxxer.hikari.HikariDataSource - HikariPool-1 - Shutdown initiated...
2026-09-16 16:05:11.528 [SpringApplicationShutdownHook] INFO  com.zaxxer.hikari.HikariDataSource - HikariPool-1 - Shutdown completed.
2026-09-16 16:10:41.299 [background-preinit] INFO  o.h.validator.internal.util.Version - HV000001: Hibernate Validator 8.0.1.Final
2026-09-16 16:10:41.348 [restartedMain] INFO  c.c.exchange.ExchangeApplication - Starting ExchangeApplication using Java 23.0.2 with PID 20364 (E:\bsuirapp\exchange\target\classes started by AxlLN in E:\bsuirapp\exchange)
2026-09-16 16:10:41.355 [restartedMain] DEBUG c.c.exchange.ExchangeApplication - Running with Spring Boot v3.2.5, Spring v6.1.6
2026-09-16 16:10:41.357 [restartedMain] INFO  c.c.exchange.ExchangeApplication - No active profile set, falling back to 1 default profile: "default"
2026-09-16 16:10:41.422 [restartedMain] INFO  o.s.b.d.e.DevToolsPropertyDefaultsPostProcessor - Devtools property defaults active! Set 'spring.devtools.add-properties' to 'false' to disable
2026-09-16 16:10:41.422 [restartedMain] INFO  o.s.b.d.e.DevToolsPropertyDefaultsPostProcessor - For additional web related logging consider setting the 'logging.level.web' property to 'DEBUG'
2026-09-16 16:10:42.288 [restartedMain] INFO  o.s.d.r.c.RepositoryConfigurationDelegate - Bootstrapping Spring Data JPA repositories in DEFAULT mode.
2026-09-16 16:10:42.351 [restartedMain] INFO  o.s.d.r.c.RepositoryConfigurationDelegate - Finished Spring Data repository scanning in 55 ms. Found 6 JPA repository interfaces.
2026-09-16 16:10:42.666 [restartedMain] WARN  o.s.c.s.PostProcessorRegistrationDelegate$BeanPostProcessorChecker - Bean 'org.springframework.ws.config.annotation.DelegatingWsConfiguration' of type [org.springframework.ws.config.annotation.DelegatingWsConfiguration$$SpringCGLIB$$0] is not eligible for getting processed by all BeanPostProcessors (for example: not eligible for auto-proxying). The currently created BeanPostProcessor [annotationActionEndpointMapping] is declared through a non-static factory method on that class; consider declaring it as static instead.
2026-09-16 16:10:42.682 [restartedMain] INFO  o.s.w.s.a.s.AnnotationActionEndpointMapping - Supporting [WS-Addressing August 2004, WS-Addressing 1.0]
2026-09-16 16:10:43.125 [restartedMain] INFO  o.s.b.w.e.tomcat.TomcatWebServer - Tomcat initialized with port 8080 (http)
2026-09-16 16:10:43.125 [restartedMain] INFO  o.a.coyote.http11.Http11NioProtocol - Initializing ProtocolHandler ["http-nio-8080"]
2026-09-16 16:10:43.141 [restartedMain] INFO  o.a.catalina.core.StandardService - Starting service [Tomcat]
2026-09-16 16:10:43.141 [restartedMain] INFO  o.a.catalina.core.StandardEngine - Starting Servlet engine: [Apache Tomcat/10.1.20]
2026-09-16 16:10:43.196 [restartedMain] INFO  o.a.c.c.C.[Tomcat].[localhost].[/] - Initializing Spring embedded WebApplicationContext
2026-09-16 16:10:43.196 [restartedMain] INFO  o.s.b.w.s.c.ServletWebServerApplicationContext - Root WebApplicationContext: initialization completed in 1774 ms
2026-09-16 16:10:43.259 [restartedMain] DEBUG c.c.e.w.s.JwtAuthenticationFilter - Filter 'jwtAuthenticationFilter' configured for use
2026-09-16 16:10:43.385 [restartedMain] INFO  o.h.jpa.internal.util.LogHelper - HHH000204: Processing PersistenceUnitInfo [name: default]
2026-09-16 16:10:43.432 [restartedMain] INFO  org.hibernate.Version - HHH000412: Hibernate ORM core version 6.4.4.Final
2026-09-16 16:10:43.464 [restartedMain] INFO  o.h.c.i.RegionFactoryInitiator - HHH000026: Second-level cache disabled
2026-09-16 16:10:43.652 [restartedMain] INFO  o.s.o.j.p.SpringPersistenceUnitInfo - No LoadTimeWeaver setup: ignoring JPA class transformer
2026-09-16 16:10:43.667 [restartedMain] INFO  com.zaxxer.hikari.HikariDataSource - HikariPool-1 - Starting...
2026-09-16 16:10:43.968 [restartedMain] INFO  com.zaxxer.hikari.pool.HikariPool - HikariPool-1 - Added connection org.postgresql.jdbc.PgConnection@28e34f9
2026-09-16 16:10:43.968 [restartedMain] INFO  com.zaxxer.hikari.HikariDataSource - HikariPool-1 - Start completed.
2026-09-16 16:10:44.787 [restartedMain] INFO  o.h.e.t.j.p.i.JtaPlatformInitiator - HHH000489: No JTA platform available (set 'hibernate.transaction.jta.platform' to enable JTA platform integration)
2026-09-16 16:10:44.882 [restartedMain] INFO  o.s.o.j.LocalContainerEntityManagerFactoryBean - Initialized JPA EntityManagerFactory for persistence unit 'default'
2026-09-16 16:10:45.135 [restartedMain] INFO  o.s.d.j.r.query.QueryEnhancerFactory - Hibernate is in classpath; If applicable, HQL parser will be used.
2026-09-16 16:10:45.802 [restartedMain] WARN  o.s.b.a.o.j.JpaBaseConfiguration$JpaWebConfiguration - spring.jpa.open-in-view is enabled by default. Therefore, database queries may be performed during view rendering. Explicitly configure spring.jpa.open-in-view to disable this warning
2026-09-16 16:10:46.038 [restartedMain] INFO  o.s.s.web.DefaultSecurityFilterChain - Will secure any request with [org.springframework.security.web.session.DisableEncodeUrlFilter@512f9434, org.springframework.security.web.context.request.async.WebAsyncManagerIntegrationFilter@5ff84d4, org.springframework.security.web.context.SecurityContextHolderFilter@56b6db50, org.springframework.security.web.header.HeaderWriterFilter@501384e2, org.springframework.web.filter.CorsFilter@239f7bac, org.springframework.security.web.authentication.logout.LogoutFilter@7a69bab7, com.crypto.exchange.web.security.JwtAuthenticationFilter@224b4ae6, org.springframework.security.web.savedrequest.RequestCacheAwareFilter@207fc4b9, org.springframework.security.web.servletapi.SecurityContextHolderAwareRequestFilter@6a9985f3, org.springframework.security.web.authentication.AnonymousAuthenticationFilter@dfc50ec, org.springframework.security.web.session.SessionManagementFilter@39519278, org.springframework.security.web.access.ExceptionTranslationFilter@55304fab, org.springframework.security.web.access.intercept.AuthorizationFilter@46b256cb]
2026-09-16 16:10:46.390 [restartedMain] INFO  o.s.b.d.a.OptionalLiveReloadServer - LiveReload server is running on port 35729
2026-09-16 16:10:46.407 [restartedMain] INFO  o.a.coyote.http11.Http11NioProtocol - Starting ProtocolHandler ["http-nio-8080"]
2026-09-16 16:10:46.436 [restartedMain] INFO  o.s.b.w.e.tomcat.TomcatWebServer - Tomcat started on port 8080 (http) with context path ''
2026-09-16 16:10:46.451 [restartedMain] INFO  c.c.exchange.ExchangeApplication - Started ExchangeApplication in 5.545 seconds (process running for 6.011)
2026-09-16 16:10:46.452 [scheduling-1] INFO  c.c.e.core.aspect.LoggingAspect - Enter: com.crypto.exchange.core.service.CryptoInitializerService.scheduledPriceUpdate() with argument(s) = []
2026-09-16 16:10:46.452 [scheduling-1] INFO  c.c.e.c.s.CryptoInitializerService - Starting crypto price synchronization...
2026-09-16 16:10:47.285 [scheduling-1] INFO  c.c.e.c.s.CryptoInitializerService - Success! Updated and mapped 8 cryptocurrencies with CoinLore IDs
2026-09-16 16:10:47.285 [scheduling-1] INFO  c.c.e.core.aspect.LoggingAspect - Exit: com.crypto.exchange.core.service.CryptoInitializerService.scheduledPriceUpdate() executed in 833 ms with result = null
2026-09-16 16:10:56.766 [http-nio-8080-exec-1] INFO  o.a.c.c.C.[Tomcat].[localhost].[/] - Initializing Spring DispatcherServlet 'dispatcherServlet'
2026-09-16 16:10:56.766 [http-nio-8080-exec-1] INFO  o.s.web.servlet.DispatcherServlet - Initializing Servlet 'dispatcherServlet'
2026-09-16 16:10:56.766 [http-nio-8080-exec-1] INFO  o.s.web.servlet.DispatcherServlet - Completed initialization in 0 ms
2026-09-16 16:10:57.496 [http-nio-8080-exec-8] INFO  o.s.api.AbstractOpenApiResource - Init duration for springdoc-openapi is: 503 ms
2026-09-16 16:11:24.584 [http-nio-8080-exec-9] INFO  c.c.e.core.aspect.LoggingAspect - Enter: com.crypto.exchange.web.controller.AuthController.login() with argument(s) = [LoginRequest[usernameOrEmail=eample, password=password]]
2026-09-16 16:11:24.585 [http-nio-8080-exec-9] INFO  c.c.e.core.aspect.LoggingAspect - Enter: com.crypto.exchange.core.service.AuthService.login() with argument(s) = [LoginRequest[usernameOrEmail=eample, password=password]]
2026-09-16 16:11:24.819 [http-nio-8080-exec-9] ERROR c.c.e.core.aspect.LoggingAspect - Exception in com.crypto.exchange.core.service.AuthService.login() with cause = 'NULL' and exception = 'Неверные учетные данные пользователя'
2026-09-16 16:11:24.821 [http-nio-8080-exec-9] ERROR c.c.e.core.aspect.LoggingAspect - Exception in com.crypto.exchange.web.controller.AuthController.login() with cause = 'NULL' and exception = 'Неверные учетные данные пользователя'
2026-09-16 16:11:24.821 [http-nio-8080-exec-9] WARN  c.c.e.c.e.GlobalExceptionHandler - Authentication failed: Неверные учетные данные пользователя
2026-09-16 16:11:24.821 [http-nio-8080-exec-9] WARN  o.s.w.s.m.m.a.ExceptionHandlerExceptionResolver - Resolved [org.springframework.security.authentication.BadCredentialsException: Неверные учетные данные пользователя]
2026-09-16 16:11:29.745 [http-nio-8080-exec-10] INFO  c.c.e.core.aspect.LoggingAspect - Enter: com.crypto.exchange.web.controller.AuthController.login() with argument(s) = [LoginRequest[usernameOrEmail=example, password=password]]
2026-09-16 16:11:29.746 [http-nio-8080-exec-10] INFO  c.c.e.core.aspect.LoggingAspect - Enter: com.crypto.exchange.core.service.AuthService.login() with argument(s) = [LoginRequest[usernameOrEmail=example, password=password]]
2026-09-16 16:11:29.917 [http-nio-8080-exec-10] INFO  c.c.e.core.aspect.LoggingAspect - Exit: com.crypto.exchange.core.service.AuthService.login() executed in 170 ms with result = AuthResponseDto[token=eyJhbGciOiJIUzUxMiJ9.eyJzdWIiOiJleGFtcGxlIiwiaWQiOjEsInJvbGUiOiJST0xFX0FETUlOIiwiaWF0IjoxNzg5NTY0Mjg5LCJleHAiOjE3ODk2NTA2ODl9.zmoirjB_lwMMuSwG9HWFUeujWLSMRwlRw1lfsg121GTvorD1nWvf4z8EDbz1CDkwhIEaKxHyhjAeobHQox9kBA, tokenType=Bearer, user=UserResponseDto[id=1, username=example, email=example@example.com, role=ROLE_ADMIN, createdAt=2026-09-15T10:54:41.216510Z]]
2026-09-16 16:11:29.934 [http-nio-8080-exec-10] INFO  c.c.e.core.aspect.LoggingAspect - Exit: com.crypto.exchange.web.controller.AuthController.login() executed in 189 ms with result = <200 OK OK,AuthResponseDto[token=eyJhbGciOiJIUzUxMiJ9.eyJzdWIiOiJleGFtcGxlIiwiaWQiOjEsInJvbGUiOiJST0xFX0FETUlOIiwiaWF0IjoxNzg5NTY0Mjg5LCJleHAiOjE3ODk2NTA2ODl9.zmoirjB_lwMMuSwG9HWFUeujWLSMRwlRw1lfsg121GTvorD1nWvf4z8EDbz1CDkwhIEaKxHyhjAeobHQox9kBA, tokenType=Bearer, user=UserResponseDto[id=1, username=example, email=example@example.com, role=ROLE_ADMIN, createdAt=2026-09-15T10:54:41.216510Z]],[]>
2026-09-16 16:13:15.164 [http-nio-8080-exec-6] INFO  c.c.e.core.aspect.LoggingAspect - Enter: com.crypto.exchange.web.controller.WalletController.createWallet() with argument(s) = [com.crypto.exchange.web.security.UserPrincipal@6d837bff, CreateWalletRequestDto[name=wallet2, isDefault=true]]
2026-09-16 16:13:15.164 [http-nio-8080-exec-6] INFO  c.c.e.core.aspect.LoggingAspect - Enter: com.crypto.exchange.core.service.implementation.WalletServiceImpl.createWallet() with argument(s) = [1, CreateWalletRequestDto[name=wallet2, isDefault=true]]
2026-09-16 16:13:15.199 [http-nio-8080-exec-6] INFO  c.c.e.core.aspect.LoggingAspect - Exit: com.crypto.exchange.core.service.implementation.WalletServiceImpl.createWallet() executed in 35 ms with result = WalletResponseDto[id=2, address=0xe15299f163154c50ae7fe8b8c480b3f5, name=wallet2, isDefault=true, balances=[WalletBalanceResponseDto[id=16, symbol=DOGE, cryptoName=Dogecoin, amount=0, currentPriceUsd=0.0790, totalValueUsd=0.0000], WalletBalanceResponseDto[id=13, symbol=BNB, cryptoName=Binance Coin, amount=0, currentPriceUsd=711.9500, totalValueUsd=0.0000], WalletBalanceResponseDto[id=14, symbol=USDT, cryptoName=Tether, amount=0, currentPriceUsd=0.9992, totalValueUsd=0.0000], WalletBalanceResponseDto[id=15, symbol=ETH, cryptoName=Ethereum, amount=0, currentPriceUsd=2400.5300, totalValueUsd=0.0000], WalletBalanceResponseDto[id=12, symbol=ADA, cryptoName=Cardano, amount=0, currentPriceUsd=0.1927, totalValueUsd=0.0000], WalletBalanceResponseDto[id=9, symbol=XRP, cryptoName=XRP, amount=0, currentPriceUsd=1.2800, totalValueUsd=0.0000], WalletBalanceResponseDto[id=10, symbol=SOL, cryptoName=Solana, amount=0, currentPriceUsd=97.1600, totalValueUsd=0.0000], WalletBalanceResponseDto[id=11, symbol=BTC, cryptoName=Bitcoin, amount=0, currentPriceUsd=75831.8100, totalValueUsd=0.0000]]]
2026-09-16 16:13:15.382 [http-nio-8080-exec-6] INFO  c.c.e.core.aspect.LoggingAspect - Exit: com.crypto.exchange.web.controller.WalletController.createWallet() executed in 218 ms with result = <201 CREATED Created,WalletResponseDto[id=2, address=0xe15299f163154c50ae7fe8b8c480b3f5, name=wallet2, isDefault=true, balances=[WalletBalanceResponseDto[id=16, symbol=DOGE, cryptoName=Dogecoin, amount=0, currentPriceUsd=0.0790, totalValueUsd=0.0000], WalletBalanceResponseDto[id=13, symbol=BNB, cryptoName=Binance Coin, amount=0, currentPriceUsd=711.9500, totalValueUsd=0.0000], WalletBalanceResponseDto[id=14, symbol=USDT, cryptoName=Tether, amount=0, currentPriceUsd=0.9992, totalValueUsd=0.0000], WalletBalanceResponseDto[id=15, symbol=ETH, cryptoName=Ethereum, amount=0, currentPriceUsd=2400.5300, totalValueUsd=0.0000], WalletBalanceResponseDto[id=12, symbol=ADA, cryptoName=Cardano, amount=0, currentPriceUsd=0.1927, totalValueUsd=0.0000], WalletBalanceResponseDto[id=9, symbol=XRP, cryptoName=XRP, amount=0, currentPriceUsd=1.2800, totalValueUsd=0.0000], WalletBalanceResponseDto[id=10, symbol=SOL, cryptoName=Solana, amount=0, currentPriceUsd=97.1600, totalValueUsd=0.0000], WalletBalanceResponseDto[id=11, symbol=BTC, cryptoName=Bitcoin, amount=0, currentPriceUsd=75831.8100, totalValueUsd=0.0000]]],[]>
2026-09-16 16:14:08.370 [http-nio-8080-exec-7] INFO  c.c.e.core.aspect.LoggingAspect - Enter: com.crypto.exchange.web.controller.WalletController.deposit() with argument(s) = [com.crypto.exchange.web.security.UserPrincipal@65025f01, 1, BalanceOperationRequestDto[cryptoId=2, amount=10]]
2026-09-16 16:14:08.371 [http-nio-8080-exec-7] INFO  c.c.e.core.aspect.LoggingAspect - Enter: com.crypto.exchange.core.service.implementation.WalletServiceImpl.deposit() with argument(s) = [1, 1, BalanceOperationRequestDto[cryptoId=2, amount=10]]
2026-09-16 16:14:08.420 [http-nio-8080-exec-7] INFO  c.c.e.core.aspect.LoggingAspect - Exit: com.crypto.exchange.core.service.implementation.WalletServiceImpl.deposit() executed in 49 ms with result = WalletResponseDto[id=1, address=0x41722b9bb3eb456ea150a0f9433870a4, name=wallet1, isDefault=false, balances=[WalletBalanceResponseDto[id=6, symbol=SOL, cryptoName=Solana, amount=0E-8, currentPriceUsd=97.1600, totalValueUsd=0E-12], WalletBalanceResponseDto[id=5, symbol=XRP, cryptoName=XRP, amount=0E-8, currentPriceUsd=1.2800, totalValueUsd=0E-12], WalletBalanceResponseDto[id=3, symbol=ETH, cryptoName=Ethereum, amount=0E-8, currentPriceUsd=2400.5300, totalValueUsd=0E-12], WalletBalanceResponseDto[id=4, symbol=USDT, cryptoName=Tether, amount=0E-8, currentPriceUsd=0.9992, totalValueUsd=0E-12], WalletBalanceResponseDto[id=7, symbol=BNB, cryptoName=Binance Coin, amount=0E-8, currentPriceUsd=711.9500, totalValueUsd=0E-12], WalletBalanceResponseDto[id=1, symbol=ADA, cryptoName=Cardano, amount=0E-8, currentPriceUsd=0.1927, totalValueUsd=0E-12], WalletBalanceResponseDto[id=2, symbol=BTC, cryptoName=Bitcoin, amount=10.00000000, currentPriceUsd=75831.8100, totalValueUsd=758318.100000000000], WalletBalanceResponseDto[id=8, symbol=DOGE, cryptoName=Dogecoin, amount=0E-8, currentPriceUsd=0.0790, totalValueUsd=0E-12]]]
2026-09-16 16:14:08.420 [http-nio-8080-exec-7] INFO  c.c.e.core.aspect.LoggingAspect - Exit: com.crypto.exchange.web.controller.WalletController.deposit() executed in 49 ms with result = <200 OK OK,WalletResponseDto[id=1, address=0x41722b9bb3eb456ea150a0f9433870a4, name=wallet1, isDefault=false, balances=[WalletBalanceResponseDto[id=6, symbol=SOL, cryptoName=Solana, amount=0E-8, currentPriceUsd=97.1600, totalValueUsd=0E-12], WalletBalanceResponseDto[id=5, symbol=XRP, cryptoName=XRP, amount=0E-8, currentPriceUsd=1.2800, totalValueUsd=0E-12], WalletBalanceResponseDto[id=3, symbol=ETH, cryptoName=Ethereum, amount=0E-8, currentPriceUsd=2400.5300, totalValueUsd=0E-12], WalletBalanceResponseDto[id=4, symbol=USDT, cryptoName=Tether, amount=0E-8, currentPriceUsd=0.9992, totalValueUsd=0E-12], WalletBalanceResponseDto[id=7, symbol=BNB, cryptoName=Binance Coin, amount=0E-8, currentPriceUsd=711.9500, totalValueUsd=0E-12], WalletBalanceResponseDto[id=1, symbol=ADA, cryptoName=Cardano, amount=0E-8, currentPriceUsd=0.1927, totalValueUsd=0E-12], WalletBalanceResponseDto[id=2, symbol=BTC, cryptoName=Bitcoin, amount=10.00000000, currentPriceUsd=75831.8100, totalValueUsd=758318.100000000000], WalletBalanceResponseDto[id=8, symbol=DOGE, cryptoName=Dogecoin, amount=0E-8, currentPriceUsd=0.0790, totalValueUsd=0E-12]]],[]>
2026-09-16 16:14:35.934 [http-nio-8080-exec-8] INFO  c.c.e.core.aspect.LoggingAspect - Enter: com.crypto.exchange.web.controller.WalletController.getWalletById() with argument(s) = [com.crypto.exchange.web.security.UserPrincipal@614775b1, 1]
2026-09-16 16:14:35.935 [http-nio-8080-exec-8] INFO  c.c.e.core.aspect.LoggingAspect - Enter: com.crypto.exchange.core.service.implementation.WalletServiceImpl.getWalletById() with argument(s) = [1, 1]
2026-09-16 16:14:35.944 [http-nio-8080-exec-8] INFO  c.c.e.core.aspect.LoggingAspect - Exit: com.crypto.exchange.core.service.implementation.WalletServiceImpl.getWalletById() executed in 8 ms with result = WalletResponseDto[id=1, address=0x41722b9bb3eb456ea150a0f9433870a4, name=wallet1, isDefault=false, balances=[WalletBalanceResponseDto[id=5, symbol=XRP, cryptoName=XRP, amount=0E-8, currentPriceUsd=1.2800, totalValueUsd=0E-12], WalletBalanceResponseDto[id=2, symbol=BTC, cryptoName=Bitcoin, amount=10.00000000, currentPriceUsd=75831.8100, totalValueUsd=758318.100000000000], WalletBalanceResponseDto[id=1, symbol=ADA, cryptoName=Cardano, amount=0E-8, currentPriceUsd=0.1927, totalValueUsd=0E-12], WalletBalanceResponseDto[id=4, symbol=USDT, cryptoName=Tether, amount=0E-8, currentPriceUsd=0.9992, totalValueUsd=0E-12], WalletBalanceResponseDto[id=7, symbol=BNB, cryptoName=Binance Coin, amount=0E-8, currentPriceUsd=711.9500, totalValueUsd=0E-12], WalletBalanceResponseDto[id=6, symbol=SOL, cryptoName=Solana, amount=0E-8, currentPriceUsd=97.1600, totalValueUsd=0E-12], WalletBalanceResponseDto[id=8, symbol=DOGE, cryptoName=Dogecoin, amount=0E-8, currentPriceUsd=0.0790, totalValueUsd=0E-12], WalletBalanceResponseDto[id=3, symbol=ETH, cryptoName=Ethereum, amount=0E-8, currentPriceUsd=2400.5300, totalValueUsd=0E-12]]]
2026-09-16 16:14:35.944 [http-nio-8080-exec-8] INFO  c.c.e.core.aspect.LoggingAspect - Exit: com.crypto.exchange.web.controller.WalletController.getWalletById() executed in 9 ms with result = <200 OK OK,WalletResponseDto[id=1, address=0x41722b9bb3eb456ea150a0f9433870a4, name=wallet1, isDefault=false, balances=[WalletBalanceResponseDto[id=5, symbol=XRP, cryptoName=XRP, amount=0E-8, currentPriceUsd=1.2800, totalValueUsd=0E-12], WalletBalanceResponseDto[id=2, symbol=BTC, cryptoName=Bitcoin, amount=10.00000000, currentPriceUsd=75831.8100, totalValueUsd=758318.100000000000], WalletBalanceResponseDto[id=1, symbol=ADA, cryptoName=Cardano, amount=0E-8, currentPriceUsd=0.1927, totalValueUsd=0E-12], WalletBalanceResponseDto[id=4, symbol=USDT, cryptoName=Tether, amount=0E-8, currentPriceUsd=0.9992, totalValueUsd=0E-12], WalletBalanceResponseDto[id=7, symbol=BNB, cryptoName=Binance Coin, amount=0E-8, currentPriceUsd=711.9500, totalValueUsd=0E-12], WalletBalanceResponseDto[id=6, symbol=SOL, cryptoName=Solana, amount=0E-8, currentPriceUsd=97.1600, totalValueUsd=0E-12], WalletBalanceResponseDto[id=8, symbol=DOGE, cryptoName=Dogecoin, amount=0E-8, currentPriceUsd=0.0790, totalValueUsd=0E-12], WalletBalanceResponseDto[id=3, symbol=ETH, cryptoName=Ethereum, amount=0E-8, currentPriceUsd=2400.5300, totalValueUsd=0E-12]]],[]>
2026-09-16 16:15:24.904 [http-nio-8080-exec-9] INFO  c.c.e.core.aspect.LoggingAspect - Enter: com.crypto.exchange.web.controller.WalletController.getMyWallets() with argument(s) = [com.crypto.exchange.web.security.UserPrincipal@26770f05]
2026-09-16 16:15:24.906 [http-nio-8080-exec-9] INFO  c.c.e.core.aspect.LoggingAspect - Enter: com.crypto.exchange.core.service.implementation.WalletServiceImpl.getUserWallets() with argument(s) = [1]
2026-09-16 16:15:24.913 [http-nio-8080-exec-9] INFO  c.c.e.core.aspect.LoggingAspect - Exit: com.crypto.exchange.core.service.implementation.WalletServiceImpl.getUserWallets() executed in 7 ms with result = [WalletResponseDto[id=2, address=0xe15299f163154c50ae7fe8b8c480b3f5, name=wallet2, isDefault=true, balances=[WalletBalanceResponseDto[id=10, symbol=SOL, cryptoName=Solana, amount=0E-8, currentPriceUsd=97.1600, totalValueUsd=0E-12], WalletBalanceResponseDto[id=9, symbol=XRP, cryptoName=XRP, amount=0E-8, currentPriceUsd=1.2800, totalValueUsd=0E-12], WalletBalanceResponseDto[id=14, symbol=USDT, cryptoName=Tether, amount=0E-8, currentPriceUsd=0.9992, totalValueUsd=0E-12], WalletBalanceResponseDto[id=15, symbol=ETH, cryptoName=Ethereum, amount=0E-8, currentPriceUsd=2400.5300, totalValueUsd=0E-12], WalletBalanceResponseDto[id=12, symbol=ADA, cryptoName=Cardano, amount=0E-8, currentPriceUsd=0.1927, totalValueUsd=0E-12], WalletBalanceResponseDto[id=16, symbol=DOGE, cryptoName=Dogecoin, amount=0E-8, currentPriceUsd=0.0790, totalValueUsd=0E-12], WalletBalanceResponseDto[id=11, symbol=BTC, cryptoName=Bitcoin, amount=0E-8, currentPriceUsd=75831.8100, totalValueUsd=0E-12], WalletBalanceResponseDto[id=13, symbol=BNB, cryptoName=Binance Coin, amount=0E-8, currentPriceUsd=711.9500, totalValueUsd=0E-12]]], WalletResponseDto[id=1, address=0x41722b9bb3eb456ea150a0f9433870a4, name=wallet1, isDefault=false, balances=[WalletBalanceResponseDto[id=8, symbol=DOGE, cryptoName=Dogecoin, amount=0E-8, currentPriceUsd=0.0790, totalValueUsd=0E-12], WalletBalanceResponseDto[id=7, symbol=BNB, cryptoName=Binance Coin, amount=0E-8, currentPriceUsd=711.9500, totalValueUsd=0E-12], WalletBalanceResponseDto[id=1, symbol=ADA, cryptoName=Cardano, amount=0E-8, currentPriceUsd=0.1927, totalValueUsd=0E-12], WalletBalanceResponseDto[id=2, symbol=BTC, cryptoName=Bitcoin, amount=10.00000000, currentPriceUsd=75831.8100, totalValueUsd=758318.100000000000], WalletBalanceResponseDto[id=3, symbol=ETH, cryptoName=Ethereum, amount=0E-8, currentPriceUsd=2400.5300, totalValueUsd=0E-12], WalletBalanceResponseDto[id=4, symbol=USDT, cryptoName=Tether, amount=0E-8, currentPriceUsd=0.9992, totalValueUsd=0E-12], WalletBalanceResponseDto[id=6, symbol=SOL, cryptoName=Solana, amount=0E-8, currentPriceUsd=97.1600, totalValueUsd=0E-12], WalletBalanceResponseDto[id=5, symbol=XRP, cryptoName=XRP, amount=0E-8, currentPriceUsd=1.2800, totalValueUsd=0E-12]]]]
2026-09-16 16:15:24.913 [http-nio-8080-exec-9] INFO  c.c.e.core.aspect.LoggingAspect - Exit: com.crypto.exchange.web.controller.WalletController.getMyWallets() executed in 9 ms with result = <200 OK OK,[WalletResponseDto[id=2, address=0xe15299f163154c50ae7fe8b8c480b3f5, name=wallet2, isDefault=true, balances=[WalletBalanceResponseDto[id=10, symbol=SOL, cryptoName=Solana, amount=0E-8, currentPriceUsd=97.1600, totalValueUsd=0E-12], WalletBalanceResponseDto[id=9, symbol=XRP, cryptoName=XRP, amount=0E-8, currentPriceUsd=1.2800, totalValueUsd=0E-12], WalletBalanceResponseDto[id=14, symbol=USDT, cryptoName=Tether, amount=0E-8, currentPriceUsd=0.9992, totalValueUsd=0E-12], WalletBalanceResponseDto[id=15, symbol=ETH, cryptoName=Ethereum, amount=0E-8, currentPriceUsd=2400.5300, totalValueUsd=0E-12], WalletBalanceResponseDto[id=12, symbol=ADA, cryptoName=Cardano, amount=0E-8, currentPriceUsd=0.1927, totalValueUsd=0E-12], WalletBalanceResponseDto[id=16, symbol=DOGE, cryptoName=Dogecoin, amount=0E-8, currentPriceUsd=0.0790, totalValueUsd=0E-12], WalletBalanceResponseDto[id=11, symbol=BTC, cryptoName=Bitcoin, amount=0E-8, currentPriceUsd=75831.8100, totalValueUsd=0E-12], WalletBalanceResponseDto[id=13, symbol=BNB, cryptoName=Binance Coin, amount=0E-8, currentPriceUsd=711.9500, totalValueUsd=0E-12]]], WalletResponseDto[id=1, address=0x41722b9bb3eb456ea150a0f9433870a4, name=wallet1, isDefault=false, balances=[WalletBalanceResponseDto[id=8, symbol=DOGE, cryptoName=Dogecoin, amount=0E-8, currentPriceUsd=0.0790, totalValueUsd=0E-12], WalletBalanceResponseDto[id=7, symbol=BNB, cryptoName=Binance Coin, amount=0E-8, currentPriceUsd=711.9500, totalValueUsd=0E-12], WalletBalanceResponseDto[id=1, symbol=ADA, cryptoName=Cardano, amount=0E-8, currentPriceUsd=0.1927, totalValueUsd=0E-12], WalletBalanceResponseDto[id=2, symbol=BTC, cryptoName=Bitcoin, amount=10.00000000, currentPriceUsd=75831.8100, totalValueUsd=758318.100000000000], WalletBalanceResponseDto[id=3, symbol=ETH, cryptoName=Ethereum, amount=0E-8, currentPriceUsd=2400.5300, totalValueUsd=0E-12], WalletBalanceResponseDto[id=4, symbol=USDT, cryptoName=Tether, amount=0E-8, currentPriceUsd=0.9992, totalValueUsd=0E-12], WalletBalanceResponseDto[id=6, symbol=SOL, cryptoName=Solana, amount=0E-8, currentPriceUsd=97.1600, totalValueUsd=0E-12], WalletBalanceResponseDto[id=5, symbol=XRP, cryptoName=XRP, amount=0E-8, currentPriceUsd=1.2800, totalValueUsd=0E-12]]]],[]>
2026-09-16 16:15:46.451 [scheduling-1] INFO  c.c.e.core.aspect.LoggingAspect - Enter: com.crypto.exchange.core.service.CryptoInitializerService.scheduledPriceUpdate() with argument(s) = []
2026-09-16 16:15:46.451 [scheduling-1] INFO  c.c.e.c.s.CryptoInitializerService - Starting crypto price synchronization...
2026-09-16 16:15:49.810 [scheduling-1] INFO  c.c.e.c.s.CryptoInitializerService - Success! Updated and mapped 8 cryptocurrencies with CoinLore IDs
2026-09-16 16:15:49.810 [scheduling-1] INFO  c.c.e.core.aspect.LoggingAspect - Exit: com.crypto.exchange.core.service.CryptoInitializerService.scheduledPriceUpdate() executed in 3359 ms with result = null
2026-09-16 16:15:53.371 [http-nio-8080-exec-10] INFO  c.c.e.core.aspect.LoggingAspect - Enter: com.crypto.exchange.web.controller.WalletController.transfer() with argument(s) = [com.crypto.exchange.web.security.UserPrincipal@21e8c2cd, 1, TransferRequestDto[cryptoId=2, recipientAddress=0xe15299f163154c50ae7fe8b8c480b3f5, amount=5]]
2026-09-16 16:15:53.371 [http-nio-8080-exec-10] INFO  c.c.e.core.aspect.LoggingAspect - Enter: com.crypto.exchange.core.service.implementation.WalletServiceImpl.transfer() with argument(s) = [1, 1, TransferRequestDto[cryptoId=2, recipientAddress=0xe15299f163154c50ae7fe8b8c480b3f5, amount=5]]
2026-09-16 16:15:53.382 [http-nio-8080-exec-10] INFO  c.c.e.core.aspect.LoggingAspect - Exit: com.crypto.exchange.core.service.implementation.WalletServiceImpl.transfer() executed in 11 ms with result = TransferResponseDto[senderAddress=0x41722b9bb3eb456ea150a0f9433870a4, recipientAddress=0xe15299f163154c50ae7fe8b8c480b3f5, cryptoSymbol=BTC, amount=5, timestamp=2026-09-16T16:15:53.382464100, status=SUCCESS]
2026-09-16 16:15:53.382 [http-nio-8080-exec-10] INFO  c.c.e.core.aspect.LoggingAspect - Exit: com.crypto.exchange.web.controller.WalletController.transfer() executed in 11 ms with result = <200 OK OK,TransferResponseDto[senderAddress=0x41722b9bb3eb456ea150a0f9433870a4, recipientAddress=0xe15299f163154c50ae7fe8b8c480b3f5, cryptoSymbol=BTC, amount=5, timestamp=2026-09-16T16:15:53.382464100, status=SUCCESS],[]>
2026-09-16 16:17:08.394 [SpringApplicationShutdownHook] INFO  o.s.o.j.LocalContainerEntityManagerFactoryBean - Closing JPA EntityManagerFactory for persistence unit 'default'
2026-09-16 16:17:08.398 [SpringApplicationShutdownHook] INFO  com.zaxxer.hikari.HikariDataSource - HikariPool-1 - Shutdown initiated...
2026-09-16 16:17:08.401 [SpringApplicationShutdownHook] INFO  com.zaxxer.hikari.HikariDataSource - HikariPool-1 - Shutdown completed.
2026-09-16 16:18:39.292 [background-preinit] INFO  o.h.validator.internal.util.Version - HV000001: Hibernate Validator 8.0.1.Final
2026-09-16 16:18:39.336 [restartedMain] INFO  c.c.exchange.ExchangeApplication - Starting ExchangeApplication using Java 23.0.2 with PID 21556 (E:\bsuirapp\exchange\target\classes started by AxlLN in E:\bsuirapp\exchange)
2026-09-16 16:18:39.337 [restartedMain] DEBUG c.c.exchange.ExchangeApplication - Running with Spring Boot v3.2.5, Spring v6.1.6
2026-09-16 16:18:39.339 [restartedMain] INFO  c.c.exchange.ExchangeApplication - No active profile set, falling back to 1 default profile: "default"
2026-09-16 16:18:39.418 [restartedMain] INFO  o.s.b.d.e.DevToolsPropertyDefaultsPostProcessor - Devtools property defaults active! Set 'spring.devtools.add-properties' to 'false' to disable
2026-09-16 16:18:39.418 [restartedMain] INFO  o.s.b.d.e.DevToolsPropertyDefaultsPostProcessor - For additional web related logging consider setting the 'logging.level.web' property to 'DEBUG'
2026-09-16 16:18:40.324 [restartedMain] INFO  o.s.d.r.c.RepositoryConfigurationDelegate - Bootstrapping Spring Data JPA repositories in DEFAULT mode.
2026-09-16 16:18:40.394 [restartedMain] INFO  o.s.d.r.c.RepositoryConfigurationDelegate - Finished Spring Data repository scanning in 63 ms. Found 6 JPA repository interfaces.
2026-09-16 16:18:40.711 [restartedMain] WARN  o.s.c.s.PostProcessorRegistrationDelegate$BeanPostProcessorChecker - Bean 'org.springframework.ws.config.annotation.DelegatingWsConfiguration' of type [org.springframework.ws.config.annotation.DelegatingWsConfiguration$$SpringCGLIB$$0] is not eligible for getting processed by all BeanPostProcessors (for example: not eligible for auto-proxying). The currently created BeanPostProcessor [annotationActionEndpointMapping] is declared through a non-static factory method on that class; consider declaring it as static instead.
2026-09-16 16:18:40.744 [restartedMain] INFO  o.s.w.s.a.s.AnnotationActionEndpointMapping - Supporting [WS-Addressing August 2004, WS-Addressing 1.0]
2026-09-16 16:18:41.246 [restartedMain] INFO  o.s.b.w.e.tomcat.TomcatWebServer - Tomcat initialized with port 8080 (http)
2026-09-16 16:18:41.262 [restartedMain] INFO  o.a.coyote.http11.Http11NioProtocol - Initializing ProtocolHandler ["http-nio-8080"]
2026-09-16 16:18:41.262 [restartedMain] INFO  o.a.catalina.core.StandardService - Starting service [Tomcat]
2026-09-16 16:18:41.262 [restartedMain] INFO  o.a.catalina.core.StandardEngine - Starting Servlet engine: [Apache Tomcat/10.1.20]
2026-09-16 16:18:41.305 [restartedMain] INFO  o.a.c.c.C.[Tomcat].[localhost].[/] - Initializing Spring embedded WebApplicationContext
2026-09-16 16:18:41.305 [restartedMain] INFO  o.s.b.w.s.c.ServletWebServerApplicationContext - Root WebApplicationContext: initialization completed in 1887 ms
2026-09-16 16:18:41.372 [restartedMain] DEBUG c.c.e.w.s.JwtAuthenticationFilter - Filter 'jwtAuthenticationFilter' configured for use
2026-09-16 16:18:41.529 [restartedMain] INFO  o.h.jpa.internal.util.LogHelper - HHH000204: Processing PersistenceUnitInfo [name: default]
2026-09-16 16:18:41.575 [restartedMain] INFO  org.hibernate.Version - HHH000412: Hibernate ORM core version 6.4.4.Final
2026-09-16 16:18:41.608 [restartedMain] INFO  o.h.c.i.RegionFactoryInitiator - HHH000026: Second-level cache disabled
2026-09-16 16:18:41.818 [restartedMain] INFO  o.s.o.j.p.SpringPersistenceUnitInfo - No LoadTimeWeaver setup: ignoring JPA class transformer
2026-09-16 16:18:41.854 [restartedMain] INFO  com.zaxxer.hikari.HikariDataSource - HikariPool-1 - Starting...
2026-09-16 16:18:42.003 [restartedMain] INFO  com.zaxxer.hikari.pool.HikariPool - HikariPool-1 - Added connection org.postgresql.jdbc.PgConnection@47ec1c6b
2026-09-16 16:18:42.003 [restartedMain] INFO  com.zaxxer.hikari.HikariDataSource - HikariPool-1 - Start completed.
2026-09-16 16:18:42.875 [restartedMain] INFO  o.h.e.t.j.p.i.JtaPlatformInitiator - HHH000489: No JTA platform available (set 'hibernate.transaction.jta.platform' to enable JTA platform integration)
2026-09-16 16:18:42.983 [restartedMain] INFO  o.s.o.j.LocalContainerEntityManagerFactoryBean - Initialized JPA EntityManagerFactory for persistence unit 'default'
2026-09-16 16:18:43.292 [restartedMain] INFO  o.s.d.j.r.query.QueryEnhancerFactory - Hibernate is in classpath; If applicable, HQL parser will be used.
2026-09-16 16:18:44.047 [restartedMain] WARN  o.s.b.a.o.j.JpaBaseConfiguration$JpaWebConfiguration - spring.jpa.open-in-view is enabled by default. Therefore, database queries may be performed during view rendering. Explicitly configure spring.jpa.open-in-view to disable this warning
2026-09-16 16:18:44.325 [restartedMain] INFO  o.s.s.web.DefaultSecurityFilterChain - Will secure any request with [org.springframework.security.web.session.DisableEncodeUrlFilter@33a2eab1, org.springframework.security.web.context.request.async.WebAsyncManagerIntegrationFilter@25a7b972, org.springframework.security.web.context.SecurityContextHolderFilter@1f34504d, org.springframework.security.web.header.HeaderWriterFilter@1b2435ff, org.springframework.web.filter.CorsFilter@6108c6db, org.springframework.security.web.authentication.logout.LogoutFilter@46b256cb, com.crypto.exchange.web.security.JwtAuthenticationFilter@7600d7f, org.springframework.security.web.savedrequest.RequestCacheAwareFilter@452f0e0, org.springframework.security.web.servletapi.SecurityContextHolderAwareRequestFilter@59210d6c, org.springframework.security.web.authentication.AnonymousAuthenticationFilter@e58369a, org.springframework.security.web.session.SessionManagementFilter@59a5f6cd, org.springframework.security.web.access.ExceptionTranslationFilter@6330c364, org.springframework.security.web.access.intercept.AuthorizationFilter@1060de61]
2026-09-16 16:18:44.725 [restartedMain] INFO  o.s.b.d.a.OptionalLiveReloadServer - LiveReload server is running on port 35729
2026-09-16 16:18:44.739 [restartedMain] INFO  o.a.coyote.http11.Http11NioProtocol - Starting ProtocolHandler ["http-nio-8080"]
2026-09-16 16:18:44.756 [restartedMain] INFO  o.s.b.w.e.tomcat.TomcatWebServer - Tomcat started on port 8080 (http) with context path ''
2026-09-16 16:18:44.763 [restartedMain] INFO  c.c.exchange.ExchangeApplication - Started ExchangeApplication in 5.978 seconds (process running for 6.47)
2026-09-16 16:18:44.778 [scheduling-1] INFO  c.c.e.core.aspect.LoggingAspect - Enter: com.crypto.exchange.core.service.CryptoInitializerService.scheduledPriceUpdate() with argument(s) = []
2026-09-16 16:18:44.778 [scheduling-1] INFO  c.c.e.c.s.CryptoInitializerService - Starting crypto price synchronization...
2026-09-16 16:18:54.963 [scheduling-1] INFO  c.c.e.c.s.CryptoInitializerService - Success! Updated and mapped 8 cryptocurrencies with CoinLore IDs
2026-09-16 16:18:54.963 [scheduling-1] INFO  c.c.e.core.aspect.LoggingAspect - Exit: com.crypto.exchange.core.service.CryptoInitializerService.scheduledPriceUpdate() executed in 10185 ms with result = null
2026-09-16 16:18:59.269 [http-nio-8080-exec-1] INFO  o.a.c.c.C.[Tomcat].[localhost].[/] - Initializing Spring DispatcherServlet 'dispatcherServlet'
2026-09-16 16:18:59.270 [http-nio-8080-exec-1] INFO  o.s.web.servlet.DispatcherServlet - Initializing Servlet 'dispatcherServlet'
2026-09-16 16:18:59.271 [http-nio-8080-exec-1] INFO  o.s.web.servlet.DispatcherServlet - Completed initialization in 1 ms
2026-09-16 16:19:00.029 [http-nio-8080-exec-8] INFO  o.s.api.AbstractOpenApiResource - Init duration for springdoc-openapi is: 497 ms
2026-09-16 16:19:28.679 [http-nio-8080-exec-9] INFO  c.c.e.core.aspect.LoggingAspect - Enter: com.crypto.exchange.web.controller.AuthController.register() with argument(s) = [RegisterRequest[username=string, email=string@string.com, password=string]]
2026-09-16 16:19:28.679 [http-nio-8080-exec-9] INFO  c.c.e.core.aspect.LoggingAspect - Enter: com.crypto.exchange.core.service.AuthService.register() with argument(s) = [RegisterRequest[username=string, email=string@string.com, password=string]]
2026-09-16 16:19:28.845 [http-nio-8080-exec-9] INFO  c.c.e.core.aspect.LoggingAspect - Exit: com.crypto.exchange.core.service.AuthService.register() executed in 166 ms with result = AuthResponseDto[token=eyJhbGciOiJIUzUxMiJ9.eyJzdWIiOiJzdHJpbmciLCJpZCI6NCwicm9sZSI6IlJPTEVfVVNFUiIsImlhdCI6MTc4OTU2NDc2OCwiZXhwIjoxNzg5NjUxMTY4fQ.PezFmd0K24AeYCy3g3PBuVac8dUsxXp-3KXkgWvKxA5Rl9yjmygBVEkDA-YbH3dCzEFExzeABBcMJhnzEPkcbg, tokenType=Bearer, user=UserResponseDto[id=4, username=string, email=string@string.com, role=ROLE_USER, createdAt=2026-09-16T16:19:28.794772900+03:00]]
2026-09-16 16:19:28.862 [http-nio-8080-exec-9] INFO  c.c.e.core.aspect.LoggingAspect - Exit: com.crypto.exchange.web.controller.AuthController.register() executed in 183 ms with result = <201 CREATED Created,AuthResponseDto[token=eyJhbGciOiJIUzUxMiJ9.eyJzdWIiOiJzdHJpbmciLCJpZCI6NCwicm9sZSI6IlJPTEVfVVNFUiIsImlhdCI6MTc4OTU2NDc2OCwiZXhwIjoxNzg5NjUxMTY4fQ.PezFmd0K24AeYCy3g3PBuVac8dUsxXp-3KXkgWvKxA5Rl9yjmygBVEkDA-YbH3dCzEFExzeABBcMJhnzEPkcbg, tokenType=Bearer, user=UserResponseDto[id=4, username=string, email=string@string.com, role=ROLE_USER, createdAt=2026-09-16T16:19:28.794772900+03:00]],[]>
2026-09-16 16:19:55.238 [http-nio-8080-exec-10] INFO  c.c.e.core.aspect.LoggingAspect - Enter: com.crypto.exchange.web.controller.WalletController.getMyWallets() with argument(s) = [com.crypto.exchange.web.security.UserPrincipal@5c5ffe60]
2026-09-16 16:19:55.238 [http-nio-8080-exec-10] INFO  c.c.e.core.aspect.LoggingAspect - Enter: com.crypto.exchange.core.service.implementation.WalletServiceImpl.getUserWallets() with argument(s) = [4]
2026-09-16 16:19:55.244 [http-nio-8080-exec-10] INFO  c.c.e.core.aspect.LoggingAspect - Exit: com.crypto.exchange.core.service.implementation.WalletServiceImpl.getUserWallets() executed in 6 ms with result = []
2026-09-16 16:19:55.244 [http-nio-8080-exec-10] INFO  c.c.e.core.aspect.LoggingAspect - Exit: com.crypto.exchange.web.controller.WalletController.getMyWallets() executed in 6 ms with result = <200 OK OK,[],[]>
2026-09-16 16:20:04.045 [http-nio-8080-exec-4] INFO  c.c.e.core.aspect.LoggingAspect - Enter: com.crypto.exchange.web.controller.WalletController.getWalletById() with argument(s) = [com.crypto.exchange.web.security.UserPrincipal@31312754, 1]
2026-09-16 16:20:04.047 [http-nio-8080-exec-4] INFO  c.c.e.core.aspect.LoggingAspect - Enter: com.crypto.exchange.core.service.implementation.WalletServiceImpl.getWalletById() with argument(s) = [4, 1]
2026-09-16 16:20:04.049 [http-nio-8080-exec-4] ERROR c.c.e.core.aspect.LoggingAspect - Exception in com.crypto.exchange.core.service.implementation.WalletServiceImpl.getWalletById() with cause = 'NULL' and exception = 'Wallet not found with id: 1'
2026-09-16 16:20:04.060 [http-nio-8080-exec-4] ERROR c.c.e.core.aspect.LoggingAspect - Exception in com.crypto.exchange.web.controller.WalletController.getWalletById() with cause = 'NULL' and exception = 'Wallet not found with id: 1'
2026-09-16 16:20:04.061 [http-nio-8080-exec-4] WARN  c.c.e.c.e.GlobalExceptionHandler - Resource not found: Wallet not found with id: 1
2026-09-16 16:20:04.065 [http-nio-8080-exec-4] WARN  o.s.w.s.m.m.a.ExceptionHandlerExceptionResolver - Resolved [com.crypto.exchange.core.exception.ResourceNotFoundException: Wallet not found with id: 1]
2026-09-16 16:20:21.717 [http-nio-8080-exec-6] INFO  c.c.e.core.aspect.LoggingAspect - Enter: com.crypto.exchange.web.controller.WalletController.createWallet() with argument(s) = [com.crypto.exchange.web.security.UserPrincipal@37337117, CreateWalletRequestDto[name=wallet1, isDefault=true]]
2026-09-16 16:20:21.718 [http-nio-8080-exec-6] INFO  c.c.e.core.aspect.LoggingAspect - Enter: com.crypto.exchange.core.service.implementation.WalletServiceImpl.createWallet() with argument(s) = [4, CreateWalletRequestDto[name=wallet1, isDefault=true]]
2026-09-16 16:20:21.755 [http-nio-8080-exec-6] INFO  c.c.e.core.aspect.LoggingAspect - Exit: com.crypto.exchange.core.service.implementation.WalletServiceImpl.createWallet() executed in 37 ms with result = WalletResponseDto[id=3, address=0x70a323e7c1f545f79381fb2d73badc99, name=wallet1, isDefault=true, balances=[WalletBalanceResponseDto[id=19, symbol=XRP, cryptoName=XRP, amount=0, currentPriceUsd=1.2800, totalValueUsd=0.0000], WalletBalanceResponseDto[id=24, symbol=BNB, cryptoName=Binance Coin, amount=0, currentPriceUsd=711.3000, totalValueUsd=0.0000], WalletBalanceResponseDto[id=21, symbol=ETH, cryptoName=Ethereum, amount=0, currentPriceUsd=2398.8100, totalValueUsd=0.0000], WalletBalanceResponseDto[id=17, symbol=ADA, cryptoName=Cardano, amount=0, currentPriceUsd=0.1919, totalValueUsd=0.0000], WalletBalanceResponseDto[id=23, symbol=USDT, cryptoName=Tether, amount=0, currentPriceUsd=0.9994, totalValueUsd=0.0000], WalletBalanceResponseDto[id=20, symbol=DOGE, cryptoName=Dogecoin, amount=0, currentPriceUsd=0.0791, totalValueUsd=0.0000], WalletBalanceResponseDto[id=18, symbol=SOL, cryptoName=Solana, amount=0, currentPriceUsd=97.0900, totalValueUsd=0.0000], WalletBalanceResponseDto[id=22, symbol=BTC, cryptoName=Bitcoin, amount=0, currentPriceUsd=75718.3600, totalValueUsd=0.0000]]]
2026-09-16 16:20:21.762 [http-nio-8080-exec-6] INFO  c.c.e.core.aspect.LoggingAspect - Exit: com.crypto.exchange.web.controller.WalletController.createWallet() executed in 45 ms with result = <201 CREATED Created,WalletResponseDto[id=3, address=0x70a323e7c1f545f79381fb2d73badc99, name=wallet1, isDefault=true, balances=[WalletBalanceResponseDto[id=19, symbol=XRP, cryptoName=XRP, amount=0, currentPriceUsd=1.2800, totalValueUsd=0.0000], WalletBalanceResponseDto[id=24, symbol=BNB, cryptoName=Binance Coin, amount=0, currentPriceUsd=711.3000, totalValueUsd=0.0000], WalletBalanceResponseDto[id=21, symbol=ETH, cryptoName=Ethereum, amount=0, currentPriceUsd=2398.8100, totalValueUsd=0.0000], WalletBalanceResponseDto[id=17, symbol=ADA, cryptoName=Cardano, amount=0, currentPriceUsd=0.1919, totalValueUsd=0.0000], WalletBalanceResponseDto[id=23, symbol=USDT, cryptoName=Tether, amount=0, currentPriceUsd=0.9994, totalValueUsd=0.0000], WalletBalanceResponseDto[id=20, symbol=DOGE, cryptoName=Dogecoin, amount=0, currentPriceUsd=0.0791, totalValueUsd=0.0000], WalletBalanceResponseDto[id=18, symbol=SOL, cryptoName=Solana, amount=0, currentPriceUsd=97.0900, totalValueUsd=0.0000], WalletBalanceResponseDto[id=22, symbol=BTC, cryptoName=Bitcoin, amount=0, currentPriceUsd=75718.3600, totalValueUsd=0.0000]]],[]>
2026-09-16 16:20:23.635 [http-nio-8080-exec-7] INFO  c.c.e.core.aspect.LoggingAspect - Enter: com.crypto.exchange.web.controller.WalletController.createWallet() with argument(s) = [com.crypto.exchange.web.security.UserPrincipal@37a9c142, CreateWalletRequestDto[name=wallet1, isDefault=true]]
2026-09-16 16:20:23.636 [http-nio-8080-exec-7] INFO  c.c.e.core.aspect.LoggingAspect - Enter: com.crypto.exchange.core.service.implementation.WalletServiceImpl.createWallet() with argument(s) = [4, CreateWalletRequestDto[name=wallet1, isDefault=true]]
2026-09-16 16:20:23.664 [http-nio-8080-exec-7] INFO  c.c.e.core.aspect.LoggingAspect - Exit: com.crypto.exchange.core.service.implementation.WalletServiceImpl.createWallet() executed in 28 ms with result = WalletResponseDto[id=4, address=0x4c92f4c7f8c043728fc842136dbd7c67, name=wallet1, isDefault=true, balances=[WalletBalanceResponseDto[id=26, symbol=BTC, cryptoName=Bitcoin, amount=0, currentPriceUsd=75718.3600, totalValueUsd=0.0000], WalletBalanceResponseDto[id=31, symbol=SOL, cryptoName=Solana, amount=0, currentPriceUsd=97.0900, totalValueUsd=0.0000], WalletBalanceResponseDto[id=25, symbol=BNB, cryptoName=Binance Coin, amount=0, currentPriceUsd=711.3000, totalValueUsd=0.0000], WalletBalanceResponseDto[id=29, symbol=USDT, cryptoName=Tether, amount=0, currentPriceUsd=0.9994, totalValueUsd=0.0000], WalletBalanceResponseDto[id=30, symbol=ADA, cryptoName=Cardano, amount=0, currentPriceUsd=0.1919, totalValueUsd=0.0000], WalletBalanceResponseDto[id=32, symbol=DOGE, cryptoName=Dogecoin, amount=0, currentPriceUsd=0.0791, totalValueUsd=0.0000], WalletBalanceResponseDto[id=28, symbol=XRP, cryptoName=XRP, amount=0, currentPriceUsd=1.2800, totalValueUsd=0.0000], WalletBalanceResponseDto[id=27, symbol=ETH, cryptoName=Ethereum, amount=0, currentPriceUsd=2398.8100, totalValueUsd=0.0000]]]
2026-09-16 16:20:23.665 [http-nio-8080-exec-7] INFO  c.c.e.core.aspect.LoggingAspect - Exit: com.crypto.exchange.web.controller.WalletController.createWallet() executed in 30 ms with result = <201 CREATED Created,WalletResponseDto[id=4, address=0x4c92f4c7f8c043728fc842136dbd7c67, name=wallet1, isDefault=true, balances=[WalletBalanceResponseDto[id=26, symbol=BTC, cryptoName=Bitcoin, amount=0, currentPriceUsd=75718.3600, totalValueUsd=0.0000], WalletBalanceResponseDto[id=31, symbol=SOL, cryptoName=Solana, amount=0, currentPriceUsd=97.0900, totalValueUsd=0.0000], WalletBalanceResponseDto[id=25, symbol=BNB, cryptoName=Binance Coin, amount=0, currentPriceUsd=711.3000, totalValueUsd=0.0000], WalletBalanceResponseDto[id=29, symbol=USDT, cryptoName=Tether, amount=0, currentPriceUsd=0.9994, totalValueUsd=0.0000], WalletBalanceResponseDto[id=30, symbol=ADA, cryptoName=Cardano, amount=0, currentPriceUsd=0.1919, totalValueUsd=0.0000], WalletBalanceResponseDto[id=32, symbol=DOGE, cryptoName=Dogecoin, amount=0, currentPriceUsd=0.0791, totalValueUsd=0.0000], WalletBalanceResponseDto[id=28, symbol=XRP, cryptoName=XRP, amount=0, currentPriceUsd=1.2800, totalValueUsd=0.0000], WalletBalanceResponseDto[id=27, symbol=ETH, cryptoName=Ethereum, amount=0, currentPriceUsd=2398.8100, totalValueUsd=0.0000]]],[]>
2026-09-16 16:21:11.741 [http-nio-8080-exec-8] INFO  c.c.e.core.aspect.LoggingAspect - Enter: com.crypto.exchange.web.controller.WalletController.getMyWallets() with argument(s) = [com.crypto.exchange.web.security.UserPrincipal@6232d410]
2026-09-16 16:21:11.742 [http-nio-8080-exec-8] INFO  c.c.e.core.aspect.LoggingAspect - Enter: com.crypto.exchange.core.service.implementation.WalletServiceImpl.getUserWallets() with argument(s) = [4]
2026-09-16 16:21:11.773 [http-nio-8080-exec-8] INFO  c.c.e.core.aspect.LoggingAspect - Exit: com.crypto.exchange.core.service.implementation.WalletServiceImpl.getUserWallets() executed in 31 ms with result = [WalletResponseDto[id=4, address=0x4c92f4c7f8c043728fc842136dbd7c67, name=wallet1, isDefault=true, balances=[WalletBalanceResponseDto[id=29, symbol=USDT, cryptoName=Tether, amount=0E-8, currentPriceUsd=0.9994, totalValueUsd=0E-12], WalletBalanceResponseDto[id=32, symbol=DOGE, cryptoName=Dogecoin, amount=0E-8, currentPriceUsd=0.0791, totalValueUsd=0E-12], WalletBalanceResponseDto[id=31, symbol=SOL, cryptoName=Solana, amount=0E-8, currentPriceUsd=97.0900, totalValueUsd=0E-12], WalletBalanceResponseDto[id=25, symbol=BNB, cryptoName=Binance Coin, amount=0E-8, currentPriceUsd=711.3000, totalValueUsd=0E-12], WalletBalanceResponseDto[id=26, symbol=BTC, cryptoName=Bitcoin, amount=0E-8, currentPriceUsd=75718.3600, totalValueUsd=0E-12], WalletBalanceResponseDto[id=30, symbol=ADA, cryptoName=Cardano, amount=0E-8, currentPriceUsd=0.1919, totalValueUsd=0E-12], WalletBalanceResponseDto[id=27, symbol=ETH, cryptoName=Ethereum, amount=0E-8, currentPriceUsd=2398.8100, totalValueUsd=0E-12], WalletBalanceResponseDto[id=28, symbol=XRP, cryptoName=XRP, amount=0E-8, currentPriceUsd=1.2800, totalValueUsd=0E-12]]], WalletResponseDto[id=3, address=0x70a323e7c1f545f79381fb2d73badc99, name=wallet1, isDefault=false, balances=[WalletBalanceResponseDto[id=20, symbol=DOGE, cryptoName=Dogecoin, amount=0E-8, currentPriceUsd=0.0791, totalValueUsd=0E-12], WalletBalanceResponseDto[id=22, symbol=BTC, cryptoName=Bitcoin, amount=0E-8, currentPriceUsd=75718.3600, totalValueUsd=0E-12], WalletBalanceResponseDto[id=17, symbol=ADA, cryptoName=Cardano, amount=0E-8, currentPriceUsd=0.1919, totalValueUsd=0E-12], WalletBalanceResponseDto[id=18, symbol=SOL, cryptoName=Solana, amount=0E-8, currentPriceUsd=97.0900, totalValueUsd=0E-12], WalletBalanceResponseDto[id=23, symbol=USDT, cryptoName=Tether, amount=0E-8, currentPriceUsd=0.9994, totalValueUsd=0E-12], WalletBalanceResponseDto[id=24, symbol=BNB, cryptoName=Binance Coin, amount=0E-8, currentPriceUsd=711.3000, totalValueUsd=0E-12], WalletBalanceResponseDto[id=21, symbol=ETH, cryptoName=Ethereum, amount=0E-8, currentPriceUsd=2398.8100, totalValueUsd=0E-12], WalletBalanceResponseDto[id=19, symbol=XRP, cryptoName=XRP, amount=0E-8, currentPriceUsd=1.2800, totalValueUsd=0E-12]]]]
2026-09-16 16:21:11.773 [http-nio-8080-exec-8] INFO  c.c.e.core.aspect.LoggingAspect - Exit: com.crypto.exchange.web.controller.WalletController.getMyWallets() executed in 32 ms with result = <200 OK OK,[WalletResponseDto[id=4, address=0x4c92f4c7f8c043728fc842136dbd7c67, name=wallet1, isDefault=true, balances=[WalletBalanceResponseDto[id=29, symbol=USDT, cryptoName=Tether, amount=0E-8, currentPriceUsd=0.9994, totalValueUsd=0E-12], WalletBalanceResponseDto[id=32, symbol=DOGE, cryptoName=Dogecoin, amount=0E-8, currentPriceUsd=0.0791, totalValueUsd=0E-12], WalletBalanceResponseDto[id=31, symbol=SOL, cryptoName=Solana, amount=0E-8, currentPriceUsd=97.0900, totalValueUsd=0E-12], WalletBalanceResponseDto[id=25, symbol=BNB, cryptoName=Binance Coin, amount=0E-8, currentPriceUsd=711.3000, totalValueUsd=0E-12], WalletBalanceResponseDto[id=26, symbol=BTC, cryptoName=Bitcoin, amount=0E-8, currentPriceUsd=75718.3600, totalValueUsd=0E-12], WalletBalanceResponseDto[id=30, symbol=ADA, cryptoName=Cardano, amount=0E-8, currentPriceUsd=0.1919, totalValueUsd=0E-12], WalletBalanceResponseDto[id=27, symbol=ETH, cryptoName=Ethereum, amount=0E-8, currentPriceUsd=2398.8100, totalValueUsd=0E-12], WalletBalanceResponseDto[id=28, symbol=XRP, cryptoName=XRP, amount=0E-8, currentPriceUsd=1.2800, totalValueUsd=0E-12]]], WalletResponseDto[id=3, address=0x70a323e7c1f545f79381fb2d73badc99, name=wallet1, isDefault=false, balances=[WalletBalanceResponseDto[id=20, symbol=DOGE, cryptoName=Dogecoin, amount=0E-8, currentPriceUsd=0.0791, totalValueUsd=0E-12], WalletBalanceResponseDto[id=22, symbol=BTC, cryptoName=Bitcoin, amount=0E-8, currentPriceUsd=75718.3600, totalValueUsd=0E-12], WalletBalanceResponseDto[id=17, symbol=ADA, cryptoName=Cardano, amount=0E-8, currentPriceUsd=0.1919, totalValueUsd=0E-12], WalletBalanceResponseDto[id=18, symbol=SOL, cryptoName=Solana, amount=0E-8, currentPriceUsd=97.0900, totalValueUsd=0E-12], WalletBalanceResponseDto[id=23, symbol=USDT, cryptoName=Tether, amount=0E-8, currentPriceUsd=0.9994, totalValueUsd=0E-12], WalletBalanceResponseDto[id=24, symbol=BNB, cryptoName=Binance Coin, amount=0E-8, currentPriceUsd=711.3000, totalValueUsd=0E-12], WalletBalanceResponseDto[id=21, symbol=ETH, cryptoName=Ethereum, amount=0E-8, currentPriceUsd=2398.8100, totalValueUsd=0E-12], WalletBalanceResponseDto[id=19, symbol=XRP, cryptoName=XRP, amount=0E-8, currentPriceUsd=1.2800, totalValueUsd=0E-12]]]],[]>
2026-09-16 16:23:44.784 [scheduling-1] INFO  c.c.e.core.aspect.LoggingAspect - Enter: com.crypto.exchange.core.service.CryptoInitializerService.scheduledPriceUpdate() with argument(s) = []
2026-09-16 16:23:44.784 [scheduling-1] INFO  c.c.e.c.s.CryptoInitializerService - Starting crypto price synchronization...
2026-09-16 16:23:45.171 [scheduling-1] INFO  c.c.e.c.s.CryptoInitializerService - Success! Updated and mapped 8 cryptocurrencies with CoinLore IDs
2026-09-16 16:23:45.171 [scheduling-1] INFO  c.c.e.core.aspect.LoggingAspect - Exit: com.crypto.exchange.core.service.CryptoInitializerService.scheduledPriceUpdate() executed in 387 ms with result = null
2026-09-16 16:28:44.782 [scheduling-1] INFO  c.c.e.core.aspect.LoggingAspect - Enter: com.crypto.exchange.core.service.CryptoInitializerService.scheduledPriceUpdate() with argument(s) = []
2026-09-16 16:28:44.782 [scheduling-1] INFO  c.c.e.c.s.CryptoInitializerService - Starting crypto price synchronization...
2026-09-16 16:28:45.130 [scheduling-1] INFO  c.c.e.c.s.CryptoInitializerService - Success! Updated and mapped 8 cryptocurrencies with CoinLore IDs
2026-09-16 16:28:45.130 [scheduling-1] INFO  c.c.e.core.aspect.LoggingAspect - Exit: com.crypto.exchange.core.service.CryptoInitializerService.scheduledPriceUpdate() executed in 348 ms with result = null
2026-09-16 16:33:44.778 [scheduling-1] INFO  c.c.e.core.aspect.LoggingAspect - Enter: com.crypto.exchange.core.service.CryptoInitializerService.scheduledPriceUpdate() with argument(s) = []
2026-09-16 16:33:44.778 [scheduling-1] INFO  c.c.e.c.s.CryptoInitializerService - Starting crypto price synchronization...
2026-09-16 16:33:44.995 [scheduling-1] INFO  c.c.e.c.s.CryptoInitializerService - Success! Updated and mapped 8 cryptocurrencies with CoinLore IDs
2026-09-16 16:33:44.996 [scheduling-1] INFO  c.c.e.core.aspect.LoggingAspect - Exit: com.crypto.exchange.core.service.CryptoInitializerService.scheduledPriceUpdate() executed in 218 ms with result = null
2026-09-16 16:38:44.776 [scheduling-1] INFO  c.c.e.core.aspect.LoggingAspect - Enter: com.crypto.exchange.core.service.CryptoInitializerService.scheduledPriceUpdate() with argument(s) = []
2026-09-16 16:38:44.777 [scheduling-1] INFO  c.c.e.c.s.CryptoInitializerService - Starting crypto price synchronization...
2026-09-16 16:38:45.093 [scheduling-1] INFO  c.c.e.c.s.CryptoInitializerService - Success! Updated and mapped 8 cryptocurrencies with CoinLore IDs
2026-09-16 16:38:45.093 [scheduling-1] INFO  c.c.e.core.aspect.LoggingAspect - Exit: com.crypto.exchange.core.service.CryptoInitializerService.scheduledPriceUpdate() executed in 316 ms with result = null
2026-09-16 16:40:55.648 [http-nio-8080-exec-2] INFO  c.c.e.core.aspect.LoggingAspect - Enter: com.crypto.exchange.web.controller.CryptoCurrencyController.getPriceHistory() with argument(s) = [1, Page request [number: 0, size 20, sort: recordedAt: DESC]]
2026-09-16 16:40:55.648 [http-nio-8080-exec-2] INFO  c.c.e.core.aspect.LoggingAspect - Enter: com.crypto.exchange.core.service.CryptoPriceHistoryService.getPriceHistory() with argument(s) = [1, Page request [number: 0, size 20, sort: recordedAt: DESC]]
2026-09-16 16:40:55.648 [http-nio-8080-exec-2] DEBUG c.c.e.c.s.CryptoPriceHistoryService - Fetching price history for crypto ID: 1 with pageable: Page request [number: 0, size 20, sort: recordedAt: DESC]
2026-09-16 16:40:55.684 [http-nio-8080-exec-2] ERROR c.c.e.core.aspect.LoggingAspect - Exception in com.crypto.exchange.core.service.CryptoPriceHistoryService.getPriceHistory() with cause = 'NULL' and exception = 'Cryptocurrency not found with id: 1'
2026-09-16 16:40:55.684 [http-nio-8080-exec-2] ERROR c.c.e.core.aspect.LoggingAspect - Exception in com.crypto.exchange.web.controller.CryptoCurrencyController.getPriceHistory() with cause = 'NULL' and exception = 'Cryptocurrency not found with id: 1'
2026-09-16 16:40:55.684 [http-nio-8080-exec-2] WARN  c.c.e.c.e.GlobalExceptionHandler - Resource not found: Cryptocurrency not found with id: 1
2026-09-16 16:40:55.684 [http-nio-8080-exec-2] WARN  o.s.w.s.m.m.a.ExceptionHandlerExceptionResolver - Resolved [com.crypto.exchange.core.exception.ResourceNotFoundException: Cryptocurrency not found with id: 1]
2026-09-16 16:41:02.647 [http-nio-8080-exec-5] INFO  c.c.e.core.aspect.LoggingAspect - Enter: com.crypto.exchange.web.controller.CryptoCurrencyController.getPriceHistory() with argument(s) = [2, Page request [number: 0, size 20, sort: recordedAt: DESC]]
2026-09-16 16:41:02.647 [http-nio-8080-exec-5] INFO  c.c.e.core.aspect.LoggingAspect - Enter: com.crypto.exchange.core.service.CryptoPriceHistoryService.getPriceHistory() with argument(s) = [2, Page request [number: 0, size 20, sort: recordedAt: DESC]]
2026-09-16 16:41:02.647 [http-nio-8080-exec-5] DEBUG c.c.e.c.s.CryptoPriceHistoryService - Fetching price history for crypto ID: 2 with pageable: Page request [number: 0, size 20, sort: recordedAt: DESC]
2026-09-16 16:41:02.654 [http-nio-8080-exec-5] INFO  c.c.e.core.aspect.LoggingAspect - Exit: com.crypto.exchange.core.service.CryptoPriceHistoryService.getPriceHistory() executed in 7 ms with result = Page 1 of 10 containing com.crypto.exchange.web.dto.response.CryptoPriceHistoryDto instances
2026-09-16 16:41:02.654 [http-nio-8080-exec-5] INFO  c.c.e.core.aspect.LoggingAspect - Exit: com.crypto.exchange.web.controller.CryptoCurrencyController.getPriceHistory() executed in 7 ms with result = <200 OK OK,Page 1 of 10 containing com.crypto.exchange.web.dto.response.CryptoPriceHistoryDto instances,[]>
2026-09-16 16:43:44.771 [scheduling-1] INFO  c.c.e.core.aspect.LoggingAspect - Enter: com.crypto.exchange.core.service.CryptoInitializerService.scheduledPriceUpdate() with argument(s) = []
2026-09-16 16:43:44.771 [scheduling-1] INFO  c.c.e.c.s.CryptoInitializerService - Starting crypto price synchronization...
2026-09-16 16:43:47.970 [scheduling-1] INFO  c.c.e.c.s.CryptoInitializerService - Success! Updated and mapped 8 cryptocurrencies with CoinLore IDs
2026-09-16 16:43:47.970 [scheduling-1] INFO  c.c.e.core.aspect.LoggingAspect - Exit: com.crypto.exchange.core.service.CryptoInitializerService.scheduledPriceUpdate() executed in 3199 ms with result = null
2026-09-16 16:44:57.952 [http-nio-8080-exec-4] INFO  c.c.e.core.aspect.LoggingAspect - Enter: com.crypto.exchange.web.controller.UserController.getMyProfile() with argument(s) = [com.crypto.exchange.web.security.UserPrincipal@7388fb77]
2026-09-16 16:44:57.954 [http-nio-8080-exec-4] INFO  c.c.e.core.aspect.LoggingAspect - Enter: com.crypto.exchange.core.service.implementation.UserServiceImpl.getUserProfile() with argument(s) = [4]
2026-09-16 16:44:57.957 [http-nio-8080-exec-4] INFO  c.c.e.core.aspect.LoggingAspect - Exit: com.crypto.exchange.core.service.implementation.UserServiceImpl.getUserProfile() executed in 3 ms with result = UserResponseDto[id=4, username=string, email=string@string.com, role=ROLE_USER, createdAt=2026-09-16T13:19:28.794773Z]
2026-09-16 16:44:57.957 [http-nio-8080-exec-4] INFO  c.c.e.core.aspect.LoggingAspect - Exit: com.crypto.exchange.web.controller.UserController.getMyProfile() executed in 4 ms with result = <200 OK OK,UserResponseDto[id=4, username=string, email=string@string.com, role=ROLE_USER, createdAt=2026-09-16T13:19:28.794773Z],[]>
2026-09-16 16:45:14.253 [http-nio-8080-exec-6] INFO  c.c.e.core.aspect.LoggingAspect - Enter: com.crypto.exchange.web.controller.CryptoCurrencyController.getAllCryptos() with argument(s) = []
2026-09-16 16:45:14.260 [http-nio-8080-exec-6] INFO  c.c.e.core.aspect.LoggingAspect - Enter: com.crypto.exchange.core.service.CryptoService.getAllCryptocurrencies() with argument(s) = []
2026-09-16 16:45:14.265 [http-nio-8080-exec-6] INFO  c.c.e.core.aspect.LoggingAspect - Exit: com.crypto.exchange.core.service.CryptoService.getAllCryptocurrencies() executed in 5 ms with result = [CryptoCurrencyResponseDto[id=8, symbol=DOGE, name=Dogecoin, priceUsd=0.0792, updatedAt=2026-09-16T13:28:45.114716Z], CryptoCurrencyResponseDto[id=6, symbol=XRP, name=XRP, priceUsd=1.2800, updatedAt=2026-09-16T12:49:45.944902Z], CryptoCurrencyResponseDto[id=4, symbol=USDT, name=Tether, priceUsd=0.9993, updatedAt=2026-09-16T13:38:45.077378Z], CryptoCurrencyResponseDto[id=2, symbol=BTC, name=Bitcoin, priceUsd=75713.4500, updatedAt=2026-09-16T13:43:47.952699Z], CryptoCurrencyResponseDto[id=3, symbol=ETH, name=Ethereum, priceUsd=2398.7600, updatedAt=2026-09-16T13:43:47.952699Z], CryptoCurrencyResponseDto[id=5, symbol=BNB, name=Binance Coin, priceUsd=712.0900, updatedAt=2026-09-16T13:43:47.952699Z], CryptoCurrencyResponseDto[id=7, symbol=SOL, name=Solana, priceUsd=97.2200, updatedAt=2026-09-16T13:43:47.952699Z], CryptoCurrencyResponseDto[id=9, symbol=ADA, name=Cardano, priceUsd=0.1927, updatedAt=2026-09-16T13:43:47.952699Z]]
2026-09-16 16:45:14.265 [http-nio-8080-exec-6] INFO  c.c.e.core.aspect.LoggingAspect - Exit: com.crypto.exchange.web.controller.CryptoCurrencyController.getAllCryptos() executed in 12 ms with result = <200 OK OK,[CryptoCurrencyResponseDto[id=8, symbol=DOGE, name=Dogecoin, priceUsd=0.0792, updatedAt=2026-09-16T13:28:45.114716Z], CryptoCurrencyResponseDto[id=6, symbol=XRP, name=XRP, priceUsd=1.2800, updatedAt=2026-09-16T12:49:45.944902Z], CryptoCurrencyResponseDto[id=4, symbol=USDT, name=Tether, priceUsd=0.9993, updatedAt=2026-09-16T13:38:45.077378Z], CryptoCurrencyResponseDto[id=2, symbol=BTC, name=Bitcoin, priceUsd=75713.4500, updatedAt=2026-09-16T13:43:47.952699Z], CryptoCurrencyResponseDto[id=3, symbol=ETH, name=Ethereum, priceUsd=2398.7600, updatedAt=2026-09-16T13:43:47.952699Z], CryptoCurrencyResponseDto[id=5, symbol=BNB, name=Binance Coin, priceUsd=712.0900, updatedAt=2026-09-16T13:43:47.952699Z], CryptoCurrencyResponseDto[id=7, symbol=SOL, name=Solana, priceUsd=97.2200, updatedAt=2026-09-16T13:43:47.952699Z], CryptoCurrencyResponseDto[id=9, symbol=ADA, name=Cardano, priceUsd=0.1927, updatedAt=2026-09-16T13:43:47.952699Z]],[]>
2026-09-16 16:45:17.077 [http-nio-8080-exec-7] INFO  c.c.e.core.aspect.LoggingAspect - Enter: com.crypto.exchange.web.controller.CryptoCurrencyController.getAllCryptos() with argument(s) = []
2026-09-16 16:45:17.081 [http-nio-8080-exec-7] INFO  c.c.e.core.aspect.LoggingAspect - Exit: com.crypto.exchange.web.controller.CryptoCurrencyController.getAllCryptos() executed in 3 ms with result = <200 OK OK,[CryptoCurrencyResponseDto[id=8, symbol=DOGE, name=Dogecoin, priceUsd=0.0792, updatedAt=2026-09-16T13:28:45.114716Z], CryptoCurrencyResponseDto[id=6, symbol=XRP, name=XRP, priceUsd=1.2800, updatedAt=2026-09-16T12:49:45.944902Z], CryptoCurrencyResponseDto[id=4, symbol=USDT, name=Tether, priceUsd=0.9993, updatedAt=2026-09-16T13:38:45.077378Z], CryptoCurrencyResponseDto[id=2, symbol=BTC, name=Bitcoin, priceUsd=75713.4500, updatedAt=2026-09-16T13:43:47.952699Z], CryptoCurrencyResponseDto[id=3, symbol=ETH, name=Ethereum, priceUsd=2398.7600, updatedAt=2026-09-16T13:43:47.952699Z], CryptoCurrencyResponseDto[id=5, symbol=BNB, name=Binance Coin, priceUsd=712.0900, updatedAt=2026-09-16T13:43:47.952699Z], CryptoCurrencyResponseDto[id=7, symbol=SOL, name=Solana, priceUsd=97.2200, updatedAt=2026-09-16T13:43:47.952699Z], CryptoCurrencyResponseDto[id=9, symbol=ADA, name=Cardano, priceUsd=0.1927, updatedAt=2026-09-16T13:43:47.952699Z]],[]>
2026-09-16 16:45:52.516 [SpringApplicationShutdownHook] INFO  o.s.o.j.LocalContainerEntityManagerFactoryBean - Closing JPA EntityManagerFactory for persistence unit 'default'
2026-09-16 16:45:52.516 [SpringApplicationShutdownHook] INFO  com.zaxxer.hikari.HikariDataSource - HikariPool-1 - Shutdown initiated...
2026-09-16 16:45:52.525 [SpringApplicationShutdownHook] INFO  com.zaxxer.hikari.HikariDataSource - HikariPool-1 - Shutdown completed.
2026-09-16 21:58:38.449 [background-preinit] INFO  o.h.validator.internal.util.Version - HV000001: Hibernate Validator 8.0.1.Final
2026-09-16 21:58:38.502 [restartedMain] INFO  c.c.exchange.ExchangeApplication - Starting ExchangeApplication using Java 23.0.2 with PID 20232 (E:\bsuirapp\exchange\target\classes started by AxlLN in E:\bsuirapp\exchange)
2026-09-16 21:58:38.502 [restartedMain] DEBUG c.c.exchange.ExchangeApplication - Running with Spring Boot v3.2.5, Spring v6.1.6
2026-09-16 21:58:38.503 [restartedMain] INFO  c.c.exchange.ExchangeApplication - No active profile set, falling back to 1 default profile: "default"
2026-09-16 21:58:38.578 [restartedMain] INFO  o.s.b.d.e.DevToolsPropertyDefaultsPostProcessor - Devtools property defaults active! Set 'spring.devtools.add-properties' to 'false' to disable
2026-09-16 21:58:38.579 [restartedMain] INFO  o.s.b.d.e.DevToolsPropertyDefaultsPostProcessor - For additional web related logging consider setting the 'logging.level.web' property to 'DEBUG'
2026-09-16 21:58:39.704 [restartedMain] INFO  o.s.d.r.c.RepositoryConfigurationDelegate - Bootstrapping Spring Data JPA repositories in DEFAULT mode.
2026-09-16 21:58:39.775 [restartedMain] INFO  o.s.d.r.c.RepositoryConfigurationDelegate - Finished Spring Data repository scanning in 63 ms. Found 6 JPA repository interfaces.
2026-09-16 21:58:40.106 [restartedMain] WARN  o.s.c.s.PostProcessorRegistrationDelegate$BeanPostProcessorChecker - Bean 'org.springframework.ws.config.annotation.DelegatingWsConfiguration' of type [org.springframework.ws.config.annotation.DelegatingWsConfiguration$$SpringCGLIB$$0] is not eligible for getting processed by all BeanPostProcessors (for example: not eligible for auto-proxying). The currently created BeanPostProcessor [annotationActionEndpointMapping] is declared through a non-static factory method on that class; consider declaring it as static instead.
2026-09-16 21:58:40.134 [restartedMain] INFO  o.s.w.s.a.s.AnnotationActionEndpointMapping - Supporting [WS-Addressing August 2004, WS-Addressing 1.0]
2026-09-16 21:58:40.631 [restartedMain] INFO  o.s.b.w.e.tomcat.TomcatWebServer - Tomcat initialized with port 8080 (http)
2026-09-16 21:58:40.646 [restartedMain] INFO  o.a.coyote.http11.Http11NioProtocol - Initializing ProtocolHandler ["http-nio-8080"]
2026-09-16 21:58:40.649 [restartedMain] INFO  o.a.catalina.core.StandardService - Starting service [Tomcat]
2026-09-16 21:58:40.649 [restartedMain] INFO  o.a.catalina.core.StandardEngine - Starting Servlet engine: [Apache Tomcat/10.1.20]
2026-09-16 21:58:40.713 [restartedMain] INFO  o.a.c.c.C.[Tomcat].[localhost].[/] - Initializing Spring embedded WebApplicationContext
2026-09-16 21:58:40.715 [restartedMain] INFO  o.s.b.w.s.c.ServletWebServerApplicationContext - Root WebApplicationContext: initialization completed in 2134 ms
2026-09-16 21:58:40.786 [restartedMain] DEBUG c.c.e.w.s.JwtAuthenticationFilter - Filter 'jwtAuthenticationFilter' configured for use
2026-09-16 21:58:40.928 [restartedMain] INFO  o.h.jpa.internal.util.LogHelper - HHH000204: Processing PersistenceUnitInfo [name: default]
2026-09-16 21:58:40.982 [restartedMain] INFO  org.hibernate.Version - HHH000412: Hibernate ORM core version 6.4.4.Final
2026-09-16 21:58:41.019 [restartedMain] INFO  o.h.c.i.RegionFactoryInitiator - HHH000026: Second-level cache disabled
2026-09-16 21:58:41.262 [restartedMain] INFO  o.s.o.j.p.SpringPersistenceUnitInfo - No LoadTimeWeaver setup: ignoring JPA class transformer
2026-09-16 21:58:41.284 [restartedMain] INFO  com.zaxxer.hikari.HikariDataSource - HikariPool-1 - Starting...
2026-09-16 21:58:41.472 [restartedMain] INFO  com.zaxxer.hikari.pool.HikariPool - HikariPool-1 - Added connection org.postgresql.jdbc.PgConnection@103ccfb7
2026-09-16 21:58:41.473 [restartedMain] INFO  com.zaxxer.hikari.HikariDataSource - HikariPool-1 - Start completed.
2026-09-16 21:58:42.411 [restartedMain] INFO  o.h.e.t.j.p.i.JtaPlatformInitiator - HHH000489: No JTA platform available (set 'hibernate.transaction.jta.platform' to enable JTA platform integration)
2026-09-16 21:58:42.557 [restartedMain] INFO  o.s.o.j.LocalContainerEntityManagerFactoryBean - Initialized JPA EntityManagerFactory for persistence unit 'default'
2026-09-16 21:58:42.914 [restartedMain] INFO  o.s.d.j.r.query.QueryEnhancerFactory - Hibernate is in classpath; If applicable, HQL parser will be used.
2026-09-16 21:58:43.647 [restartedMain] WARN  o.s.b.a.o.j.JpaBaseConfiguration$JpaWebConfiguration - spring.jpa.open-in-view is enabled by default. Therefore, database queries may be performed during view rendering. Explicitly configure spring.jpa.open-in-view to disable this warning
2026-09-16 21:58:43.916 [restartedMain] INFO  o.s.s.web.DefaultSecurityFilterChain - Will secure any request with [org.springframework.security.web.session.DisableEncodeUrlFilter@668fd195, org.springframework.security.web.context.request.async.WebAsyncManagerIntegrationFilter@19e69834, org.springframework.security.web.context.SecurityContextHolderFilter@dfc50ec, org.springframework.security.web.header.HeaderWriterFilter@4c0d497e, org.springframework.web.filter.CorsFilter@65438e9d, org.springframework.security.web.authentication.logout.LogoutFilter@46efef70, com.crypto.exchange.web.security.JwtAuthenticationFilter@5977a5ba, org.springframework.security.web.savedrequest.RequestCacheAwareFilter@59ff02b8, org.springframework.security.web.servletapi.SecurityContextHolderAwareRequestFilter@1655030, org.springframework.security.web.authentication.AnonymousAuthenticationFilter@77e85826, org.springframework.security.web.session.SessionManagementFilter@512f9434, org.springframework.security.web.access.ExceptionTranslationFilter@610c412, org.springframework.security.web.access.intercept.AuthorizationFilter@1cfdb33]
2026-09-16 21:58:44.251 [restartedMain] INFO  o.s.b.d.a.OptionalLiveReloadServer - LiveReload server is running on port 35729
2026-09-16 21:58:44.266 [restartedMain] INFO  o.a.coyote.http11.Http11NioProtocol - Starting ProtocolHandler ["http-nio-8080"]
2026-09-16 21:58:44.288 [restartedMain] INFO  o.s.b.w.e.tomcat.TomcatWebServer - Tomcat started on port 8080 (http) with context path ''
2026-09-16 21:58:44.303 [restartedMain] INFO  c.c.exchange.ExchangeApplication - Started ExchangeApplication in 6.319 seconds (process running for 6.872)
2026-09-16 21:58:44.311 [scheduling-1] INFO  c.c.e.core.aspect.LoggingAspect - Enter: com.crypto.exchange.core.service.CryptoInitializerService.scheduledPriceUpdate() with argument(s) = []
2026-09-16 21:58:44.311 [scheduling-1] INFO  c.c.e.c.s.CryptoInitializerService - Starting crypto price synchronization...
2026-09-16 21:58:45.027 [scheduling-1] INFO  c.c.e.c.s.CryptoInitializerService - Success! Updated and mapped 8 cryptocurrencies with CoinLore IDs
2026-09-16 21:58:45.028 [scheduling-1] INFO  c.c.e.core.aspect.LoggingAspect - Exit: com.crypto.exchange.core.service.CryptoInitializerService.scheduledPriceUpdate() executed in 717 ms with result = null
2026-09-16 21:59:09.140 [http-nio-8080-exec-1] INFO  o.a.c.c.C.[Tomcat].[localhost].[/] - Initializing Spring DispatcherServlet 'dispatcherServlet'
2026-09-16 21:59:09.140 [http-nio-8080-exec-1] INFO  o.s.web.servlet.DispatcherServlet - Initializing Servlet 'dispatcherServlet'
2026-09-16 21:59:09.142 [http-nio-8080-exec-1] INFO  o.s.web.servlet.DispatcherServlet - Completed initialization in 1 ms
2026-09-16 21:59:10.328 [http-nio-8080-exec-8] INFO  o.s.api.AbstractOpenApiResource - Init duration for springdoc-openapi is: 832 ms
2026-09-16 22:01:50.529 [http-nio-8080-exec-4] INFO  c.c.e.core.aspect.LoggingAspect - Enter: com.crypto.exchange.web.controller.AuthController.login() with argument(s) = [LoginRequest[usernameOrEmail=example, password=password]]
2026-09-16 22:01:50.532 [http-nio-8080-exec-4] INFO  c.c.e.core.aspect.LoggingAspect - Enter: com.crypto.exchange.core.service.AuthService.login() with argument(s) = [LoginRequest[usernameOrEmail=example, password=password]]
2026-09-16 22:01:50.944 [http-nio-8080-exec-4] INFO  c.c.e.core.aspect.LoggingAspect - Exit: com.crypto.exchange.core.service.AuthService.login() executed in 411 ms with result = AuthResponseDto[token=eyJhbGciOiJIUzUxMiJ9.eyJzdWIiOiJleGFtcGxlIiwiaWQiOjEsInJvbGUiOiJST0xFX0FETUlOIiwiaWF0IjoxNzg5NTg1MzEwLCJleHAiOjE3ODk2NzE3MTB9.bysetlHofjIqUuP75qTzAvG8cOZ1AzTYecPciEdEUZW8Fj03TRIxCQrIid9AwxGCJCGkqJhbI1JmXRG_vmcmRA, tokenType=Bearer, user=UserResponseDto[id=1, username=example, email=example@example.com, role=ROLE_ADMIN, createdAt=2026-09-15T10:54:41.216510Z]]
2026-09-16 22:01:50.952 [http-nio-8080-exec-4] INFO  c.c.e.core.aspect.LoggingAspect - Exit: com.crypto.exchange.web.controller.AuthController.login() executed in 422 ms with result = <200 OK OK,AuthResponseDto[token=eyJhbGciOiJIUzUxMiJ9.eyJzdWIiOiJleGFtcGxlIiwiaWQiOjEsInJvbGUiOiJST0xFX0FETUlOIiwiaWF0IjoxNzg5NTg1MzEwLCJleHAiOjE3ODk2NzE3MTB9.bysetlHofjIqUuP75qTzAvG8cOZ1AzTYecPciEdEUZW8Fj03TRIxCQrIid9AwxGCJCGkqJhbI1JmXRG_vmcmRA, tokenType=Bearer, user=UserResponseDto[id=1, username=example, email=example@example.com, role=ROLE_ADMIN, createdAt=2026-09-15T10:54:41.216510Z]],[]>
2026-09-16 22:02:47.983 [http-nio-8080-exec-5] INFO  c.c.e.core.aspect.LoggingAspect - Enter: com.crypto.exchange.web.controller.WalletController.getMyWallets() with argument(s) = [com.crypto.exchange.web.security.UserPrincipal@60ee8de0]
2026-09-16 22:02:47.984 [http-nio-8080-exec-5] INFO  c.c.e.core.aspect.LoggingAspect - Enter: com.crypto.exchange.core.service.implementation.WalletServiceImpl.getUserWallets() with argument(s) = [1]
2026-09-16 22:02:48.051 [http-nio-8080-exec-5] INFO  c.c.e.core.aspect.LoggingAspect - Exit: com.crypto.exchange.core.service.implementation.WalletServiceImpl.getUserWallets() executed in 67 ms with result = [WalletResponseDto[id=2, address=0xe15299f163154c50ae7fe8b8c480b3f5, name=wallet2, isDefault=true, balances=[WalletBalanceResponseDto[id=14, symbol=USDT, cryptoName=Tether, amount=0E-8, currentPriceUsd=1.0000, totalValueUsd=0E-12], WalletBalanceResponseDto[id=15, symbol=ETH, cryptoName=Ethereum, amount=0E-8, currentPriceUsd=2405.0900, totalValueUsd=0E-12], WalletBalanceResponseDto[id=10, symbol=SOL, cryptoName=Solana, amount=0E-8, currentPriceUsd=98.1200, totalValueUsd=0E-12], WalletBalanceResponseDto[id=11, symbol=BTC, cryptoName=Bitcoin, amount=5.00000000, currentPriceUsd=75883.3900, totalValueUsd=379416.950000000000], WalletBalanceResponseDto[id=13, symbol=BNB, cryptoName=Binance Coin, amount=0E-8, currentPriceUsd=717.2000, totalValueUsd=0E-12], WalletBalanceResponseDto[id=16, symbol=DOGE, cryptoName=Dogecoin, amount=0E-8, currentPriceUsd=0.0800, totalValueUsd=0E-12], WalletBalanceResponseDto[id=9, symbol=XRP, cryptoName=XRP, amount=0E-8, currentPriceUsd=1.2900, totalValueUsd=0E-12], WalletBalanceResponseDto[id=12, symbol=ADA, cryptoName=Cardano, amount=0E-8, currentPriceUsd=0.1933, totalValueUsd=0E-12]]], WalletResponseDto[id=1, address=0x41722b9bb3eb456ea150a0f9433870a4, name=wallet1, isDefault=false, balances=[WalletBalanceResponseDto[id=1, symbol=ADA, cryptoName=Cardano, amount=0E-8, currentPriceUsd=0.1933, totalValueUsd=0E-12], WalletBalanceResponseDto[id=2, symbol=BTC, cryptoName=Bitcoin, amount=5.00000000, currentPriceUsd=75883.3900, totalValueUsd=379416.950000000000], WalletBalanceResponseDto[id=7, symbol=BNB, cryptoName=Binance Coin, amount=0E-8, currentPriceUsd=717.2000, totalValueUsd=0E-12], WalletBalanceResponseDto[id=5, symbol=XRP, cryptoName=XRP, amount=0E-8, currentPriceUsd=1.2900, totalValueUsd=0E-12], WalletBalanceResponseDto[id=8, symbol=DOGE, cryptoName=Dogecoin, amount=0E-8, currentPriceUsd=0.0800, totalValueUsd=0E-12], WalletBalanceResponseDto[id=6, symbol=SOL, cryptoName=Solana, amount=0E-8, currentPriceUsd=98.1200, totalValueUsd=0E-12], WalletBalanceResponseDto[id=3, symbol=ETH, cryptoName=Ethereum, amount=0E-8, currentPriceUsd=2405.0900, totalValueUsd=0E-12], WalletBalanceResponseDto[id=4, symbol=USDT, cryptoName=Tether, amount=0E-8, currentPriceUsd=1.0000, totalValueUsd=0E-12]]]]
2026-09-16 22:02:48.053 [http-nio-8080-exec-5] INFO  c.c.e.core.aspect.LoggingAspect - Exit: com.crypto.exchange.web.controller.WalletController.getMyWallets() executed in 70 ms with result = <200 OK OK,[WalletResponseDto[id=2, address=0xe15299f163154c50ae7fe8b8c480b3f5, name=wallet2, isDefault=true, balances=[WalletBalanceResponseDto[id=14, symbol=USDT, cryptoName=Tether, amount=0E-8, currentPriceUsd=1.0000, totalValueUsd=0E-12], WalletBalanceResponseDto[id=15, symbol=ETH, cryptoName=Ethereum, amount=0E-8, currentPriceUsd=2405.0900, totalValueUsd=0E-12], WalletBalanceResponseDto[id=10, symbol=SOL, cryptoName=Solana, amount=0E-8, currentPriceUsd=98.1200, totalValueUsd=0E-12], WalletBalanceResponseDto[id=11, symbol=BTC, cryptoName=Bitcoin, amount=5.00000000, currentPriceUsd=75883.3900, totalValueUsd=379416.950000000000], WalletBalanceResponseDto[id=13, symbol=BNB, cryptoName=Binance Coin, amount=0E-8, currentPriceUsd=717.2000, totalValueUsd=0E-12], WalletBalanceResponseDto[id=16, symbol=DOGE, cryptoName=Dogecoin, amount=0E-8, currentPriceUsd=0.0800, totalValueUsd=0E-12], WalletBalanceResponseDto[id=9, symbol=XRP, cryptoName=XRP, amount=0E-8, currentPriceUsd=1.2900, totalValueUsd=0E-12], WalletBalanceResponseDto[id=12, symbol=ADA, cryptoName=Cardano, amount=0E-8, currentPriceUsd=0.1933, totalValueUsd=0E-12]]], WalletResponseDto[id=1, address=0x41722b9bb3eb456ea150a0f9433870a4, name=wallet1, isDefault=false, balances=[WalletBalanceResponseDto[id=1, symbol=ADA, cryptoName=Cardano, amount=0E-8, currentPriceUsd=0.1933, totalValueUsd=0E-12], WalletBalanceResponseDto[id=2, symbol=BTC, cryptoName=Bitcoin, amount=5.00000000, currentPriceUsd=75883.3900, totalValueUsd=379416.950000000000], WalletBalanceResponseDto[id=7, symbol=BNB, cryptoName=Binance Coin, amount=0E-8, currentPriceUsd=717.2000, totalValueUsd=0E-12], WalletBalanceResponseDto[id=5, symbol=XRP, cryptoName=XRP, amount=0E-8, currentPriceUsd=1.2900, totalValueUsd=0E-12], WalletBalanceResponseDto[id=8, symbol=DOGE, cryptoName=Dogecoin, amount=0E-8, currentPriceUsd=0.0800, totalValueUsd=0E-12], WalletBalanceResponseDto[id=6, symbol=SOL, cryptoName=Solana, amount=0E-8, currentPriceUsd=98.1200, totalValueUsd=0E-12], WalletBalanceResponseDto[id=3, symbol=ETH, cryptoName=Ethereum, amount=0E-8, currentPriceUsd=2405.0900, totalValueUsd=0E-12], WalletBalanceResponseDto[id=4, symbol=USDT, cryptoName=Tether, amount=0E-8, currentPriceUsd=1.0000, totalValueUsd=0E-12]]]],[]>
2026-09-16 22:03:44.307 [scheduling-1] INFO  c.c.e.core.aspect.LoggingAspect - Enter: com.crypto.exchange.core.service.CryptoInitializerService.scheduledPriceUpdate() with argument(s) = []
2026-09-16 22:03:44.308 [scheduling-1] INFO  c.c.e.c.s.CryptoInitializerService - Starting crypto price synchronization...
2026-09-16 22:03:44.575 [scheduling-1] INFO  c.c.e.c.s.CryptoInitializerService - Success! Updated and mapped 8 cryptocurrencies with CoinLore IDs
2026-09-16 22:03:44.575 [scheduling-1] INFO  c.c.e.core.aspect.LoggingAspect - Exit: com.crypto.exchange.core.service.CryptoInitializerService.scheduledPriceUpdate() executed in 267 ms with result = null
2026-09-16 22:04:47.625 [http-nio-8080-exec-7] INFO  c.c.e.core.aspect.LoggingAspect - Enter: com.crypto.exchange.web.controller.TransferController.transfer() with argument(s) = [com.crypto.exchange.web.security.UserPrincipal@739947a, TransferRequestDto[fromWalletId=2, recipientAddress=0x41722b9bb3eb456ea150a0f9433870a4, cryptoId=11, amount=15]]
2026-09-16 22:04:47.626 [http-nio-8080-exec-7] INFO  c.c.e.core.aspect.LoggingAspect - Enter: com.crypto.exchange.core.service.implementation.TransferServiceImpl.transfer() with argument(s) = [1, TransferRequestDto[fromWalletId=2, recipientAddress=0x41722b9bb3eb456ea150a0f9433870a4, cryptoId=11, amount=15]]
2026-09-16 22:04:47.641 [http-nio-8080-exec-7] ERROR c.c.e.core.aspect.LoggingAspect - Exception in com.crypto.exchange.core.service.implementation.TransferServiceImpl.transfer() with cause = 'NULL' and exception = 'Crypto currency not found: 11'
2026-09-16 22:04:47.647 [http-nio-8080-exec-7] ERROR c.c.e.core.aspect.LoggingAspect - Exception in com.crypto.exchange.web.controller.TransferController.transfer() with cause = 'NULL' and exception = 'Crypto currency not found: 11'
2026-09-16 22:04:47.649 [http-nio-8080-exec-7] WARN  c.c.e.c.e.GlobalExceptionHandler - Resource not found: Crypto currency not found: 11
2026-09-16 22:04:47.652 [http-nio-8080-exec-7] WARN  o.s.w.s.m.m.a.ExceptionHandlerExceptionResolver - Resolved [com.crypto.exchange.core.exception.ResourceNotFoundException: Crypto currency not found: 11]
2026-09-16 22:08:44.313 [scheduling-1] INFO  c.c.e.core.aspect.LoggingAspect - Enter: com.crypto.exchange.core.service.CryptoInitializerService.scheduledPriceUpdate() with argument(s) = []
2026-09-16 22:08:44.314 [scheduling-1] INFO  c.c.e.c.s.CryptoInitializerService - Starting crypto price synchronization...
2026-09-16 22:08:44.551 [scheduling-1] INFO  c.c.e.c.s.CryptoInitializerService - Success! Updated and mapped 8 cryptocurrencies with CoinLore IDs
2026-09-16 22:08:44.551 [scheduling-1] INFO  c.c.e.core.aspect.LoggingAspect - Exit: com.crypto.exchange.core.service.CryptoInitializerService.scheduledPriceUpdate() executed in 237 ms with result = null
2026-09-16 22:11:03.632 [SpringApplicationShutdownHook] INFO  o.s.o.j.LocalContainerEntityManagerFactoryBean - Closing JPA EntityManagerFactory for persistence unit 'default'
2026-09-16 22:11:03.636 [SpringApplicationShutdownHook] INFO  com.zaxxer.hikari.HikariDataSource - HikariPool-1 - Shutdown initiated...
2026-09-16 22:11:03.640 [SpringApplicationShutdownHook] INFO  com.zaxxer.hikari.HikariDataSource - HikariPool-1 - Shutdown completed.
2026-09-16 22:11:08.959 [background-preinit] INFO  o.h.validator.internal.util.Version - HV000001: Hibernate Validator 8.0.1.Final
2026-09-16 22:11:09.000 [restartedMain] INFO  c.c.exchange.ExchangeApplication - Starting ExchangeApplication using Java 23.0.2 with PID 11936 (E:\bsuirapp\exchange\target\classes started by AxlLN in E:\bsuirapp\exchange)
2026-09-16 22:11:09.001 [restartedMain] DEBUG c.c.exchange.ExchangeApplication - Running with Spring Boot v3.2.5, Spring v6.1.6
2026-09-16 22:11:09.001 [restartedMain] INFO  c.c.exchange.ExchangeApplication - No active profile set, falling back to 1 default profile: "default"
2026-09-16 22:11:09.078 [restartedMain] INFO  o.s.b.d.e.DevToolsPropertyDefaultsPostProcessor - Devtools property defaults active! Set 'spring.devtools.add-properties' to 'false' to disable
2026-09-16 22:11:09.078 [restartedMain] INFO  o.s.b.d.e.DevToolsPropertyDefaultsPostProcessor - For additional web related logging consider setting the 'logging.level.web' property to 'DEBUG'
2026-09-16 22:11:10.036 [restartedMain] INFO  o.s.d.r.c.RepositoryConfigurationDelegate - Bootstrapping Spring Data JPA repositories in DEFAULT mode.
2026-09-16 22:11:10.101 [restartedMain] INFO  o.s.d.r.c.RepositoryConfigurationDelegate - Finished Spring Data repository scanning in 58 ms. Found 6 JPA repository interfaces.
2026-09-16 22:11:10.407 [restartedMain] WARN  o.s.c.s.PostProcessorRegistrationDelegate$BeanPostProcessorChecker - Bean 'org.springframework.ws.config.annotation.DelegatingWsConfiguration' of type [org.springframework.ws.config.annotation.DelegatingWsConfiguration$$SpringCGLIB$$0] is not eligible for getting processed by all BeanPostProcessors (for example: not eligible for auto-proxying). The currently created BeanPostProcessor [annotationActionEndpointMapping] is declared through a non-static factory method on that class; consider declaring it as static instead.
2026-09-16 22:11:10.426 [restartedMain] INFO  o.s.w.s.a.s.AnnotationActionEndpointMapping - Supporting [WS-Addressing August 2004, WS-Addressing 1.0]
2026-09-16 22:11:10.866 [restartedMain] INFO  o.s.b.w.e.tomcat.TomcatWebServer - Tomcat initialized with port 8080 (http)
2026-09-16 22:11:10.875 [restartedMain] INFO  o.a.coyote.http11.Http11NioProtocol - Initializing ProtocolHandler ["http-nio-8080"]
2026-09-16 22:11:10.877 [restartedMain] INFO  o.a.catalina.core.StandardService - Starting service [Tomcat]
2026-09-16 22:11:10.877 [restartedMain] INFO  o.a.catalina.core.StandardEngine - Starting Servlet engine: [Apache Tomcat/10.1.20]
2026-09-16 22:11:10.930 [restartedMain] INFO  o.a.c.c.C.[Tomcat].[localhost].[/] - Initializing Spring embedded WebApplicationContext
2026-09-16 22:11:10.931 [restartedMain] INFO  o.s.b.w.s.c.ServletWebServerApplicationContext - Root WebApplicationContext: initialization completed in 1851 ms
2026-09-16 22:11:11.002 [restartedMain] DEBUG c.c.e.w.s.JwtAuthenticationFilter - Filter 'jwtAuthenticationFilter' configured for use
2026-09-16 22:11:11.164 [restartedMain] INFO  o.h.jpa.internal.util.LogHelper - HHH000204: Processing PersistenceUnitInfo [name: default]
2026-09-16 22:11:11.217 [restartedMain] INFO  org.hibernate.Version - HHH000412: Hibernate ORM core version 6.4.4.Final
2026-09-16 22:11:11.257 [restartedMain] INFO  o.h.c.i.RegionFactoryInitiator - HHH000026: Second-level cache disabled
2026-09-16 22:11:11.454 [restartedMain] INFO  o.s.o.j.p.SpringPersistenceUnitInfo - No LoadTimeWeaver setup: ignoring JPA class transformer
2026-09-16 22:11:11.474 [restartedMain] INFO  com.zaxxer.hikari.HikariDataSource - HikariPool-1 - Starting...
2026-09-16 22:11:11.613 [restartedMain] INFO  com.zaxxer.hikari.pool.HikariPool - HikariPool-1 - Added connection org.postgresql.jdbc.PgConnection@459cbe67
2026-09-16 22:11:11.616 [restartedMain] INFO  com.zaxxer.hikari.HikariDataSource - HikariPool-1 - Start completed.
2026-09-16 22:11:12.511 [restartedMain] INFO  o.h.e.t.j.p.i.JtaPlatformInitiator - HHH000489: No JTA platform available (set 'hibernate.transaction.jta.platform' to enable JTA platform integration)
2026-09-16 22:11:12.637 [restartedMain] INFO  o.s.o.j.LocalContainerEntityManagerFactoryBean - Initialized JPA EntityManagerFactory for persistence unit 'default'
2026-09-16 22:11:13.004 [restartedMain] INFO  o.s.d.j.r.query.QueryEnhancerFactory - Hibernate is in classpath; If applicable, HQL parser will be used.
2026-09-16 22:11:14.006 [restartedMain] WARN  o.s.b.a.o.j.JpaBaseConfiguration$JpaWebConfiguration - spring.jpa.open-in-view is enabled by default. Therefore, database queries may be performed during view rendering. Explicitly configure spring.jpa.open-in-view to disable this warning
2026-09-16 22:11:14.302 [restartedMain] INFO  o.s.s.web.DefaultSecurityFilterChain - Will secure any request with [org.springframework.security.web.session.DisableEncodeUrlFilter@1dcc020c, org.springframework.security.web.context.request.async.WebAsyncManagerIntegrationFilter@1e84818c, org.springframework.security.web.context.SecurityContextHolderFilter@44d5752e, org.springframework.security.web.header.HeaderWriterFilter@8141b53, org.springframework.web.filter.CorsFilter@50678ee6, org.springframework.security.web.authentication.logout.LogoutFilter@6731f04c, com.crypto.exchange.web.security.JwtAuthenticationFilter@347a938c, org.springframework.security.web.savedrequest.RequestCacheAwareFilter@6d9ffa61, org.springframework.security.web.servletapi.SecurityContextHolderAwareRequestFilter@479f4d8a, org.springframework.security.web.authentication.AnonymousAuthenticationFilter@5e8a36a6, org.springframework.security.web.session.SessionManagementFilter@13114606, org.springframework.security.web.access.ExceptionTranslationFilter@451748ab, org.springframework.security.web.access.intercept.AuthorizationFilter@510db72]
2026-09-16 22:11:14.672 [restartedMain] INFO  o.s.b.d.a.OptionalLiveReloadServer - LiveReload server is running on port 35729
2026-09-16 22:11:14.689 [restartedMain] INFO  o.a.coyote.http11.Http11NioProtocol - Starting ProtocolHandler ["http-nio-8080"]
2026-09-16 22:11:14.703 [restartedMain] INFO  o.s.b.w.e.tomcat.TomcatWebServer - Tomcat started on port 8080 (http) with context path ''
2026-09-16 22:11:14.713 [restartedMain] INFO  c.c.exchange.ExchangeApplication - Started ExchangeApplication in 6.206 seconds (process running for 6.715)
2026-09-16 22:11:14.718 [scheduling-1] INFO  c.c.e.core.aspect.LoggingAspect - Enter: com.crypto.exchange.core.service.CryptoInitializerService.scheduledPriceUpdate() with argument(s) = []
2026-09-16 22:11:14.718 [scheduling-1] INFO  c.c.e.c.s.CryptoInitializerService - Starting crypto price synchronization...
2026-09-16 22:11:15.434 [scheduling-1] INFO  c.c.e.c.s.CryptoInitializerService - Success! Updated and mapped 8 cryptocurrencies with CoinLore IDs
2026-09-16 22:11:15.434 [scheduling-1] INFO  c.c.e.core.aspect.LoggingAspect - Exit: com.crypto.exchange.core.service.CryptoInitializerService.scheduledPriceUpdate() executed in 716 ms with result = null
2026-09-16 22:11:18.532 [http-nio-8080-exec-1] INFO  o.a.c.c.C.[Tomcat].[localhost].[/] - Initializing Spring DispatcherServlet 'dispatcherServlet'
2026-09-16 22:11:18.534 [http-nio-8080-exec-1] INFO  o.s.web.servlet.DispatcherServlet - Initializing Servlet 'dispatcherServlet'
2026-09-16 22:11:18.537 [http-nio-8080-exec-1] INFO  o.s.web.servlet.DispatcherServlet - Completed initialization in 2 ms
2026-09-16 22:11:19.405 [http-nio-8080-exec-4] INFO  o.s.api.AbstractOpenApiResource - Init duration for springdoc-openapi is: 581 ms
2026-09-16 22:11:38.525 [http-nio-8080-exec-5] INFO  c.c.e.core.aspect.LoggingAspect - Enter: com.crypto.exchange.web.controller.AuthController.login() with argument(s) = [LoginRequest[usernameOrEmail=example, password=password]]
2026-09-16 22:11:38.527 [http-nio-8080-exec-5] INFO  c.c.e.core.aspect.LoggingAspect - Enter: com.crypto.exchange.core.service.AuthService.login() with argument(s) = [LoginRequest[usernameOrEmail=example, password=password]]
2026-09-16 22:11:38.881 [http-nio-8080-exec-5] INFO  c.c.e.core.aspect.LoggingAspect - Exit: com.crypto.exchange.core.service.AuthService.login() executed in 354 ms with result = AuthResponseDto[token=eyJhbGciOiJIUzUxMiJ9.eyJzdWIiOiJleGFtcGxlIiwiaWQiOjEsInJvbGUiOiJST0xFX0FETUlOIiwiaWF0IjoxNzg5NTg1ODk4LCJleHAiOjE3ODk2NzIyOTh9.72kGFraV2VNFpzjXzMVtNfSxA33ThY0O04ScI_c5UB-FpaUxBJNg_HUWcjJoOIHyWxg32PQwym0fcpI9uO2XLg, tokenType=Bearer, user=UserResponseDto[id=1, username=example, email=example@example.com, role=ROLE_ADMIN, createdAt=2026-09-15T10:54:41.216510Z]]
2026-09-16 22:11:38.887 [http-nio-8080-exec-5] INFO  c.c.e.core.aspect.LoggingAspect - Exit: com.crypto.exchange.web.controller.AuthController.login() executed in 362 ms with result = <200 OK OK,AuthResponseDto[token=eyJhbGciOiJIUzUxMiJ9.eyJzdWIiOiJleGFtcGxlIiwiaWQiOjEsInJvbGUiOiJST0xFX0FETUlOIiwiaWF0IjoxNzg5NTg1ODk4LCJleHAiOjE3ODk2NzIyOTh9.72kGFraV2VNFpzjXzMVtNfSxA33ThY0O04ScI_c5UB-FpaUxBJNg_HUWcjJoOIHyWxg32PQwym0fcpI9uO2XLg, tokenType=Bearer, user=UserResponseDto[id=1, username=example, email=example@example.com, role=ROLE_ADMIN, createdAt=2026-09-15T10:54:41.216510Z]],[]>
2026-09-16 22:12:08.955 [http-nio-8080-exec-6] INFO  c.c.e.core.aspect.LoggingAspect - Enter: com.crypto.exchange.web.controller.WalletController.getAggregatedBalances() with argument(s) = [com.crypto.exchange.web.security.UserPrincipal@1f4fa5de]
2026-09-16 22:12:08.958 [http-nio-8080-exec-6] INFO  c.c.e.core.aspect.LoggingAspect - Enter: com.crypto.exchange.core.service.implementation.WalletServiceImpl.getAggregatedBalances() with argument(s) = [1]
2026-09-16 22:12:08.988 [http-nio-8080-exec-6] INFO  c.c.e.core.aspect.LoggingAspect - Exit: com.crypto.exchange.core.service.implementation.WalletServiceImpl.getAggregatedBalances() executed in 30 ms with result = [AggregatedBalanceDto[cryptoId=9, symbol=ADA, name=Cardano, totalAmount=0E-8], AggregatedBalanceDto[cryptoId=5, symbol=BNB, name=Binance Coin, totalAmount=0E-8], AggregatedBalanceDto[cryptoId=2, symbol=BTC, name=Bitcoin, totalAmount=10.00000000], AggregatedBalanceDto[cryptoId=8, symbol=DOGE, name=Dogecoin, totalAmount=0E-8], AggregatedBalanceDto[cryptoId=3, symbol=ETH, name=Ethereum, totalAmount=0E-8], AggregatedBalanceDto[cryptoId=7, symbol=SOL, name=Solana, totalAmount=0E-8], AggregatedBalanceDto[cryptoId=4, symbol=USDT, name=Tether, totalAmount=0E-8], AggregatedBalanceDto[cryptoId=6, symbol=XRP, name=XRP, totalAmount=0E-8]]
2026-09-16 22:12:08.992 [http-nio-8080-exec-6] INFO  c.c.e.core.aspect.LoggingAspect - Exit: com.crypto.exchange.web.controller.WalletController.getAggregatedBalances() executed in 36 ms with result = <200 OK OK,[AggregatedBalanceDto[cryptoId=9, symbol=ADA, name=Cardano, totalAmount=0E-8], AggregatedBalanceDto[cryptoId=5, symbol=BNB, name=Binance Coin, totalAmount=0E-8], AggregatedBalanceDto[cryptoId=2, symbol=BTC, name=Bitcoin, totalAmount=10.00000000], AggregatedBalanceDto[cryptoId=8, symbol=DOGE, name=Dogecoin, totalAmount=0E-8], AggregatedBalanceDto[cryptoId=3, symbol=ETH, name=Ethereum, totalAmount=0E-8], AggregatedBalanceDto[cryptoId=7, symbol=SOL, name=Solana, totalAmount=0E-8], AggregatedBalanceDto[cryptoId=4, symbol=USDT, name=Tether, totalAmount=0E-8], AggregatedBalanceDto[cryptoId=6, symbol=XRP, name=XRP, totalAmount=0E-8]],[]>
2026-09-16 22:16:14.717 [scheduling-1] INFO  c.c.e.core.aspect.LoggingAspect - Enter: com.crypto.exchange.core.service.CryptoInitializerService.scheduledPriceUpdate() with argument(s) = []
2026-09-16 22:16:14.717 [scheduling-1] INFO  c.c.e.c.s.CryptoInitializerService - Starting crypto price synchronization...
2026-09-16 22:16:14.993 [scheduling-1] INFO  c.c.e.c.s.CryptoInitializerService - Success! Updated and mapped 8 cryptocurrencies with CoinLore IDs
2026-09-16 22:16:14.993 [scheduling-1] INFO  c.c.e.core.aspect.LoggingAspect - Exit: com.crypto.exchange.core.service.CryptoInitializerService.scheduledPriceUpdate() executed in 276 ms with result = null
2026-09-16 22:19:03.912 [SpringApplicationShutdownHook] INFO  o.s.o.j.LocalContainerEntityManagerFactoryBean - Closing JPA EntityManagerFactory for persistence unit 'default'
2026-09-16 22:19:03.917 [SpringApplicationShutdownHook] INFO  com.zaxxer.hikari.HikariDataSource - HikariPool-1 - Shutdown initiated...
2026-09-16 22:19:03.920 [SpringApplicationShutdownHook] INFO  com.zaxxer.hikari.HikariDataSource - HikariPool-1 - Shutdown completed.
2026-09-16 22:19:24.353 [background-preinit] INFO  o.h.validator.internal.util.Version - HV000001: Hibernate Validator 8.0.1.Final
2026-09-16 22:19:24.413 [restartedMain] INFO  c.c.exchange.ExchangeApplication - Starting ExchangeApplication using Java 23.0.2 with PID 19564 (E:\bsuirapp\exchange\target\classes started by AxlLN in E:\bsuirapp\exchange)
2026-09-16 22:19:24.414 [restartedMain] DEBUG c.c.exchange.ExchangeApplication - Running with Spring Boot v3.2.5, Spring v6.1.6
2026-09-16 22:19:24.415 [restartedMain] INFO  c.c.exchange.ExchangeApplication - No active profile set, falling back to 1 default profile: "default"
2026-09-16 22:19:24.502 [restartedMain] INFO  o.s.b.d.e.DevToolsPropertyDefaultsPostProcessor - Devtools property defaults active! Set 'spring.devtools.add-properties' to 'false' to disable
2026-09-16 22:19:24.502 [restartedMain] INFO  o.s.b.d.e.DevToolsPropertyDefaultsPostProcessor - For additional web related logging consider setting the 'logging.level.web' property to 'DEBUG'
2026-09-16 22:19:25.634 [restartedMain] INFO  o.s.d.r.c.RepositoryConfigurationDelegate - Bootstrapping Spring Data JPA repositories in DEFAULT mode.
2026-09-16 22:19:25.705 [restartedMain] INFO  o.s.d.r.c.RepositoryConfigurationDelegate - Finished Spring Data repository scanning in 62 ms. Found 6 JPA repository interfaces.
2026-09-16 22:19:26.051 [restartedMain] WARN  o.s.c.s.PostProcessorRegistrationDelegate$BeanPostProcessorChecker - Bean 'org.springframework.ws.config.annotation.DelegatingWsConfiguration' of type [org.springframework.ws.config.annotation.DelegatingWsConfiguration$$SpringCGLIB$$0] is not eligible for getting processed by all BeanPostProcessors (for example: not eligible for auto-proxying). The currently created BeanPostProcessor [annotationActionEndpointMapping] is declared through a non-static factory method on that class; consider declaring it as static instead.
2026-09-16 22:19:26.076 [restartedMain] INFO  o.s.w.s.a.s.AnnotationActionEndpointMapping - Supporting [WS-Addressing August 2004, WS-Addressing 1.0]
2026-09-16 22:19:26.611 [restartedMain] INFO  o.s.b.w.e.tomcat.TomcatWebServer - Tomcat initialized with port 8080 (http)
2026-09-16 22:19:26.622 [restartedMain] INFO  o.a.coyote.http11.Http11NioProtocol - Initializing ProtocolHandler ["http-nio-8080"]
2026-09-16 22:19:26.624 [restartedMain] INFO  o.a.catalina.core.StandardService - Starting service [Tomcat]
2026-09-16 22:19:26.625 [restartedMain] INFO  o.a.catalina.core.StandardEngine - Starting Servlet engine: [Apache Tomcat/10.1.20]
2026-09-16 22:19:26.677 [restartedMain] INFO  o.a.c.c.C.[Tomcat].[localhost].[/] - Initializing Spring embedded WebApplicationContext
2026-09-16 22:19:26.678 [restartedMain] INFO  o.s.b.w.s.c.ServletWebServerApplicationContext - Root WebApplicationContext: initialization completed in 2174 ms
2026-09-16 22:19:26.771 [restartedMain] DEBUG c.c.e.w.s.JwtAuthenticationFilter - Filter 'jwtAuthenticationFilter' configured for use
2026-09-16 22:19:26.961 [restartedMain] INFO  o.h.jpa.internal.util.LogHelper - HHH000204: Processing PersistenceUnitInfo [name: default]
2026-09-16 22:19:27.020 [restartedMain] INFO  org.hibernate.Version - HHH000412: Hibernate ORM core version 6.4.4.Final
2026-09-16 22:19:27.059 [restartedMain] INFO  o.h.c.i.RegionFactoryInitiator - HHH000026: Second-level cache disabled
2026-09-16 22:19:27.345 [restartedMain] INFO  o.s.o.j.p.SpringPersistenceUnitInfo - No LoadTimeWeaver setup: ignoring JPA class transformer
2026-09-16 22:19:27.368 [restartedMain] INFO  com.zaxxer.hikari.HikariDataSource - HikariPool-1 - Starting...
2026-09-16 22:19:27.536 [restartedMain] INFO  com.zaxxer.hikari.pool.HikariPool - HikariPool-1 - Added connection org.postgresql.jdbc.PgConnection@54cb6d58
2026-09-16 22:19:27.537 [restartedMain] INFO  com.zaxxer.hikari.HikariDataSource - HikariPool-1 - Start completed.
2026-09-16 22:19:28.501 [restartedMain] INFO  o.h.e.t.j.p.i.JtaPlatformInitiator - HHH000489: No JTA platform available (set 'hibernate.transaction.jta.platform' to enable JTA platform integration)
2026-09-16 22:19:28.628 [restartedMain] INFO  o.s.o.j.LocalContainerEntityManagerFactoryBean - Initialized JPA EntityManagerFactory for persistence unit 'default'
2026-09-16 22:19:28.900 [restartedMain] INFO  o.s.d.j.r.query.QueryEnhancerFactory - Hibernate is in classpath; If applicable, HQL parser will be used.
2026-09-16 22:19:29.864 [restartedMain] WARN  o.s.b.a.o.j.JpaBaseConfiguration$JpaWebConfiguration - spring.jpa.open-in-view is enabled by default. Therefore, database queries may be performed during view rendering. Explicitly configure spring.jpa.open-in-view to disable this warning
2026-09-16 22:19:30.172 [restartedMain] INFO  o.s.s.web.DefaultSecurityFilterChain - Will secure any request with [org.springframework.security.web.session.DisableEncodeUrlFilter@4fb2966a, org.springframework.security.web.context.request.async.WebAsyncManagerIntegrationFilter@731aa8c6, org.springframework.security.web.context.SecurityContextHolderFilter@69702561, org.springframework.security.web.header.HeaderWriterFilter@7a78444b, org.springframework.web.filter.CorsFilter@627e0836, org.springframework.security.web.authentication.logout.LogoutFilter@52386f23, com.crypto.exchange.web.security.JwtAuthenticationFilter@6c8f4c12, org.springframework.security.web.savedrequest.RequestCacheAwareFilter@110f0f51, org.springframework.security.web.servletapi.SecurityContextHolderAwareRequestFilter@420bc0f3, org.springframework.security.web.authentication.AnonymousAuthenticationFilter@4b89de6a, org.springframework.security.web.session.SessionManagementFilter@7c8fbfd9, org.springframework.security.web.access.ExceptionTranslationFilter@1b52ed6e, org.springframework.security.web.access.intercept.AuthorizationFilter@67cb6bf9]
2026-09-16 22:19:30.481 [restartedMain] INFO  o.s.b.d.a.OptionalLiveReloadServer - LiveReload server is running on port 35729
2026-09-16 22:19:30.496 [restartedMain] INFO  o.a.coyote.http11.Http11NioProtocol - Starting ProtocolHandler ["http-nio-8080"]
2026-09-16 22:19:30.510 [restartedMain] INFO  o.s.b.w.e.tomcat.TomcatWebServer - Tomcat started on port 8080 (http) with context path ''
2026-09-16 22:19:30.521 [restartedMain] INFO  c.c.exchange.ExchangeApplication - Started ExchangeApplication in 6.745 seconds (process running for 7.373)
2026-09-16 22:19:30.528 [scheduling-1] INFO  c.c.e.core.aspect.LoggingAspect - Enter: com.crypto.exchange.core.service.CryptoInitializerService.scheduledPriceUpdate() with argument(s) = []
2026-09-16 22:19:30.528 [scheduling-1] INFO  c.c.e.c.s.CryptoInitializerService - Starting crypto price synchronization...
2026-09-16 22:19:31.152 [scheduling-1] INFO  c.c.e.c.s.CryptoInitializerService - Success! Updated and mapped 8 cryptocurrencies with CoinLore IDs
2026-09-16 22:19:31.152 [scheduling-1] INFO  c.c.e.core.aspect.LoggingAspect - Exit: com.crypto.exchange.core.service.CryptoInitializerService.scheduledPriceUpdate() executed in 624 ms with result = null
2026-09-16 22:19:35.209 [http-nio-8080-exec-1] INFO  o.a.c.c.C.[Tomcat].[localhost].[/] - Initializing Spring DispatcherServlet 'dispatcherServlet'
2026-09-16 22:19:35.210 [http-nio-8080-exec-1] INFO  o.s.web.servlet.DispatcherServlet - Initializing Servlet 'dispatcherServlet'
2026-09-16 22:19:35.211 [http-nio-8080-exec-1] INFO  o.s.web.servlet.DispatcherServlet - Completed initialization in 1 ms
2026-09-16 22:19:36.206 [http-nio-8080-exec-8] INFO  o.s.api.AbstractOpenApiResource - Init duration for springdoc-openapi is: 700 ms
2026-09-16 22:20:12.294 [http-nio-8080-exec-9] INFO  c.c.e.core.aspect.LoggingAspect - Enter: com.crypto.exchange.web.controller.AuthController.login() with argument(s) = [LoginRequest[usernameOrEmail=example, password=password]]
2026-09-16 22:20:12.298 [http-nio-8080-exec-9] INFO  c.c.e.core.aspect.LoggingAspect - Enter: com.crypto.exchange.core.service.AuthService.login() with argument(s) = [LoginRequest[usernameOrEmail=example, password=password]]
2026-09-16 22:20:12.628 [http-nio-8080-exec-9] INFO  c.c.e.core.aspect.LoggingAspect - Exit: com.crypto.exchange.core.service.AuthService.login() executed in 330 ms with result = AuthResponseDto[token=eyJhbGciOiJIUzUxMiJ9.eyJzdWIiOiJleGFtcGxlIiwiaWQiOjEsInJvbGUiOiJST0xFX0FETUlOIiwiaWF0IjoxNzg5NTg2NDEyLCJleHAiOjE3ODk2NzI4MTJ9.omAl60C5h6CjKWFjixuQ9rzMgjCeuIfqF9oCUlErbuPi6F7EBMXhavunSyi2Xtz4ro8JHNUPoTTaDQEBk8yXrQ, tokenType=Bearer, user=UserResponseDto[id=1, username=example, email=example@example.com, role=ROLE_ADMIN, createdAt=2026-09-15T10:54:41.216510Z]]
2026-09-16 22:20:12.637 [http-nio-8080-exec-9] INFO  c.c.e.core.aspect.LoggingAspect - Exit: com.crypto.exchange.web.controller.AuthController.login() executed in 342 ms with result = <200 OK OK,AuthResponseDto[token=eyJhbGciOiJIUzUxMiJ9.eyJzdWIiOiJleGFtcGxlIiwiaWQiOjEsInJvbGUiOiJST0xFX0FETUlOIiwiaWF0IjoxNzg5NTg2NDEyLCJleHAiOjE3ODk2NzI4MTJ9.omAl60C5h6CjKWFjixuQ9rzMgjCeuIfqF9oCUlErbuPi6F7EBMXhavunSyi2Xtz4ro8JHNUPoTTaDQEBk8yXrQ, tokenType=Bearer, user=UserResponseDto[id=1, username=example, email=example@example.com, role=ROLE_ADMIN, createdAt=2026-09-15T10:54:41.216510Z]],[]>
2026-09-16 22:20:27.001 [http-nio-8080-exec-4] INFO  c.c.e.core.aspect.LoggingAspect - Enter: com.crypto.exchange.web.controller.WalletController.getMyWallets() with argument(s) = [com.crypto.exchange.web.security.UserPrincipal@7dc6be58]
2026-09-16 22:20:27.002 [http-nio-8080-exec-4] INFO  c.c.e.core.aspect.LoggingAspect - Enter: com.crypto.exchange.core.service.implementation.WalletServiceImpl.getUserWallets() with argument(s) = [1]
2026-09-16 22:20:27.041 [http-nio-8080-exec-4] INFO  c.c.e.core.aspect.LoggingAspect - Exit: com.crypto.exchange.core.service.implementation.WalletServiceImpl.getUserWallets() executed in 39 ms with result = [WalletResponseDto[id=2, address=0xe15299f163154c50ae7fe8b8c480b3f5, name=wallet2, isDefault=true, balances=[WalletBalanceResponseDto[id=11, symbol=BTC, cryptoName=Bitcoin, amount=5.00000000, currentPriceUsd=75865.9000, totalValueUsd=379329.500000000000], WalletBalanceResponseDto[id=9, symbol=XRP, cryptoName=XRP, amount=0E-8, currentPriceUsd=1.2900, totalValueUsd=0E-12], WalletBalanceResponseDto[id=10, symbol=SOL, cryptoName=Solana, amount=0E-8, currentPriceUsd=98.1900, totalValueUsd=0E-12], WalletBalanceResponseDto[id=12, symbol=ADA, cryptoName=Cardano, amount=0E-8, currentPriceUsd=0.1930, totalValueUsd=0E-12], WalletBalanceResponseDto[id=13, symbol=BNB, cryptoName=Binance Coin, amount=0E-8, currentPriceUsd=717.4300, totalValueUsd=0E-12], WalletBalanceResponseDto[id=16, symbol=DOGE, cryptoName=Dogecoin, amount=0E-8, currentPriceUsd=0.0799, totalValueUsd=0E-12], WalletBalanceResponseDto[id=15, symbol=ETH, cryptoName=Ethereum, amount=0E-8, currentPriceUsd=2405.8400, totalValueUsd=0E-12], WalletBalanceResponseDto[id=14, symbol=USDT, cryptoName=Tether, amount=0E-8, currentPriceUsd=1.0000, totalValueUsd=0E-12]]], WalletResponseDto[id=1, address=0x41722b9bb3eb456ea150a0f9433870a4, name=wallet1, isDefault=false, balances=[WalletBalanceResponseDto[id=4, symbol=USDT, cryptoName=Tether, amount=0E-8, currentPriceUsd=1.0000, totalValueUsd=0E-12], WalletBalanceResponseDto[id=8, symbol=DOGE, cryptoName=Dogecoin, amount=0E-8, currentPriceUsd=0.0799, totalValueUsd=0E-12], WalletBalanceResponseDto[id=5, symbol=XRP, cryptoName=XRP, amount=0E-8, currentPriceUsd=1.2900, totalValueUsd=0E-12], WalletBalanceResponseDto[id=2, symbol=BTC, cryptoName=Bitcoin, amount=5.00000000, currentPriceUsd=75865.9000, totalValueUsd=379329.500000000000], WalletBalanceResponseDto[id=7, symbol=BNB, cryptoName=Binance Coin, amount=0E-8, currentPriceUsd=717.4300, totalValueUsd=0E-12], WalletBalanceResponseDto[id=6, symbol=SOL, cryptoName=Solana, amount=0E-8, currentPriceUsd=98.1900, totalValueUsd=0E-12], WalletBalanceResponseDto[id=1, symbol=ADA, cryptoName=Cardano, amount=0E-8, currentPriceUsd=0.1930, totalValueUsd=0E-12], WalletBalanceResponseDto[id=3, symbol=ETH, cryptoName=Ethereum, amount=0E-8, currentPriceUsd=2405.8400, totalValueUsd=0E-12]]]]
2026-09-16 22:20:27.044 [http-nio-8080-exec-4] INFO  c.c.e.core.aspect.LoggingAspect - Exit: com.crypto.exchange.web.controller.WalletController.getMyWallets() executed in 43 ms with result = <200 OK OK,[WalletResponseDto[id=2, address=0xe15299f163154c50ae7fe8b8c480b3f5, name=wallet2, isDefault=true, balances=[WalletBalanceResponseDto[id=11, symbol=BTC, cryptoName=Bitcoin, amount=5.00000000, currentPriceUsd=75865.9000, totalValueUsd=379329.500000000000], WalletBalanceResponseDto[id=9, symbol=XRP, cryptoName=XRP, amount=0E-8, currentPriceUsd=1.2900, totalValueUsd=0E-12], WalletBalanceResponseDto[id=10, symbol=SOL, cryptoName=Solana, amount=0E-8, currentPriceUsd=98.1900, totalValueUsd=0E-12], WalletBalanceResponseDto[id=12, symbol=ADA, cryptoName=Cardano, amount=0E-8, currentPriceUsd=0.1930, totalValueUsd=0E-12], WalletBalanceResponseDto[id=13, symbol=BNB, cryptoName=Binance Coin, amount=0E-8, currentPriceUsd=717.4300, totalValueUsd=0E-12], WalletBalanceResponseDto[id=16, symbol=DOGE, cryptoName=Dogecoin, amount=0E-8, currentPriceUsd=0.0799, totalValueUsd=0E-12], WalletBalanceResponseDto[id=15, symbol=ETH, cryptoName=Ethereum, amount=0E-8, currentPriceUsd=2405.8400, totalValueUsd=0E-12], WalletBalanceResponseDto[id=14, symbol=USDT, cryptoName=Tether, amount=0E-8, currentPriceUsd=1.0000, totalValueUsd=0E-12]]], WalletResponseDto[id=1, address=0x41722b9bb3eb456ea150a0f9433870a4, name=wallet1, isDefault=false, balances=[WalletBalanceResponseDto[id=4, symbol=USDT, cryptoName=Tether, amount=0E-8, currentPriceUsd=1.0000, totalValueUsd=0E-12], WalletBalanceResponseDto[id=8, symbol=DOGE, cryptoName=Dogecoin, amount=0E-8, currentPriceUsd=0.0799, totalValueUsd=0E-12], WalletBalanceResponseDto[id=5, symbol=XRP, cryptoName=XRP, amount=0E-8, currentPriceUsd=1.2900, totalValueUsd=0E-12], WalletBalanceResponseDto[id=2, symbol=BTC, cryptoName=Bitcoin, amount=5.00000000, currentPriceUsd=75865.9000, totalValueUsd=379329.500000000000], WalletBalanceResponseDto[id=7, symbol=BNB, cryptoName=Binance Coin, amount=0E-8, currentPriceUsd=717.4300, totalValueUsd=0E-12], WalletBalanceResponseDto[id=6, symbol=SOL, cryptoName=Solana, amount=0E-8, currentPriceUsd=98.1900, totalValueUsd=0E-12], WalletBalanceResponseDto[id=1, symbol=ADA, cryptoName=Cardano, amount=0E-8, currentPriceUsd=0.1930, totalValueUsd=0E-12], WalletBalanceResponseDto[id=3, symbol=ETH, cryptoName=Ethereum, amount=0E-8, currentPriceUsd=2405.8400, totalValueUsd=0E-12]]]],[]>
2026-09-16 22:21:33.125 [http-nio-8080-exec-7] INFO  c.c.e.core.aspect.LoggingAspect - Enter: com.crypto.exchange.web.controller.TransferController.transfer() with argument(s) = [com.crypto.exchange.web.security.UserPrincipal@6062491a, TransferRequestDto[fromWalletId=2, recipientAddress=0x41722b9bb3eb456ea150a0f9433870a4, cryptoId=11, amount=5]]
2026-09-16 22:21:33.126 [http-nio-8080-exec-7] INFO  c.c.e.core.aspect.LoggingAspect - Enter: com.crypto.exchange.core.service.implementation.TransferServiceImpl.transfer() with argument(s) = [1, TransferRequestDto[fromWalletId=2, recipientAddress=0x41722b9bb3eb456ea150a0f9433870a4, cryptoId=11, amount=5]]
2026-09-16 22:21:33.146 [http-nio-8080-exec-7] ERROR c.c.e.core.aspect.LoggingAspect - Exception in com.crypto.exchange.core.service.implementation.TransferServiceImpl.transfer() with cause = 'NULL' and exception = 'Crypto currency not found with id: 11'
2026-09-16 22:21:33.148 [http-nio-8080-exec-7] ERROR c.c.e.core.aspect.LoggingAspect - Exception in com.crypto.exchange.web.controller.TransferController.transfer() with cause = 'NULL' and exception = 'Crypto currency not found with id: 11'
2026-09-16 22:21:33.150 [http-nio-8080-exec-7] WARN  c.c.e.c.e.GlobalExceptionHandler - Resource not found: Crypto currency not found with id: 11
2026-09-16 22:21:33.153 [http-nio-8080-exec-7] WARN  o.s.w.s.m.m.a.ExceptionHandlerExceptionResolver - Resolved [com.crypto.exchange.core.exception.ResourceNotFoundException: Crypto currency not found with id: 11]
2026-09-16 22:21:46.573 [http-nio-8080-exec-8] INFO  c.c.e.core.aspect.LoggingAspect - Enter: com.crypto.exchange.web.controller.TransferController.transfer() with argument(s) = [com.crypto.exchange.web.security.UserPrincipal@15edb4e2, TransferRequestDto[fromWalletId=2, recipientAddress=0x41722b9bb3eb456ea150a0f9433870a4, cryptoId=2, amount=10]]
2026-09-16 22:21:46.574 [http-nio-8080-exec-8] INFO  c.c.e.core.aspect.LoggingAspect - Enter: com.crypto.exchange.core.service.implementation.TransferServiceImpl.transfer() with argument(s) = [1, TransferRequestDto[fromWalletId=2, recipientAddress=0x41722b9bb3eb456ea150a0f9433870a4, cryptoId=2, amount=10]]
2026-09-16 22:21:46.611 [http-nio-8080-exec-8] ERROR c.c.e.core.aspect.LoggingAspect - Exception in com.crypto.exchange.core.service.implementation.TransferServiceImpl.transfer() with cause = 'NULL' and exception = 'Insufficient funds or balance entry not found'
2026-09-16 22:21:46.612 [http-nio-8080-exec-8] ERROR c.c.e.core.aspect.LoggingAspect - Exception in com.crypto.exchange.web.controller.TransferController.transfer() with cause = 'NULL' and exception = 'Insufficient funds or balance entry not found'
2026-09-16 22:21:46.614 [http-nio-8080-exec-8] WARN  o.s.w.s.m.m.a.ExceptionHandlerExceptionResolver - Failure in @ExceptionHandler com.crypto.exchange.core.exception.GlobalExceptionHandler#handleValidationExceptions(MethodArgumentNotValidException)
java.lang.IllegalStateException: Could not resolve parameter [0] in public com.crypto.exchange.core.exception.ErrorResponse com.crypto.exchange.core.exception.GlobalExceptionHandler.handleValidationExceptions(org.springframework.web.bind.MethodArgumentNotValidException): No suitable resolver
	at org.springframework.web.method.support.InvocableHandlerMethod.getMethodArgumentValues(InvocableHandlerMethod.java:221)
	at org.springframework.web.method.support.InvocableHandlerMethod.invokeForRequest(InvocableHandlerMethod.java:178)
	at org.springframework.web.servlet.mvc.method.annotation.ServletInvocableHandlerMethod.invokeAndHandle(ServletInvocableHandlerMethod.java:118)
	at org.springframework.web.servlet.mvc.method.annotation.ExceptionHandlerExceptionResolver.doResolveHandlerMethodException(ExceptionHandlerExceptionResolver.java:432)
	at org.springframework.web.servlet.handler.AbstractHandlerMethodExceptionResolver.doResolveException(AbstractHandlerMethodExceptionResolver.java:74)
	at org.springframework.web.servlet.handler.AbstractHandlerExceptionResolver.resolveException(AbstractHandlerExceptionResolver.java:175)
	at org.springframework.web.servlet.handler.HandlerExceptionResolverComposite.resolveException(HandlerExceptionResolverComposite.java:80)
	at org.springframework.web.servlet.DispatcherServlet.processHandlerException(DispatcherServlet.java:1357)
	at org.springframework.web.servlet.DispatcherServlet.processDispatchResult(DispatcherServlet.java:1160)
	at org.springframework.web.servlet.DispatcherServlet.doDispatch(DispatcherServlet.java:1106)
	at org.springframework.web.servlet.DispatcherServlet.doService(DispatcherServlet.java:979)
	at org.springframework.web.servlet.FrameworkServlet.processRequest(FrameworkServlet.java:1014)
	at org.springframework.web.servlet.FrameworkServlet.doPost(FrameworkServlet.java:914)
	at jakarta.servlet.http.HttpServlet.service(HttpServlet.java:590)
	at org.springframework.web.servlet.FrameworkServlet.service(FrameworkServlet.java:885)
	at jakarta.servlet.http.HttpServlet.service(HttpServlet.java:658)
	at org.apache.catalina.core.ApplicationFilterChain.internalDoFilter(ApplicationFilterChain.java:206)
	at org.apache.catalina.core.ApplicationFilterChain.doFilter(ApplicationFilterChain.java:150)
	at org.apache.tomcat.websocket.server.WsFilter.doFilter(WsFilter.java:51)
	at org.apache.catalina.core.ApplicationFilterChain.internalDoFilter(ApplicationFilterChain.java:175)
	at org.apache.catalina.core.ApplicationFilterChain.doFilter(ApplicationFilterChain.java:150)
	at org.springframework.web.filter.OncePerRequestFilter.doFilter(OncePerRequestFilter.java:110)
	at org.apache.catalina.core.ApplicationFilterChain.internalDoFilter(ApplicationFilterChain.java:175)
	at org.apache.catalina.core.ApplicationFilterChain.doFilter(ApplicationFilterChain.java:150)
	at org.springframework.web.filter.CompositeFilter$VirtualFilterChain.doFilter(CompositeFilter.java:108)
	at org.springframework.security.web.FilterChainProxy.lambda$doFilterInternal$3(FilterChainProxy.java:231)
	at org.springframework.security.web.FilterChainProxy$VirtualFilterChain.doFilter(FilterChainProxy.java:365)
	at org.springframework.security.web.access.intercept.AuthorizationFilter.doFilter(AuthorizationFilter.java:100)
	at org.springframework.security.web.FilterChainProxy$VirtualFilterChain.doFilter(FilterChainProxy.java:374)
	at org.springframework.security.web.access.ExceptionTranslationFilter.doFilter(ExceptionTranslationFilter.java:126)
	at org.springframework.security.web.access.ExceptionTranslationFilter.doFilter(ExceptionTranslationFilter.java:120)
	at org.springframework.security.web.FilterChainProxy$VirtualFilterChain.doFilter(FilterChainProxy.java:374)
	at org.springframework.security.web.session.SessionManagementFilter.doFilter(SessionManagementFilter.java:131)
	at org.springframework.security.web.session.SessionManagementFilter.doFilter(SessionManagementFilter.java:85)
	at org.springframework.security.web.FilterChainProxy$VirtualFilterChain.doFilter(FilterChainProxy.java:374)
	at org.springframework.security.web.authentication.AnonymousAuthenticationFilter.doFilter(AnonymousAuthenticationFilter.java:100)
	at org.springframework.security.web.FilterChainProxy$VirtualFilterChain.doFilter(FilterChainProxy.java:374)
	at org.springframework.security.web.servletapi.SecurityContextHolderAwareRequestFilter.doFilter(SecurityContextHolderAwareRequestFilter.java:179)
	at org.springframework.security.web.FilterChainProxy$VirtualFilterChain.doFilter(FilterChainProxy.java:374)
	at org.springframework.security.web.savedrequest.RequestCacheAwareFilter.doFilter(RequestCacheAwareFilter.java:63)
	at org.springframework.security.web.FilterChainProxy$VirtualFilterChain.doFilter(FilterChainProxy.java:374)
	at com.crypto.exchange.web.security.JwtAuthenticationFilter.doFilterInternal(JwtAuthenticationFilter.java:49)
	at org.springframework.web.filter.OncePerRequestFilter.doFilter(OncePerRequestFilter.java:116)
	at org.springframework.security.web.FilterChainProxy$VirtualFilterChain.doFilter(FilterChainProxy.java:374)
	at org.springframework.security.web.authentication.logout.LogoutFilter.doFilter(LogoutFilter.java:107)
	at org.springframework.security.web.authentication.logout.LogoutFilter.doFilter(LogoutFilter.java:93)
	at org.springframework.security.web.FilterChainProxy$VirtualFilterChain.doFilter(FilterChainProxy.java:374)
	at org.springframework.web.filter.CorsFilter.doFilterInternal(CorsFilter.java:91)
	at org.springframework.web.filter.OncePerRequestFilter.doFilter(OncePerRequestFilter.java:116)
	at org.springframework.security.web.FilterChainProxy$VirtualFilterChain.doFilter(FilterChainProxy.java:374)
	at org.springframework.security.web.header.HeaderWriterFilter.doHeadersAfter(HeaderWriterFilter.java:90)
	at org.springframework.security.web.header.HeaderWriterFilter.doFilterInternal(HeaderWriterFilter.java:75)
	at org.springframework.web.filter.OncePerRequestFilter.doFilter(OncePerRequestFilter.java:116)
	at org.springframework.security.web.FilterChainProxy$VirtualFilterChain.doFilter(FilterChainProxy.java:374)
	at org.springframework.security.web.context.SecurityContextHolderFilter.doFilter(SecurityContextHolderFilter.java:82)
	at org.springframework.security.web.context.SecurityContextHolderFilter.doFilter(SecurityContextHolderFilter.java:69)
	at org.springframework.security.web.FilterChainProxy$VirtualFilterChain.doFilter(FilterChainProxy.java:374)
	at org.springframework.security.web.context.request.async.WebAsyncManagerIntegrationFilter.doFilterInternal(WebAsyncManagerIntegrationFilter.java:62)
	at org.springframework.web.filter.OncePerRequestFilter.doFilter(OncePerRequestFilter.java:116)
	at org.springframework.security.web.FilterChainProxy$VirtualFilterChain.doFilter(FilterChainProxy.java:374)
	at org.springframework.security.web.session.DisableEncodeUrlFilter.doFilterInternal(DisableEncodeUrlFilter.java:42)
	at org.springframework.web.filter.OncePerRequestFilter.doFilter(OncePerRequestFilter.java:116)
	at org.springframework.security.web.FilterChainProxy$VirtualFilterChain.doFilter(FilterChainProxy.java:374)
	at org.springframework.security.web.FilterChainProxy.doFilterInternal(FilterChainProxy.java:233)
	at org.springframework.security.web.FilterChainProxy.doFilter(FilterChainProxy.java:191)
	at org.springframework.web.filter.CompositeFilter$VirtualFilterChain.doFilter(CompositeFilter.java:113)
	at org.springframework.web.servlet.handler.HandlerMappingIntrospector.lambda$createCacheFilter$3(HandlerMappingIntrospector.java:195)
	at org.springframework.web.filter.CompositeFilter$VirtualFilterChain.doFilter(CompositeFilter.java:113)
	at org.springframework.web.filter.CompositeFilter.doFilter(CompositeFilter.java:74)
	at org.springframework.security.config.annotation.web.configuration.WebMvcSecurityConfiguration$CompositeFilterChainProxy.doFilter(WebMvcSecurityConfiguration.java:230)
	at org.springframework.web.filter.DelegatingFilterProxy.invokeDelegate(DelegatingFilterProxy.java:352)
	at org.springframework.web.filter.DelegatingFilterProxy.doFilter(DelegatingFilterProxy.java:268)
	at org.apache.catalina.core.ApplicationFilterChain.internalDoFilter(ApplicationFilterChain.java:175)
	at org.apache.catalina.core.ApplicationFilterChain.doFilter(ApplicationFilterChain.java:150)
	at org.springframework.web.filter.RequestContextFilter.doFilterInternal(RequestContextFilter.java:100)
	at org.springframework.web.filter.OncePerRequestFilter.doFilter(OncePerRequestFilter.java:116)
	at org.apache.catalina.core.ApplicationFilterChain.internalDoFilter(ApplicationFilterChain.java:175)
	at org.apache.catalina.core.ApplicationFilterChain.doFilter(ApplicationFilterChain.java:150)
	at org.springframework.web.filter.FormContentFilter.doFilterInternal(FormContentFilter.java:93)
	at org.springframework.web.filter.OncePerRequestFilter.doFilter(OncePerRequestFilter.java:116)
	at org.apache.catalina.core.ApplicationFilterChain.internalDoFilter(ApplicationFilterChain.java:175)
	at org.apache.catalina.core.ApplicationFilterChain.doFilter(ApplicationFilterChain.java:150)
	at org.springframework.web.filter.CharacterEncodingFilter.doFilterInternal(CharacterEncodingFilter.java:201)
	at org.springframework.web.filter.OncePerRequestFilter.doFilter(OncePerRequestFilter.java:116)
	at org.apache.catalina.core.ApplicationFilterChain.internalDoFilter(ApplicationFilterChain.java:175)
	at org.apache.catalina.core.ApplicationFilterChain.doFilter(ApplicationFilterChain.java:150)
	at org.apache.catalina.core.StandardWrapperValve.invoke(StandardWrapperValve.java:167)
	at org.apache.catalina.core.StandardContextValve.invoke(StandardContextValve.java:90)
	at org.apache.catalina.authenticator.AuthenticatorBase.invoke(AuthenticatorBase.java:482)
	at org.apache.catalina.core.StandardHostValve.invoke(StandardHostValve.java:115)
	at org.apache.catalina.valves.ErrorReportValve.invoke(ErrorReportValve.java:93)
	at org.apache.catalina.core.StandardEngineValve.invoke(StandardEngineValve.java:74)
	at org.apache.catalina.connector.CoyoteAdapter.service(CoyoteAdapter.java:344)
	at org.apache.coyote.http11.Http11Processor.service(Http11Processor.java:391)
	at org.apache.coyote.AbstractProcessorLight.process(AbstractProcessorLight.java:63)
	at org.apache.coyote.AbstractProtocol$ConnectionHandler.process(AbstractProtocol.java:896)
	at org.apache.tomcat.util.net.NioEndpoint$SocketProcessor.doRun(NioEndpoint.java:1736)
	at org.apache.tomcat.util.net.SocketProcessorBase.run(SocketProcessorBase.java:52)
	at org.apache.tomcat.util.threads.ThreadPoolExecutor.runWorker(ThreadPoolExecutor.java:1191)
	at org.apache.tomcat.util.threads.ThreadPoolExecutor$Worker.run(ThreadPoolExecutor.java:659)
	at org.apache.tomcat.util.threads.TaskThread$WrappingRunnable.run(TaskThread.java:63)
	at java.base/java.lang.Thread.run(Thread.java:1575)
2026-09-16 22:21:46.617 [http-nio-8080-exec-8] WARN  o.s.w.s.m.a.ResponseStatusExceptionResolver - Resolved [com.crypto.exchange.core.exception.InsufficientFundsException: Insufficient funds or balance entry not found]
2026-09-16 22:22:21.847 [http-nio-8080-exec-9] INFO  c.c.e.core.aspect.LoggingAspect - Enter: com.crypto.exchange.web.controller.TransferController.transfer() with argument(s) = [com.crypto.exchange.web.security.UserPrincipal@68e9e87b, TransferRequestDto[fromWalletId=2, recipientAddress=0x41722b9bb3eb456ea150a0f9433870a4, cryptoId=11, amount=5]]
2026-09-16 22:22:21.849 [http-nio-8080-exec-9] INFO  c.c.e.core.aspect.LoggingAspect - Enter: com.crypto.exchange.core.service.implementation.TransferServiceImpl.transfer() with argument(s) = [1, TransferRequestDto[fromWalletId=2, recipientAddress=0x41722b9bb3eb456ea150a0f9433870a4, cryptoId=11, amount=5]]
2026-09-16 22:22:21.856 [http-nio-8080-exec-9] ERROR c.c.e.core.aspect.LoggingAspect - Exception in com.crypto.exchange.core.service.implementation.TransferServiceImpl.transfer() with cause = 'NULL' and exception = 'Crypto currency not found with id: 11'
2026-09-16 22:22:21.857 [http-nio-8080-exec-9] ERROR c.c.e.core.aspect.LoggingAspect - Exception in com.crypto.exchange.web.controller.TransferController.transfer() with cause = 'NULL' and exception = 'Crypto currency not found with id: 11'
2026-09-16 22:22:21.857 [http-nio-8080-exec-9] WARN  c.c.e.c.e.GlobalExceptionHandler - Resource not found: Crypto currency not found with id: 11
2026-09-16 22:22:21.859 [http-nio-8080-exec-9] WARN  o.s.w.s.m.m.a.ExceptionHandlerExceptionResolver - Resolved [com.crypto.exchange.core.exception.ResourceNotFoundException: Crypto currency not found with id: 11]
2026-09-16 22:22:26.863 [http-nio-8080-exec-3] INFO  c.c.e.core.aspect.LoggingAspect - Enter: com.crypto.exchange.web.controller.TransferController.transfer() with argument(s) = [com.crypto.exchange.web.security.UserPrincipal@6119d508, TransferRequestDto[fromWalletId=2, recipientAddress=0x41722b9bb3eb456ea150a0f9433870a4, cryptoId=2, amount=5]]
2026-09-16 22:22:26.865 [http-nio-8080-exec-3] INFO  c.c.e.core.aspect.LoggingAspect - Enter: com.crypto.exchange.core.service.implementation.TransferServiceImpl.transfer() with argument(s) = [1, TransferRequestDto[fromWalletId=2, recipientAddress=0x41722b9bb3eb456ea150a0f9433870a4, cryptoId=2, amount=5]]
2026-09-16 22:22:26.893 [http-nio-8080-exec-3] WARN  o.h.e.jdbc.spi.SqlExceptionHelper - SQL Error: 0, SQLState: 23514
2026-09-16 22:22:26.893 [http-nio-8080-exec-3] ERROR o.h.e.jdbc.spi.SqlExceptionHelper - ERROR: new row for relation "transactions" violates check constraint "transactions_type_check"
  Подробности: Failing row contains (1, 2026-09-16 22:22:26.879895+03, 5.00000000, 5.00000000, TRANSFER, 2, 2, 2, 1, 1).
2026-09-16 22:22:26.901 [http-nio-8080-exec-3] ERROR c.c.e.core.aspect.LoggingAspect - Exception in com.crypto.exchange.core.service.implementation.TransferServiceImpl.transfer() with cause = 'org.hibernate.exception.ConstraintViolationException: could not execute statement [ERROR: new row for relation "transactions" violates check constraint "transactions_type_check"
  Подробности: Failing row contains (1, 2026-09-16 22:22:26.879895+03, 5.00000000, 5.00000000, TRANSFER, 2, 2, 2, 1, 1).] [insert into transactions (created_at,from_amount,from_crypto_id,from_wallet_id,to_amount,to_crypto_id,to_wallet_id,type,user_id) values (?,?,?,?,?,?,?,?,?)]' and exception = 'could not execute statement [ERROR: new row for relation "transactions" violates check constraint "transactions_type_check"
  Подробности: Failing row contains (1, 2026-09-16 22:22:26.879895+03, 5.00000000, 5.00000000, TRANSFER, 2, 2, 2, 1, 1).] [insert into transactions (created_at,from_amount,from_crypto_id,from_wallet_id,to_amount,to_crypto_id,to_wallet_id,type,user_id) values (?,?,?,?,?,?,?,?,?)]; SQL [insert into transactions (created_at,from_amount,from_crypto_id,from_wallet_id,to_amount,to_crypto_id,to_wallet_id,type,user_id) values (?,?,?,?,?,?,?,?,?)]; constraint [transactions_type_check]'
2026-09-16 22:22:26.902 [http-nio-8080-exec-3] ERROR c.c.e.core.aspect.LoggingAspect - Exception in com.crypto.exchange.web.controller.TransferController.transfer() with cause = 'org.hibernate.exception.ConstraintViolationException: could not execute statement [ERROR: new row for relation "transactions" violates check constraint "transactions_type_check"
  Подробности: Failing row contains (1, 2026-09-16 22:22:26.879895+03, 5.00000000, 5.00000000, TRANSFER, 2, 2, 2, 1, 1).] [insert into transactions (created_at,from_amount,from_crypto_id,from_wallet_id,to_amount,to_crypto_id,to_wallet_id,type,user_id) values (?,?,?,?,?,?,?,?,?)]' and exception = 'could not execute statement [ERROR: new row for relation "transactions" violates check constraint "transactions_type_check"
  Подробности: Failing row contains (1, 2026-09-16 22:22:26.879895+03, 5.00000000, 5.00000000, TRANSFER, 2, 2, 2, 1, 1).] [insert into transactions (created_at,from_amount,from_crypto_id,from_wallet_id,to_amount,to_crypto_id,to_wallet_id,type,user_id) values (?,?,?,?,?,?,?,?,?)]; SQL [insert into transactions (created_at,from_amount,from_crypto_id,from_wallet_id,to_amount,to_crypto_id,to_wallet_id,type,user_id) values (?,?,?,?,?,?,?,?,?)]; constraint [transactions_type_check]'
2026-09-16 22:22:26.902 [http-nio-8080-exec-3] ERROR c.c.e.c.e.GlobalExceptionHandler - Unhandled Internal Server Error
org.springframework.dao.DataIntegrityViolationException: could not execute statement [ERROR: new row for relation "transactions" violates check constraint "transactions_type_check"
  Подробности: Failing row contains (1, 2026-09-16 22:22:26.879895+03, 5.00000000, 5.00000000, TRANSFER, 2, 2, 2, 1, 1).] [insert into transactions (created_at,from_amount,from_crypto_id,from_wallet_id,to_amount,to_crypto_id,to_wallet_id,type,user_id) values (?,?,?,?,?,?,?,?,?)]; SQL [insert into transactions (created_at,from_amount,from_crypto_id,from_wallet_id,to_amount,to_crypto_id,to_wallet_id,type,user_id) values (?,?,?,?,?,?,?,?,?)]; constraint [transactions_type_check]
	at org.springframework.orm.jpa.vendor.HibernateJpaDialect.convertHibernateAccessException(HibernateJpaDialect.java:290)
	at org.springframework.orm.jpa.vendor.HibernateJpaDialect.translateExceptionIfPossible(HibernateJpaDialect.java:241)
	at org.springframework.orm.jpa.AbstractEntityManagerFactoryBean.translateExceptionIfPossible(AbstractEntityManagerFactoryBean.java:550)
	at org.springframework.dao.support.ChainedPersistenceExceptionTranslator.translateExceptionIfPossible(ChainedPersistenceExceptionTranslator.java:61)
	at org.springframework.dao.support.DataAccessUtils.translateIfNecessary(DataAccessUtils.java:335)
	at org.springframework.dao.support.PersistenceExceptionTranslationInterceptor.invoke(PersistenceExceptionTranslationInterceptor.java:152)
	at org.springframework.aop.framework.ReflectiveMethodInvocation.proceed(ReflectiveMethodInvocation.java:184)
	at org.springframework.data.jpa.repository.support.CrudMethodMetadataPostProcessor$CrudMethodMetadataPopulatingMethodInterceptor.invoke(CrudMethodMetadataPostProcessor.java:164)
	at org.springframework.aop.framework.ReflectiveMethodInvocation.proceed(ReflectiveMethodInvocation.java:184)
	at org.springframework.aop.interceptor.ExposeInvocationInterceptor.invoke(ExposeInvocationInterceptor.java:97)
	at org.springframework.aop.framework.ReflectiveMethodInvocation.proceed(ReflectiveMethodInvocation.java:184)
	at org.springframework.aop.framework.JdkDynamicAopProxy.invoke(JdkDynamicAopProxy.java:223)
	at jdk.proxy4/jdk.proxy4.$Proxy167.save(Unknown Source)
	at com.crypto.exchange.core.service.implementation.TransferServiceImpl.transfer(TransferServiceImpl.java:89)
	at java.base/jdk.internal.reflect.DirectMethodHandleAccessor.invoke(DirectMethodHandleAccessor.java:103)
	at java.base/java.lang.reflect.Method.invoke(Method.java:580)
	at org.springframework.aop.support.AopUtils.invokeJoinpointUsingReflection(AopUtils.java:354)
	at org.springframework.aop.framework.ReflectiveMethodInvocation.invokeJoinpoint(ReflectiveMethodInvocation.java:196)
	at org.springframework.aop.framework.ReflectiveMethodInvocation.proceed(ReflectiveMethodInvocation.java:163)
	at org.springframework.aop.framework.CglibAopProxy$CglibMethodInvocation.proceed(CglibAopProxy.java:768)
	at org.springframework.aop.aspectj.MethodInvocationProceedingJoinPoint.proceed(MethodInvocationProceedingJoinPoint.java:89)
	at com.crypto.exchange.core.aspect.LoggingAspect.logExecutionDetails(LoggingAspect.java:37)
	at java.base/jdk.internal.reflect.DirectMethodHandleAccessor.invoke(DirectMethodHandleAccessor.java:103)
	at java.base/java.lang.reflect.Method.invoke(Method.java:580)
	at org.springframework.aop.aspectj.AbstractAspectJAdvice.invokeAdviceMethodWithGivenArgs(AbstractAspectJAdvice.java:637)
	at org.springframework.aop.aspectj.AbstractAspectJAdvice.invokeAdviceMethod(AbstractAspectJAdvice.java:627)
	at org.springframework.aop.aspectj.AspectJAroundAdvice.invoke(AspectJAroundAdvice.java:71)
	at org.springframework.aop.framework.ReflectiveMethodInvocation.proceed(ReflectiveMethodInvocation.java:184)
	at org.springframework.aop.framework.CglibAopProxy$CglibMethodInvocation.proceed(CglibAopProxy.java:768)
	at org.springframework.transaction.interceptor.TransactionInterceptor$1.proceedWithInvocation(TransactionInterceptor.java:123)
	at org.springframework.transaction.interceptor.TransactionAspectSupport.invokeWithinTransaction(TransactionAspectSupport.java:392)
	at org.springframework.transaction.interceptor.TransactionInterceptor.invoke(TransactionInterceptor.java:119)
	at org.springframework.aop.framework.ReflectiveMethodInvocation.proceed(ReflectiveMethodInvocation.java:184)
	at org.springframework.aop.framework.CglibAopProxy$CglibMethodInvocation.proceed(CglibAopProxy.java:768)
	at org.springframework.aop.interceptor.ExposeInvocationInterceptor.invoke(ExposeInvocationInterceptor.java:97)
	at org.springframework.aop.framework.ReflectiveMethodInvocation.proceed(ReflectiveMethodInvocation.java:184)
	at org.springframework.aop.framework.CglibAopProxy$CglibMethodInvocation.proceed(CglibAopProxy.java:768)
	at org.springframework.aop.framework.CglibAopProxy$DynamicAdvisedInterceptor.intercept(CglibAopProxy.java:720)
	at com.crypto.exchange.core.service.implementation.TransferServiceImpl$$SpringCGLIB$$0.transfer(<generated>)
	at com.crypto.exchange.web.controller.TransferController.transfer(TransferController.java:34)
	at java.base/jdk.internal.reflect.DirectMethodHandleAccessor.invoke(DirectMethodHandleAccessor.java:103)
	at java.base/java.lang.reflect.Method.invoke(Method.java:580)
	at org.springframework.aop.support.AopUtils.invokeJoinpointUsingReflection(AopUtils.java:354)
	at org.springframework.aop.framework.ReflectiveMethodInvocation.invokeJoinpoint(ReflectiveMethodInvocation.java:196)
	at org.springframework.aop.framework.ReflectiveMethodInvocation.proceed(ReflectiveMethodInvocation.java:163)
	at org.springframework.aop.framework.CglibAopProxy$CglibMethodInvocation.proceed(CglibAopProxy.java:768)
	at org.springframework.aop.aspectj.MethodInvocationProceedingJoinPoint.proceed(MethodInvocationProceedingJoinPoint.java:89)
	at com.crypto.exchange.core.aspect.LoggingAspect.logExecutionDetails(LoggingAspect.java:37)
	at java.base/jdk.internal.reflect.DirectMethodHandleAccessor.invoke(DirectMethodHandleAccessor.java:103)
	at java.base/java.lang.reflect.Method.invoke(Method.java:580)
	at org.springframework.aop.aspectj.AbstractAspectJAdvice.invokeAdviceMethodWithGivenArgs(AbstractAspectJAdvice.java:637)
	at org.springframework.aop.aspectj.AbstractAspectJAdvice.invokeAdviceMethod(AbstractAspectJAdvice.java:627)
	at org.springframework.aop.aspectj.AspectJAroundAdvice.invoke(AspectJAroundAdvice.java:71)
	at org.springframework.aop.framework.ReflectiveMethodInvocation.proceed(ReflectiveMethodInvocation.java:184)
	at org.springframework.aop.framework.CglibAopProxy$CglibMethodInvocation.proceed(CglibAopProxy.java:768)
	at org.springframework.aop.interceptor.ExposeInvocationInterceptor.invoke(ExposeInvocationInterceptor.java:97)
	at org.springframework.aop.framework.ReflectiveMethodInvocation.proceed(ReflectiveMethodInvocation.java:184)
	at org.springframework.aop.framework.CglibAopProxy$CglibMethodInvocation.proceed(CglibAopProxy.java:768)
	at org.springframework.aop.framework.CglibAopProxy$DynamicAdvisedInterceptor.intercept(CglibAopProxy.java:720)
	at com.crypto.exchange.web.controller.TransferController$$SpringCGLIB$$0.transfer(<generated>)
	at java.base/jdk.internal.reflect.DirectMethodHandleAccessor.invoke(DirectMethodHandleAccessor.java:103)
	at java.base/java.lang.reflect.Method.invoke(Method.java:580)
	at org.springframework.web.method.support.InvocableHandlerMethod.doInvoke(InvocableHandlerMethod.java:255)
	at org.springframework.web.method.support.InvocableHandlerMethod.invokeForRequest(InvocableHandlerMethod.java:188)
	at org.springframework.web.servlet.mvc.method.annotation.ServletInvocableHandlerMethod.invokeAndHandle(ServletInvocableHandlerMethod.java:118)
	at org.springframework.web.servlet.mvc.method.annotation.RequestMappingHandlerAdapter.invokeHandlerMethod(RequestMappingHandlerAdapter.java:926)
	at org.springframework.web.servlet.mvc.method.annotation.RequestMappingHandlerAdapter.handleInternal(RequestMappingHandlerAdapter.java:831)
	at org.springframework.web.servlet.mvc.method.AbstractHandlerMethodAdapter.handle(AbstractHandlerMethodAdapter.java:87)
	at org.springframework.web.servlet.DispatcherServlet.doDispatch(DispatcherServlet.java:1089)
	at org.springframework.web.servlet.DispatcherServlet.doService(DispatcherServlet.java:979)
	at org.springframework.web.servlet.FrameworkServlet.processRequest(FrameworkServlet.java:1014)
	at org.springframework.web.servlet.FrameworkServlet.doPost(FrameworkServlet.java:914)
	at jakarta.servlet.http.HttpServlet.service(HttpServlet.java:590)
	at org.springframework.web.servlet.FrameworkServlet.service(FrameworkServlet.java:885)
	at jakarta.servlet.http.HttpServlet.service(HttpServlet.java:658)
	at org.apache.catalina.core.ApplicationFilterChain.internalDoFilter(ApplicationFilterChain.java:206)
	at org.apache.catalina.core.ApplicationFilterChain.doFilter(ApplicationFilterChain.java:150)
	at org.apache.tomcat.websocket.server.WsFilter.doFilter(WsFilter.java:51)
	at org.apache.catalina.core.ApplicationFilterChain.internalDoFilter(ApplicationFilterChain.java:175)
	at org.apache.catalina.core.ApplicationFilterChain.doFilter(ApplicationFilterChain.java:150)
	at org.springframework.web.filter.OncePerRequestFilter.doFilter(OncePerRequestFilter.java:110)
	at org.apache.catalina.core.ApplicationFilterChain.internalDoFilter(ApplicationFilterChain.java:175)
	at org.apache.catalina.core.ApplicationFilterChain.doFilter(ApplicationFilterChain.java:150)
	at org.springframework.web.filter.CompositeFilter$VirtualFilterChain.doFilter(CompositeFilter.java:108)
	at org.springframework.security.web.FilterChainProxy.lambda$doFilterInternal$3(FilterChainProxy.java:231)
	at org.springframework.security.web.FilterChainProxy$VirtualFilterChain.doFilter(FilterChainProxy.java:365)
	at org.springframework.security.web.access.intercept.AuthorizationFilter.doFilter(AuthorizationFilter.java:100)
	at org.springframework.security.web.FilterChainProxy$VirtualFilterChain.doFilter(FilterChainProxy.java:374)
	at org.springframework.security.web.access.ExceptionTranslationFilter.doFilter(ExceptionTranslationFilter.java:126)
	at org.springframework.security.web.access.ExceptionTranslationFilter.doFilter(ExceptionTranslationFilter.java:120)
	at org.springframework.security.web.FilterChainProxy$VirtualFilterChain.doFilter(FilterChainProxy.java:374)
	at org.springframework.security.web.session.SessionManagementFilter.doFilter(SessionManagementFilter.java:131)
	at org.springframework.security.web.session.SessionManagementFilter.doFilter(SessionManagementFilter.java:85)
	at org.springframework.security.web.FilterChainProxy$VirtualFilterChain.doFilter(FilterChainProxy.java:374)
	at org.springframework.security.web.authentication.AnonymousAuthenticationFilter.doFilter(AnonymousAuthenticationFilter.java:100)
	at org.springframework.security.web.FilterChainProxy$VirtualFilterChain.doFilter(FilterChainProxy.java:374)
	at org.springframework.security.web.servletapi.SecurityContextHolderAwareRequestFilter.doFilter(SecurityContextHolderAwareRequestFilter.java:179)
	at org.springframework.security.web.FilterChainProxy$VirtualFilterChain.doFilter(FilterChainProxy.java:374)
	at org.springframework.security.web.savedrequest.RequestCacheAwareFilter.doFilter(RequestCacheAwareFilter.java:63)
	at org.springframework.security.web.FilterChainProxy$VirtualFilterChain.doFilter(FilterChainProxy.java:374)
	at com.crypto.exchange.web.security.JwtAuthenticationFilter.doFilterInternal(JwtAuthenticationFilter.java:49)
	at org.springframework.web.filter.OncePerRequestFilter.doFilter(OncePerRequestFilter.java:116)
	at org.springframework.security.web.FilterChainProxy$VirtualFilterChain.doFilter(FilterChainProxy.java:374)
	at org.springframework.security.web.authentication.logout.LogoutFilter.doFilter(LogoutFilter.java:107)
	at org.springframework.security.web.authentication.logout.LogoutFilter.doFilter(LogoutFilter.java:93)
	at org.springframework.security.web.FilterChainProxy$VirtualFilterChain.doFilter(FilterChainProxy.java:374)
	at org.springframework.web.filter.CorsFilter.doFilterInternal(CorsFilter.java:91)
	at org.springframework.web.filter.OncePerRequestFilter.doFilter(OncePerRequestFilter.java:116)
	at org.springframework.security.web.FilterChainProxy$VirtualFilterChain.doFilter(FilterChainProxy.java:374)
	at org.springframework.security.web.header.HeaderWriterFilter.doHeadersAfter(HeaderWriterFilter.java:90)
	at org.springframework.security.web.header.HeaderWriterFilter.doFilterInternal(HeaderWriterFilter.java:75)
	at org.springframework.web.filter.OncePerRequestFilter.doFilter(OncePerRequestFilter.java:116)
	at org.springframework.security.web.FilterChainProxy$VirtualFilterChain.doFilter(FilterChainProxy.java:374)
	at org.springframework.security.web.context.SecurityContextHolderFilter.doFilter(SecurityContextHolderFilter.java:82)
	at org.springframework.security.web.context.SecurityContextHolderFilter.doFilter(SecurityContextHolderFilter.java:69)
	at org.springframework.security.web.FilterChainProxy$VirtualFilterChain.doFilter(FilterChainProxy.java:374)
	at org.springframework.security.web.context.request.async.WebAsyncManagerIntegrationFilter.doFilterInternal(WebAsyncManagerIntegrationFilter.java:62)
	at org.springframework.web.filter.OncePerRequestFilter.doFilter(OncePerRequestFilter.java:116)
	at org.springframework.security.web.FilterChainProxy$VirtualFilterChain.doFilter(FilterChainProxy.java:374)
	at org.springframework.security.web.session.DisableEncodeUrlFilter.doFilterInternal(DisableEncodeUrlFilter.java:42)
	at org.springframework.web.filter.OncePerRequestFilter.doFilter(OncePerRequestFilter.java:116)
	at org.springframework.security.web.FilterChainProxy$VirtualFilterChain.doFilter(FilterChainProxy.java:374)
	at org.springframework.security.web.FilterChainProxy.doFilterInternal(FilterChainProxy.java:233)
	at org.springframework.security.web.FilterChainProxy.doFilter(FilterChainProxy.java:191)
	at org.springframework.web.filter.CompositeFilter$VirtualFilterChain.doFilter(CompositeFilter.java:113)
	at org.springframework.web.servlet.handler.HandlerMappingIntrospector.lambda$createCacheFilter$3(HandlerMappingIntrospector.java:195)
	at org.springframework.web.filter.CompositeFilter$VirtualFilterChain.doFilter(CompositeFilter.java:113)
	at org.springframework.web.filter.CompositeFilter.doFilter(CompositeFilter.java:74)
	at org.springframework.security.config.annotation.web.configuration.WebMvcSecurityConfiguration$CompositeFilterChainProxy.doFilter(WebMvcSecurityConfiguration.java:230)
	at org.springframework.web.filter.DelegatingFilterProxy.invokeDelegate(DelegatingFilterProxy.java:352)
	at org.springframework.web.filter.DelegatingFilterProxy.doFilter(DelegatingFilterProxy.java:268)
	at org.apache.catalina.core.ApplicationFilterChain.internalDoFilter(ApplicationFilterChain.java:175)
	at org.apache.catalina.core.ApplicationFilterChain.doFilter(ApplicationFilterChain.java:150)
	at org.springframework.web.filter.RequestContextFilter.doFilterInternal(RequestContextFilter.java:100)
	at org.springframework.web.filter.OncePerRequestFilter.doFilter(OncePerRequestFilter.java:116)
	at org.apache.catalina.core.ApplicationFilterChain.internalDoFilter(ApplicationFilterChain.java:175)
	at org.apache.catalina.core.ApplicationFilterChain.doFilter(ApplicationFilterChain.java:150)
	at org.springframework.web.filter.FormContentFilter.doFilterInternal(FormContentFilter.java:93)
	at org.springframework.web.filter.OncePerRequestFilter.doFilter(OncePerRequestFilter.java:116)
	at org.apache.catalina.core.ApplicationFilterChain.internalDoFilter(ApplicationFilterChain.java:175)
	at org.apache.catalina.core.ApplicationFilterChain.doFilter(ApplicationFilterChain.java:150)
	at org.springframework.web.filter.CharacterEncodingFilter.doFilterInternal(CharacterEncodingFilter.java:201)
	at org.springframework.web.filter.OncePerRequestFilter.doFilter(OncePerRequestFilter.java:116)
	at org.apache.catalina.core.ApplicationFilterChain.internalDoFilter(ApplicationFilterChain.java:175)
	at org.apache.catalina.core.ApplicationFilterChain.doFilter(ApplicationFilterChain.java:150)
	at org.apache.catalina.core.StandardWrapperValve.invoke(StandardWrapperValve.java:167)
	at org.apache.catalina.core.StandardContextValve.invoke(StandardContextValve.java:90)
	at org.apache.catalina.authenticator.AuthenticatorBase.invoke(AuthenticatorBase.java:482)
	at org.apache.catalina.core.StandardHostValve.invoke(StandardHostValve.java:115)
	at org.apache.catalina.valves.ErrorReportValve.invoke(ErrorReportValve.java:93)
	at org.apache.catalina.core.StandardEngineValve.invoke(StandardEngineValve.java:74)
	at org.apache.catalina.connector.CoyoteAdapter.service(CoyoteAdapter.java:344)
	at org.apache.coyote.http11.Http11Processor.service(Http11Processor.java:391)
	at org.apache.coyote.AbstractProcessorLight.process(AbstractProcessorLight.java:63)
	at org.apache.coyote.AbstractProtocol$ConnectionHandler.process(AbstractProtocol.java:896)
	at org.apache.tomcat.util.net.NioEndpoint$SocketProcessor.doRun(NioEndpoint.java:1736)
	at org.apache.tomcat.util.net.SocketProcessorBase.run(SocketProcessorBase.java:52)
	at org.apache.tomcat.util.threads.ThreadPoolExecutor.runWorker(ThreadPoolExecutor.java:1191)
	at org.apache.tomcat.util.threads.ThreadPoolExecutor$Worker.run(ThreadPoolExecutor.java:659)
	at org.apache.tomcat.util.threads.TaskThread$WrappingRunnable.run(TaskThread.java:63)
	at java.base/java.lang.Thread.run(Thread.java:1575)
Caused by: org.hibernate.exception.ConstraintViolationException: could not execute statement [ERROR: new row for relation "transactions" violates check constraint "transactions_type_check"
  Подробности: Failing row contains (1, 2026-09-16 22:22:26.879895+03, 5.00000000, 5.00000000, TRANSFER, 2, 2, 2, 1, 1).] [insert into transactions (created_at,from_amount,from_crypto_id,from_wallet_id,to_amount,to_crypto_id,to_wallet_id,type,user_id) values (?,?,?,?,?,?,?,?,?)]
	at org.hibernate.exception.internal.SQLStateConversionDelegate.convert(SQLStateConversionDelegate.java:97)
	at org.hibernate.exception.internal.StandardSQLExceptionConverter.convert(StandardSQLExceptionConverter.java:58)
	at org.hibernate.engine.jdbc.spi.SqlExceptionHelper.convert(SqlExceptionHelper.java:108)
	at org.hibernate.engine.jdbc.internal.ResultSetReturnImpl.executeUpdate(ResultSetReturnImpl.java:197)
	at org.hibernate.id.insert.GetGeneratedKeysDelegate.performInsert(GetGeneratedKeysDelegate.java:107)
	at org.hibernate.engine.jdbc.mutation.internal.MutationExecutorPostInsertSingleTable.execute(MutationExecutorPostInsertSingleTable.java:100)
	at org.hibernate.persister.entity.mutation.InsertCoordinator.doStaticInserts(InsertCoordinator.java:175)
	at org.hibernate.persister.entity.mutation.InsertCoordinator.coordinateInsert(InsertCoordinator.java:113)
	at org.hibernate.persister.entity.AbstractEntityPersister.insert(AbstractEntityPersister.java:2868)
	at org.hibernate.action.internal.EntityIdentityInsertAction.execute(EntityIdentityInsertAction.java:81)
	at org.hibernate.engine.spi.ActionQueue.execute(ActionQueue.java:670)
	at org.hibernate.engine.spi.ActionQueue.addResolvedEntityInsertAction(ActionQueue.java:291)
	at org.hibernate.engine.spi.ActionQueue.addInsertAction(ActionQueue.java:272)
	at org.hibernate.engine.spi.ActionQueue.addAction(ActionQueue.java:322)
	at org.hibernate.event.internal.AbstractSaveEventListener.addInsertAction(AbstractSaveEventListener.java:386)
	at org.hibernate.event.internal.AbstractSaveEventListener.performSaveOrReplicate(AbstractSaveEventListener.java:300)
	at org.hibernate.event.internal.AbstractSaveEventListener.performSave(AbstractSaveEventListener.java:219)
	at org.hibernate.event.internal.AbstractSaveEventListener.saveWithGeneratedId(AbstractSaveEventListener.java:134)
	at org.hibernate.event.internal.DefaultPersistEventListener.entityIsTransient(DefaultPersistEventListener.java:175)
	at org.hibernate.event.internal.DefaultPersistEventListener.persist(DefaultPersistEventListener.java:93)
	at org.hibernate.event.internal.DefaultPersistEventListener.onPersist(DefaultPersistEventListener.java:77)
	at org.hibernate.event.internal.DefaultPersistEventListener.onPersist(DefaultPersistEventListener.java:54)
	at org.hibernate.event.service.internal.EventListenerGroupImpl.fireEventOnEachListener(EventListenerGroupImpl.java:127)
	at org.hibernate.internal.SessionImpl.firePersist(SessionImpl.java:754)
	at org.hibernate.internal.SessionImpl.persist(SessionImpl.java:738)
	at java.base/jdk.internal.reflect.DirectMethodHandleAccessor.invoke(DirectMethodHandleAccessor.java:103)
	at java.base/java.lang.reflect.Method.invoke(Method.java:580)
	at org.springframework.orm.jpa.ExtendedEntityManagerCreator$ExtendedEntityManagerInvocationHandler.invoke(ExtendedEntityManagerCreator.java:364)
	at jdk.proxy4/jdk.proxy4.$Proxy155.persist(Unknown Source)
	at java.base/jdk.internal.reflect.DirectMethodHandleAccessor.invoke(DirectMethodHandleAccessor.java:103)
	at java.base/java.lang.reflect.Method.invoke(Method.java:580)
	at org.springframework.orm.jpa.SharedEntityManagerCreator$SharedEntityManagerInvocationHandler.invoke(SharedEntityManagerCreator.java:319)
	at jdk.proxy4/jdk.proxy4.$Proxy155.persist(Unknown Source)
	at org.springframework.data.jpa.repository.support.SimpleJpaRepository.save(SimpleJpaRepository.java:618)
	at java.base/jdk.internal.reflect.DirectMethodHandleAccessor.invoke(DirectMethodHandleAccessor.java:103)
	at java.base/java.lang.reflect.Method.invoke(Method.java:580)
	at org.springframework.aop.support.AopUtils.invokeJoinpointUsingReflection(AopUtils.java:354)
	at org.springframework.data.repository.core.support.RepositoryMethodInvoker$RepositoryFragmentMethodInvoker.lambda$new$0(RepositoryMethodInvoker.java:277)
	at org.springframework.data.repository.core.support.RepositoryMethodInvoker.doInvoke(RepositoryMethodInvoker.java:170)
	at org.springframework.data.repository.core.support.RepositoryMethodInvoker.invoke(RepositoryMethodInvoker.java:158)
	at org.springframework.data.repository.core.support.RepositoryComposition$RepositoryFragments.invoke(RepositoryComposition.java:516)
	at org.springframework.data.repository.core.support.RepositoryComposition.invoke(RepositoryComposition.java:285)
	at org.springframework.data.repository.core.support.RepositoryFactorySupport$ImplementationMethodExecutionInterceptor.invoke(RepositoryFactorySupport.java:628)
	at org.springframework.aop.framework.ReflectiveMethodInvocation.proceed(ReflectiveMethodInvocation.java:184)
	at org.springframework.data.repository.core.support.QueryExecutorMethodInterceptor.doInvoke(QueryExecutorMethodInterceptor.java:168)
	at org.springframework.data.repository.core.support.QueryExecutorMethodInterceptor.invoke(QueryExecutorMethodInterceptor.java:143)
	at org.springframework.aop.framework.ReflectiveMethodInvocation.proceed(ReflectiveMethodInvocation.java:184)
	at org.springframework.data.projection.DefaultMethodInvokingMethodInterceptor.invoke(DefaultMethodInvokingMethodInterceptor.java:70)
	at org.springframework.aop.framework.ReflectiveMethodInvocation.proceed(ReflectiveMethodInvocation.java:184)
	at org.springframework.transaction.interceptor.TransactionInterceptor$1.proceedWithInvocation(TransactionInterceptor.java:123)
	at org.springframework.transaction.interceptor.TransactionAspectSupport.invokeWithinTransaction(TransactionAspectSupport.java:392)
	at org.springframework.transaction.interceptor.TransactionInterceptor.invoke(TransactionInterceptor.java:119)
	at org.springframework.aop.framework.ReflectiveMethodInvocation.proceed(ReflectiveMethodInvocation.java:184)
	at org.springframework.dao.support.PersistenceExceptionTranslationInterceptor.invoke(PersistenceExceptionTranslationInterceptor.java:137)
	... 155 common frames omitted
Caused by: org.postgresql.util.PSQLException: ERROR: new row for relation "transactions" violates check constraint "transactions_type_check"
  Подробности: Failing row contains (1, 2026-09-16 22:22:26.879895+03, 5.00000000, 5.00000000, TRANSFER, 2, 2, 2, 1, 1).
	at org.postgresql.core.v3.QueryExecutorImpl.receiveErrorResponse(QueryExecutorImpl.java:2713)
	at org.postgresql.core.v3.QueryExecutorImpl.processResults(QueryExecutorImpl.java:2401)
	at org.postgresql.core.v3.QueryExecutorImpl.execute(QueryExecutorImpl.java:368)
	at org.postgresql.jdbc.PgStatement.executeInternal(PgStatement.java:498)
	at org.postgresql.jdbc.PgStatement.execute(PgStatement.java:415)
	at org.postgresql.jdbc.PgPreparedStatement.executeWithFlags(PgPreparedStatement.java:190)
	at org.postgresql.jdbc.PgPreparedStatement.executeUpdate(PgPreparedStatement.java:152)
	at com.zaxxer.hikari.pool.ProxyPreparedStatement.executeUpdate(ProxyPreparedStatement.java:61)
	at com.zaxxer.hikari.pool.HikariProxyPreparedStatement.executeUpdate(HikariProxyPreparedStatement.java)
	at org.hibernate.engine.jdbc.internal.ResultSetReturnImpl.executeUpdate(ResultSetReturnImpl.java:194)
	... 205 common frames omitted
2026-09-16 22:22:26.910 [http-nio-8080-exec-3] WARN  o.s.w.s.m.m.a.ExceptionHandlerExceptionResolver - Resolved [org.springframework.dao.DataIntegrityViolationException: could not execute statement [ERROR: new row for relation "transactions" violates check constraint "transactions_type_check"<EOL>  Подробности: Failing row contains (1, 2026-09-16 22:22:26.879895+03, 5.00000000, 5.00000000, TRANSFER, 2, 2, 2, 1, 1).] [insert into transactions (created_at,from_amount,from_crypto_id,from_wallet_id,to_amount,to_crypto_id,to_wallet_id,type,user_id) values (?,?,?,?,?,?,?,?,?)]; SQL [insert into transactions (created_at,from_amount,from_crypto_id,from_wallet_id,to_amount,to_crypto_id,to_wallet_id,type,user_id) values (?,?,?,?,?,?,?,?,?)]; constraint [transactions_type_check]]
2026-09-16 22:24:30.523 [scheduling-1] INFO  c.c.e.core.aspect.LoggingAspect - Enter: com.crypto.exchange.core.service.CryptoInitializerService.scheduledPriceUpdate() with argument(s) = []
2026-09-16 22:24:30.523 [scheduling-1] INFO  c.c.e.c.s.CryptoInitializerService - Starting crypto price synchronization...
2026-09-16 22:24:30.727 [scheduling-1] INFO  c.c.e.c.s.CryptoInitializerService - Success! Updated and mapped 8 cryptocurrencies with CoinLore IDs
2026-09-16 22:24:30.727 [scheduling-1] INFO  c.c.e.core.aspect.LoggingAspect - Exit: com.crypto.exchange.core.service.CryptoInitializerService.scheduledPriceUpdate() executed in 204 ms with result = null
2026-09-16 22:26:22.895 [SpringApplicationShutdownHook] INFO  o.s.o.j.LocalContainerEntityManagerFactoryBean - Closing JPA EntityManagerFactory for persistence unit 'default'
2026-09-16 22:26:22.898 [SpringApplicationShutdownHook] INFO  com.zaxxer.hikari.HikariDataSource - HikariPool-1 - Shutdown initiated...
2026-09-16 22:26:22.901 [SpringApplicationShutdownHook] INFO  com.zaxxer.hikari.HikariDataSource - HikariPool-1 - Shutdown completed.
2026-09-16 22:27:38.791 [background-preinit] INFO  o.h.validator.internal.util.Version - HV000001: Hibernate Validator 8.0.1.Final
2026-09-16 22:27:38.839 [restartedMain] INFO  c.c.exchange.ExchangeApplication - Starting ExchangeApplication using Java 23.0.2 with PID 18876 (E:\bsuirapp\exchange\target\classes started by AxlLN in E:\bsuirapp\exchange)
2026-09-16 22:27:38.839 [restartedMain] DEBUG c.c.exchange.ExchangeApplication - Running with Spring Boot v3.2.5, Spring v6.1.6
2026-09-16 22:27:38.840 [restartedMain] INFO  c.c.exchange.ExchangeApplication - No active profile set, falling back to 1 default profile: "default"
2026-09-16 22:27:38.917 [restartedMain] INFO  o.s.b.d.e.DevToolsPropertyDefaultsPostProcessor - Devtools property defaults active! Set 'spring.devtools.add-properties' to 'false' to disable
2026-09-16 22:27:38.917 [restartedMain] INFO  o.s.b.d.e.DevToolsPropertyDefaultsPostProcessor - For additional web related logging consider setting the 'logging.level.web' property to 'DEBUG'
2026-09-16 22:27:39.848 [restartedMain] INFO  o.s.d.r.c.RepositoryConfigurationDelegate - Bootstrapping Spring Data JPA repositories in DEFAULT mode.
2026-09-16 22:27:39.915 [restartedMain] INFO  o.s.d.r.c.RepositoryConfigurationDelegate - Finished Spring Data repository scanning in 59 ms. Found 6 JPA repository interfaces.
2026-09-16 22:27:40.252 [restartedMain] WARN  o.s.c.s.PostProcessorRegistrationDelegate$BeanPostProcessorChecker - Bean 'org.springframework.ws.config.annotation.DelegatingWsConfiguration' of type [org.springframework.ws.config.annotation.DelegatingWsConfiguration$$SpringCGLIB$$0] is not eligible for getting processed by all BeanPostProcessors (for example: not eligible for auto-proxying). The currently created BeanPostProcessor [annotationActionEndpointMapping] is declared through a non-static factory method on that class; consider declaring it as static instead.
2026-09-16 22:27:40.273 [restartedMain] INFO  o.s.w.s.a.s.AnnotationActionEndpointMapping - Supporting [WS-Addressing August 2004, WS-Addressing 1.0]
2026-09-16 22:27:40.853 [restartedMain] INFO  o.s.b.w.e.tomcat.TomcatWebServer - Tomcat initialized with port 8080 (http)
2026-09-16 22:27:40.864 [restartedMain] INFO  o.a.coyote.http11.Http11NioProtocol - Initializing ProtocolHandler ["http-nio-8080"]
2026-09-16 22:27:40.867 [restartedMain] INFO  o.a.catalina.core.StandardService - Starting service [Tomcat]
2026-09-16 22:27:40.867 [restartedMain] INFO  o.a.catalina.core.StandardEngine - Starting Servlet engine: [Apache Tomcat/10.1.20]
2026-09-16 22:27:40.937 [restartedMain] INFO  o.a.c.c.C.[Tomcat].[localhost].[/] - Initializing Spring embedded WebApplicationContext
2026-09-16 22:27:40.940 [restartedMain] INFO  o.s.b.w.s.c.ServletWebServerApplicationContext - Root WebApplicationContext: initialization completed in 2020 ms
2026-09-16 22:27:41.045 [restartedMain] DEBUG c.c.e.w.s.JwtAuthenticationFilter - Filter 'jwtAuthenticationFilter' configured for use
2026-09-16 22:27:41.226 [restartedMain] INFO  o.h.jpa.internal.util.LogHelper - HHH000204: Processing PersistenceUnitInfo [name: default]
2026-09-16 22:27:41.285 [restartedMain] INFO  org.hibernate.Version - HHH000412: Hibernate ORM core version 6.4.4.Final
2026-09-16 22:27:41.365 [restartedMain] INFO  o.h.c.i.RegionFactoryInitiator - HHH000026: Second-level cache disabled
2026-09-16 22:27:41.686 [restartedMain] INFO  o.s.o.j.p.SpringPersistenceUnitInfo - No LoadTimeWeaver setup: ignoring JPA class transformer
2026-09-16 22:27:41.715 [restartedMain] INFO  com.zaxxer.hikari.HikariDataSource - HikariPool-1 - Starting...
2026-09-16 22:27:41.883 [restartedMain] INFO  com.zaxxer.hikari.pool.HikariPool - HikariPool-1 - Added connection org.postgresql.jdbc.PgConnection@4beab55e
2026-09-16 22:27:41.885 [restartedMain] INFO  com.zaxxer.hikari.HikariDataSource - HikariPool-1 - Start completed.
2026-09-16 22:27:43.068 [restartedMain] INFO  o.h.e.t.j.p.i.JtaPlatformInitiator - HHH000489: No JTA platform available (set 'hibernate.transaction.jta.platform' to enable JTA platform integration)
2026-09-16 22:27:43.226 [restartedMain] INFO  o.s.o.j.LocalContainerEntityManagerFactoryBean - Initialized JPA EntityManagerFactory for persistence unit 'default'
2026-09-16 22:27:43.639 [restartedMain] INFO  o.s.d.j.r.query.QueryEnhancerFactory - Hibernate is in classpath; If applicable, HQL parser will be used.
2026-09-16 22:27:44.724 [restartedMain] WARN  o.s.b.a.o.j.JpaBaseConfiguration$JpaWebConfiguration - spring.jpa.open-in-view is enabled by default. Therefore, database queries may be performed during view rendering. Explicitly configure spring.jpa.open-in-view to disable this warning
2026-09-16 22:27:45.174 [restartedMain] INFO  o.s.s.web.DefaultSecurityFilterChain - Will secure any request with [org.springframework.security.web.session.DisableEncodeUrlFilter@32fef69f, org.springframework.security.web.context.request.async.WebAsyncManagerIntegrationFilter@2f2ab9fb, org.springframework.security.web.context.SecurityContextHolderFilter@413c996c, org.springframework.security.web.header.HeaderWriterFilter@3e48018, org.springframework.web.filter.CorsFilter@22f37901, org.springframework.security.web.authentication.logout.LogoutFilter@6f818596, com.crypto.exchange.web.security.JwtAuthenticationFilter@692d857c, org.springframework.security.web.savedrequest.RequestCacheAwareFilter@1b52ed6e, org.springframework.security.web.servletapi.SecurityContextHolderAwareRequestFilter@5f2a413b, org.springframework.security.web.authentication.AnonymousAuthenticationFilter@6159e2fa, org.springframework.security.web.session.SessionManagementFilter@2170aabe, org.springframework.security.web.access.ExceptionTranslationFilter@53dbc6ca, org.springframework.security.web.access.intercept.AuthorizationFilter@7f0c58bb]
2026-09-16 22:27:45.671 [restartedMain] INFO  o.s.b.d.a.OptionalLiveReloadServer - LiveReload server is running on port 35729
2026-09-16 22:27:45.694 [restartedMain] INFO  o.a.coyote.http11.Http11NioProtocol - Starting ProtocolHandler ["http-nio-8080"]
2026-09-16 22:27:45.720 [restartedMain] INFO  o.s.b.w.e.tomcat.TomcatWebServer - Tomcat started on port 8080 (http) with context path ''
2026-09-16 22:27:45.738 [restartedMain] INFO  c.c.exchange.ExchangeApplication - Started ExchangeApplication in 7.392 seconds (process running for 7.833)
2026-09-16 22:27:45.746 [scheduling-1] INFO  c.c.e.core.aspect.LoggingAspect - Enter: com.crypto.exchange.core.service.CryptoInitializerService.scheduledPriceUpdate() with argument(s) = []
2026-09-16 22:27:45.747 [scheduling-1] INFO  c.c.e.c.s.CryptoInitializerService - Starting crypto price synchronization...
2026-09-16 22:27:46.704 [scheduling-1] INFO  c.c.e.c.s.CryptoInitializerService - Success! Updated and mapped 8 cryptocurrencies with CoinLore IDs
2026-09-16 22:27:46.705 [scheduling-1] INFO  c.c.e.core.aspect.LoggingAspect - Exit: com.crypto.exchange.core.service.CryptoInitializerService.scheduledPriceUpdate() executed in 958 ms with result = null
2026-09-16 22:27:55.386 [http-nio-8080-exec-2] INFO  o.a.c.c.C.[Tomcat].[localhost].[/] - Initializing Spring DispatcherServlet 'dispatcherServlet'
2026-09-16 22:27:55.386 [http-nio-8080-exec-2] INFO  o.s.web.servlet.DispatcherServlet - Initializing Servlet 'dispatcherServlet'
2026-09-16 22:27:55.387 [http-nio-8080-exec-2] INFO  o.s.web.servlet.DispatcherServlet - Completed initialization in 1 ms
2026-09-16 22:27:55.496 [http-nio-8080-exec-2] INFO  c.c.e.core.aspect.LoggingAspect - Enter: com.crypto.exchange.web.controller.WalletController.getMyWallets() with argument(s) = [com.crypto.exchange.web.security.UserPrincipal@4377a5c]
2026-09-16 22:27:55.497 [http-nio-8080-exec-2] INFO  c.c.e.core.aspect.LoggingAspect - Enter: com.crypto.exchange.core.service.implementation.WalletServiceImpl.getUserWallets() with argument(s) = [1]
2026-09-16 22:27:55.530 [http-nio-8080-exec-2] INFO  c.c.e.core.aspect.LoggingAspect - Exit: com.crypto.exchange.core.service.implementation.WalletServiceImpl.getUserWallets() executed in 33 ms with result = [WalletResponseDto[id=2, address=0xe15299f163154c50ae7fe8b8c480b3f5, name=wallet2, isDefault=true, balances=[WalletBalanceResponseDto[id=15, symbol=ETH, cryptoName=Ethereum, amount=0E-8, currentPriceUsd=2399.3900, totalValueUsd=0E-12], WalletBalanceResponseDto[id=12, symbol=ADA, cryptoName=Cardano, amount=0E-8, currentPriceUsd=0.1922, totalValueUsd=0E-12], WalletBalanceResponseDto[id=11, symbol=BTC, cryptoName=Bitcoin, amount=5.00000000, currentPriceUsd=75662.3700, totalValueUsd=378311.850000000000], WalletBalanceResponseDto[id=16, symbol=DOGE, cryptoName=Dogecoin, amount=0E-8, currentPriceUsd=0.0796, totalValueUsd=0E-12], WalletBalanceResponseDto[id=13, symbol=BNB, cryptoName=Binance Coin, amount=0E-8, currentPriceUsd=715.7700, totalValueUsd=0E-12], WalletBalanceResponseDto[id=9, symbol=XRP, cryptoName=XRP, amount=0E-8, currentPriceUsd=1.2800, totalValueUsd=0E-12], WalletBalanceResponseDto[id=10, symbol=SOL, cryptoName=Solana, amount=0E-8, currentPriceUsd=97.6700, totalValueUsd=0E-12], WalletBalanceResponseDto[id=14, symbol=USDT, cryptoName=Tether, amount=0E-8, currentPriceUsd=1.0000, totalValueUsd=0E-12]]], WalletResponseDto[id=1, address=0x41722b9bb3eb456ea150a0f9433870a4, name=wallet1, isDefault=false, balances=[WalletBalanceResponseDto[id=2, symbol=BTC, cryptoName=Bitcoin, amount=5.00000000, currentPriceUsd=75662.3700, totalValueUsd=378311.850000000000], WalletBalanceResponseDto[id=3, symbol=ETH, cryptoName=Ethereum, amount=0E-8, currentPriceUsd=2399.3900, totalValueUsd=0E-12], WalletBalanceResponseDto[id=5, symbol=XRP, cryptoName=XRP, amount=0E-8, currentPriceUsd=1.2800, totalValueUsd=0E-12], WalletBalanceResponseDto[id=7, symbol=BNB, cryptoName=Binance Coin, amount=0E-8, currentPriceUsd=715.7700, totalValueUsd=0E-12], WalletBalanceResponseDto[id=6, symbol=SOL, cryptoName=Solana, amount=0E-8, currentPriceUsd=97.6700, totalValueUsd=0E-12], WalletBalanceResponseDto[id=8, symbol=DOGE, cryptoName=Dogecoin, amount=0E-8, currentPriceUsd=0.0796, totalValueUsd=0E-12], WalletBalanceResponseDto[id=1, symbol=ADA, cryptoName=Cardano, amount=0E-8, currentPriceUsd=0.1922, totalValueUsd=0E-12], WalletBalanceResponseDto[id=4, symbol=USDT, cryptoName=Tether, amount=0E-8, currentPriceUsd=1.0000, totalValueUsd=0E-12]]]]
2026-09-16 22:27:55.535 [http-nio-8080-exec-2] INFO  c.c.e.core.aspect.LoggingAspect - Exit: com.crypto.exchange.web.controller.WalletController.getMyWallets() executed in 39 ms with result = <200 OK OK,[WalletResponseDto[id=2, address=0xe15299f163154c50ae7fe8b8c480b3f5, name=wallet2, isDefault=true, balances=[WalletBalanceResponseDto[id=15, symbol=ETH, cryptoName=Ethereum, amount=0E-8, currentPriceUsd=2399.3900, totalValueUsd=0E-12], WalletBalanceResponseDto[id=12, symbol=ADA, cryptoName=Cardano, amount=0E-8, currentPriceUsd=0.1922, totalValueUsd=0E-12], WalletBalanceResponseDto[id=11, symbol=BTC, cryptoName=Bitcoin, amount=5.00000000, currentPriceUsd=75662.3700, totalValueUsd=378311.850000000000], WalletBalanceResponseDto[id=16, symbol=DOGE, cryptoName=Dogecoin, amount=0E-8, currentPriceUsd=0.0796, totalValueUsd=0E-12], WalletBalanceResponseDto[id=13, symbol=BNB, cryptoName=Binance Coin, amount=0E-8, currentPriceUsd=715.7700, totalValueUsd=0E-12], WalletBalanceResponseDto[id=9, symbol=XRP, cryptoName=XRP, amount=0E-8, currentPriceUsd=1.2800, totalValueUsd=0E-12], WalletBalanceResponseDto[id=10, symbol=SOL, cryptoName=Solana, amount=0E-8, currentPriceUsd=97.6700, totalValueUsd=0E-12], WalletBalanceResponseDto[id=14, symbol=USDT, cryptoName=Tether, amount=0E-8, currentPriceUsd=1.0000, totalValueUsd=0E-12]]], WalletResponseDto[id=1, address=0x41722b9bb3eb456ea150a0f9433870a4, name=wallet1, isDefault=false, balances=[WalletBalanceResponseDto[id=2, symbol=BTC, cryptoName=Bitcoin, amount=5.00000000, currentPriceUsd=75662.3700, totalValueUsd=378311.850000000000], WalletBalanceResponseDto[id=3, symbol=ETH, cryptoName=Ethereum, amount=0E-8, currentPriceUsd=2399.3900, totalValueUsd=0E-12], WalletBalanceResponseDto[id=5, symbol=XRP, cryptoName=XRP, amount=0E-8, currentPriceUsd=1.2800, totalValueUsd=0E-12], WalletBalanceResponseDto[id=7, symbol=BNB, cryptoName=Binance Coin, amount=0E-8, currentPriceUsd=715.7700, totalValueUsd=0E-12], WalletBalanceResponseDto[id=6, symbol=SOL, cryptoName=Solana, amount=0E-8, currentPriceUsd=97.6700, totalValueUsd=0E-12], WalletBalanceResponseDto[id=8, symbol=DOGE, cryptoName=Dogecoin, amount=0E-8, currentPriceUsd=0.0796, totalValueUsd=0E-12], WalletBalanceResponseDto[id=1, symbol=ADA, cryptoName=Cardano, amount=0E-8, currentPriceUsd=0.1922, totalValueUsd=0E-12], WalletBalanceResponseDto[id=4, symbol=USDT, cryptoName=Tether, amount=0E-8, currentPriceUsd=1.0000, totalValueUsd=0E-12]]]],[]>
2026-09-16 22:28:26.687 [http-nio-8080-exec-9] INFO  o.s.api.AbstractOpenApiResource - Init duration for springdoc-openapi is: 415 ms
2026-09-16 22:28:53.295 [http-nio-8080-exec-10] INFO  c.c.e.core.aspect.LoggingAspect - Enter: com.crypto.exchange.web.controller.AuthController.login() with argument(s) = [LoginRequest[usernameOrEmail=example, password=password]]
2026-09-16 22:28:53.295 [http-nio-8080-exec-10] INFO  c.c.e.core.aspect.LoggingAspect - Enter: com.crypto.exchange.core.service.AuthService.login() with argument(s) = [LoginRequest[usernameOrEmail=example, password=password]]
2026-09-16 22:28:53.462 [http-nio-8080-exec-10] INFO  c.c.e.core.aspect.LoggingAspect - Exit: com.crypto.exchange.core.service.AuthService.login() executed in 166 ms with result = AuthResponseDto[token=eyJhbGciOiJIUzUxMiJ9.eyJzdWIiOiJleGFtcGxlIiwiaWQiOjEsInJvbGUiOiJST0xFX0FETUlOIiwiaWF0IjoxNzg5NTg2OTMzLCJleHAiOjE3ODk2NzMzMzN9.l0FH1glp6-UOajAy_s7ZNDEkJ2M-zFgSIBhJZVvk0H8uMWxI1SXke2puz277XFjlBSsbCLrPBOCtr1UvWZrC4g, tokenType=Bearer, user=UserResponseDto[id=1, username=example, email=example@example.com, role=ROLE_ADMIN, createdAt=2026-09-15T10:54:41.216510Z]]
2026-09-16 22:28:53.464 [http-nio-8080-exec-10] INFO  c.c.e.core.aspect.LoggingAspect - Exit: com.crypto.exchange.web.controller.AuthController.login() executed in 169 ms with result = <200 OK OK,AuthResponseDto[token=eyJhbGciOiJIUzUxMiJ9.eyJzdWIiOiJleGFtcGxlIiwiaWQiOjEsInJvbGUiOiJST0xFX0FETUlOIiwiaWF0IjoxNzg5NTg2OTMzLCJleHAiOjE3ODk2NzMzMzN9.l0FH1glp6-UOajAy_s7ZNDEkJ2M-zFgSIBhJZVvk0H8uMWxI1SXke2puz277XFjlBSsbCLrPBOCtr1UvWZrC4g, tokenType=Bearer, user=UserResponseDto[id=1, username=example, email=example@example.com, role=ROLE_ADMIN, createdAt=2026-09-15T10:54:41.216510Z]],[]>
2026-09-16 22:29:13.253 [http-nio-8080-exec-2] INFO  c.c.e.core.aspect.LoggingAspect - Enter: com.crypto.exchange.web.controller.WalletController.getMyWallets() with argument(s) = [com.crypto.exchange.web.security.UserPrincipal@70c60aee]
2026-09-16 22:29:13.254 [http-nio-8080-exec-2] INFO  c.c.e.core.aspect.LoggingAspect - Enter: com.crypto.exchange.core.service.implementation.WalletServiceImpl.getUserWallets() with argument(s) = [1]
2026-09-16 22:29:13.268 [http-nio-8080-exec-2] INFO  c.c.e.core.aspect.LoggingAspect - Exit: com.crypto.exchange.core.service.implementation.WalletServiceImpl.getUserWallets() executed in 14 ms with result = [WalletResponseDto[id=2, address=0xe15299f163154c50ae7fe8b8c480b3f5, name=wallet2, isDefault=true, balances=[WalletBalanceResponseDto[id=11, symbol=BTC, cryptoName=Bitcoin, amount=5.00000000, currentPriceUsd=75662.3700, totalValueUsd=378311.850000000000], WalletBalanceResponseDto[id=14, symbol=USDT, cryptoName=Tether, amount=0E-8, currentPriceUsd=1.0000, totalValueUsd=0E-12], WalletBalanceResponseDto[id=16, symbol=DOGE, cryptoName=Dogecoin, amount=0E-8, currentPriceUsd=0.0796, totalValueUsd=0E-12], WalletBalanceResponseDto[id=9, symbol=XRP, cryptoName=XRP, amount=0E-8, currentPriceUsd=1.2800, totalValueUsd=0E-12], WalletBalanceResponseDto[id=12, symbol=ADA, cryptoName=Cardano, amount=0E-8, currentPriceUsd=0.1922, totalValueUsd=0E-12], WalletBalanceResponseDto[id=15, symbol=ETH, cryptoName=Ethereum, amount=0E-8, currentPriceUsd=2399.3900, totalValueUsd=0E-12], WalletBalanceResponseDto[id=10, symbol=SOL, cryptoName=Solana, amount=0E-8, currentPriceUsd=97.6700, totalValueUsd=0E-12], WalletBalanceResponseDto[id=13, symbol=BNB, cryptoName=Binance Coin, amount=0E-8, currentPriceUsd=715.7700, totalValueUsd=0E-12]]], WalletResponseDto[id=1, address=0x41722b9bb3eb456ea150a0f9433870a4, name=wallet1, isDefault=false, balances=[WalletBalanceResponseDto[id=1, symbol=ADA, cryptoName=Cardano, amount=0E-8, currentPriceUsd=0.1922, totalValueUsd=0E-12], WalletBalanceResponseDto[id=3, symbol=ETH, cryptoName=Ethereum, amount=0E-8, currentPriceUsd=2399.3900, totalValueUsd=0E-12], WalletBalanceResponseDto[id=6, symbol=SOL, cryptoName=Solana, amount=0E-8, currentPriceUsd=97.6700, totalValueUsd=0E-12], WalletBalanceResponseDto[id=7, symbol=BNB, cryptoName=Binance Coin, amount=0E-8, currentPriceUsd=715.7700, totalValueUsd=0E-12], WalletBalanceResponseDto[id=8, symbol=DOGE, cryptoName=Dogecoin, amount=0E-8, currentPriceUsd=0.0796, totalValueUsd=0E-12], WalletBalanceResponseDto[id=4, symbol=USDT, cryptoName=Tether, amount=0E-8, currentPriceUsd=1.0000, totalValueUsd=0E-12], WalletBalanceResponseDto[id=2, symbol=BTC, cryptoName=Bitcoin, amount=5.00000000, currentPriceUsd=75662.3700, totalValueUsd=378311.850000000000], WalletBalanceResponseDto[id=5, symbol=XRP, cryptoName=XRP, amount=0E-8, currentPriceUsd=1.2800, totalValueUsd=0E-12]]]]
2026-09-16 22:29:13.268 [http-nio-8080-exec-2] INFO  c.c.e.core.aspect.LoggingAspect - Exit: com.crypto.exchange.web.controller.WalletController.getMyWallets() executed in 14 ms with result = <200 OK OK,[WalletResponseDto[id=2, address=0xe15299f163154c50ae7fe8b8c480b3f5, name=wallet2, isDefault=true, balances=[WalletBalanceResponseDto[id=11, symbol=BTC, cryptoName=Bitcoin, amount=5.00000000, currentPriceUsd=75662.3700, totalValueUsd=378311.850000000000], WalletBalanceResponseDto[id=14, symbol=USDT, cryptoName=Tether, amount=0E-8, currentPriceUsd=1.0000, totalValueUsd=0E-12], WalletBalanceResponseDto[id=16, symbol=DOGE, cryptoName=Dogecoin, amount=0E-8, currentPriceUsd=0.0796, totalValueUsd=0E-12], WalletBalanceResponseDto[id=9, symbol=XRP, cryptoName=XRP, amount=0E-8, currentPriceUsd=1.2800, totalValueUsd=0E-12], WalletBalanceResponseDto[id=12, symbol=ADA, cryptoName=Cardano, amount=0E-8, currentPriceUsd=0.1922, totalValueUsd=0E-12], WalletBalanceResponseDto[id=15, symbol=ETH, cryptoName=Ethereum, amount=0E-8, currentPriceUsd=2399.3900, totalValueUsd=0E-12], WalletBalanceResponseDto[id=10, symbol=SOL, cryptoName=Solana, amount=0E-8, currentPriceUsd=97.6700, totalValueUsd=0E-12], WalletBalanceResponseDto[id=13, symbol=BNB, cryptoName=Binance Coin, amount=0E-8, currentPriceUsd=715.7700, totalValueUsd=0E-12]]], WalletResponseDto[id=1, address=0x41722b9bb3eb456ea150a0f9433870a4, name=wallet1, isDefault=false, balances=[WalletBalanceResponseDto[id=1, symbol=ADA, cryptoName=Cardano, amount=0E-8, currentPriceUsd=0.1922, totalValueUsd=0E-12], WalletBalanceResponseDto[id=3, symbol=ETH, cryptoName=Ethereum, amount=0E-8, currentPriceUsd=2399.3900, totalValueUsd=0E-12], WalletBalanceResponseDto[id=6, symbol=SOL, cryptoName=Solana, amount=0E-8, currentPriceUsd=97.6700, totalValueUsd=0E-12], WalletBalanceResponseDto[id=7, symbol=BNB, cryptoName=Binance Coin, amount=0E-8, currentPriceUsd=715.7700, totalValueUsd=0E-12], WalletBalanceResponseDto[id=8, symbol=DOGE, cryptoName=Dogecoin, amount=0E-8, currentPriceUsd=0.0796, totalValueUsd=0E-12], WalletBalanceResponseDto[id=4, symbol=USDT, cryptoName=Tether, amount=0E-8, currentPriceUsd=1.0000, totalValueUsd=0E-12], WalletBalanceResponseDto[id=2, symbol=BTC, cryptoName=Bitcoin, amount=5.00000000, currentPriceUsd=75662.3700, totalValueUsd=378311.850000000000], WalletBalanceResponseDto[id=5, symbol=XRP, cryptoName=XRP, amount=0E-8, currentPriceUsd=1.2800, totalValueUsd=0E-12]]]],[]>
2026-09-16 22:31:47.784 [SpringApplicationShutdownHook] INFO  o.s.o.j.LocalContainerEntityManagerFactoryBean - Closing JPA EntityManagerFactory for persistence unit 'default'
2026-09-16 22:31:47.787 [SpringApplicationShutdownHook] INFO  com.zaxxer.hikari.HikariDataSource - HikariPool-1 - Shutdown initiated...
2026-09-16 22:31:47.790 [SpringApplicationShutdownHook] INFO  com.zaxxer.hikari.HikariDataSource - HikariPool-1 - Shutdown completed.
2026-09-16 22:31:54.081 [background-preinit] INFO  o.h.validator.internal.util.Version - HV000001: Hibernate Validator 8.0.1.Final
2026-09-16 22:31:54.127 [restartedMain] INFO  c.c.exchange.ExchangeApplication - Starting ExchangeApplication using Java 23.0.2 with PID 20628 (E:\bsuirapp\exchange\target\classes started by AxlLN in E:\bsuirapp\exchange)
2026-09-16 22:31:54.128 [restartedMain] DEBUG c.c.exchange.ExchangeApplication - Running with Spring Boot v3.2.5, Spring v6.1.6
2026-09-16 22:31:54.129 [restartedMain] INFO  c.c.exchange.ExchangeApplication - No active profile set, falling back to 1 default profile: "default"
2026-09-16 22:31:54.199 [restartedMain] INFO  o.s.b.d.e.DevToolsPropertyDefaultsPostProcessor - Devtools property defaults active! Set 'spring.devtools.add-properties' to 'false' to disable
2026-09-16 22:31:54.199 [restartedMain] INFO  o.s.b.d.e.DevToolsPropertyDefaultsPostProcessor - For additional web related logging consider setting the 'logging.level.web' property to 'DEBUG'
2026-09-16 22:31:55.275 [restartedMain] INFO  o.s.d.r.c.RepositoryConfigurationDelegate - Bootstrapping Spring Data JPA repositories in DEFAULT mode.
2026-09-16 22:31:55.337 [restartedMain] INFO  o.s.d.r.c.RepositoryConfigurationDelegate - Finished Spring Data repository scanning in 56 ms. Found 6 JPA repository interfaces.
2026-09-16 22:31:55.642 [restartedMain] WARN  o.s.c.s.PostProcessorRegistrationDelegate$BeanPostProcessorChecker - Bean 'org.springframework.ws.config.annotation.DelegatingWsConfiguration' of type [org.springframework.ws.config.annotation.DelegatingWsConfiguration$$SpringCGLIB$$0] is not eligible for getting processed by all BeanPostProcessors (for example: not eligible for auto-proxying). The currently created BeanPostProcessor [annotationActionEndpointMapping] is declared through a non-static factory method on that class; consider declaring it as static instead.
2026-09-16 22:31:55.662 [restartedMain] INFO  o.s.w.s.a.s.AnnotationActionEndpointMapping - Supporting [WS-Addressing August 2004, WS-Addressing 1.0]
2026-09-16 22:31:56.136 [restartedMain] INFO  o.s.b.w.e.tomcat.TomcatWebServer - Tomcat initialized with port 8080 (http)
2026-09-16 22:31:56.150 [restartedMain] INFO  o.a.coyote.http11.Http11NioProtocol - Initializing ProtocolHandler ["http-nio-8080"]
2026-09-16 22:31:56.152 [restartedMain] INFO  o.a.catalina.core.StandardService - Starting service [Tomcat]
2026-09-16 22:31:56.153 [restartedMain] INFO  o.a.catalina.core.StandardEngine - Starting Servlet engine: [Apache Tomcat/10.1.20]
2026-09-16 22:31:56.209 [restartedMain] INFO  o.a.c.c.C.[Tomcat].[localhost].[/] - Initializing Spring embedded WebApplicationContext
2026-09-16 22:31:56.210 [restartedMain] INFO  o.s.b.w.s.c.ServletWebServerApplicationContext - Root WebApplicationContext: initialization completed in 2009 ms
2026-09-16 22:31:56.297 [restartedMain] DEBUG c.c.e.w.s.JwtAuthenticationFilter - Filter 'jwtAuthenticationFilter' configured for use
2026-09-16 22:31:56.429 [restartedMain] INFO  o.h.jpa.internal.util.LogHelper - HHH000204: Processing PersistenceUnitInfo [name: default]
2026-09-16 22:31:56.481 [restartedMain] INFO  org.hibernate.Version - HHH000412: Hibernate ORM core version 6.4.4.Final
2026-09-16 22:31:56.512 [restartedMain] INFO  o.h.c.i.RegionFactoryInitiator - HHH000026: Second-level cache disabled
2026-09-16 22:31:56.728 [restartedMain] INFO  o.s.o.j.p.SpringPersistenceUnitInfo - No LoadTimeWeaver setup: ignoring JPA class transformer
2026-09-16 22:31:56.748 [restartedMain] INFO  com.zaxxer.hikari.HikariDataSource - HikariPool-1 - Starting...
2026-09-16 22:31:56.896 [restartedMain] INFO  com.zaxxer.hikari.pool.HikariPool - HikariPool-1 - Added connection org.postgresql.jdbc.PgConnection@18bf2c3b
2026-09-16 22:31:56.897 [restartedMain] INFO  com.zaxxer.hikari.HikariDataSource - HikariPool-1 - Start completed.
2026-09-16 22:31:57.811 [restartedMain] INFO  o.h.e.t.j.p.i.JtaPlatformInitiator - HHH000489: No JTA platform available (set 'hibernate.transaction.jta.platform' to enable JTA platform integration)
2026-09-16 22:31:57.926 [restartedMain] INFO  o.s.o.j.LocalContainerEntityManagerFactoryBean - Initialized JPA EntityManagerFactory for persistence unit 'default'
2026-09-16 22:31:58.244 [restartedMain] INFO  o.s.d.j.r.query.QueryEnhancerFactory - Hibernate is in classpath; If applicable, HQL parser will be used.
2026-09-16 22:31:59.047 [restartedMain] WARN  o.s.b.a.o.j.JpaBaseConfiguration$JpaWebConfiguration - spring.jpa.open-in-view is enabled by default. Therefore, database queries may be performed during view rendering. Explicitly configure spring.jpa.open-in-view to disable this warning
2026-09-16 22:31:59.329 [restartedMain] INFO  o.s.s.web.DefaultSecurityFilterChain - Will secure any request with [org.springframework.security.web.session.DisableEncodeUrlFilter@32fef69f, org.springframework.security.web.context.request.async.WebAsyncManagerIntegrationFilter@2f2ab9fb, org.springframework.security.web.context.SecurityContextHolderFilter@413c996c, org.springframework.security.web.header.HeaderWriterFilter@3e48018, org.springframework.web.filter.CorsFilter@22f37901, org.springframework.security.web.authentication.logout.LogoutFilter@6f818596, com.crypto.exchange.web.security.JwtAuthenticationFilter@5cae1c73, org.springframework.security.web.savedrequest.RequestCacheAwareFilter@1b52ed6e, org.springframework.security.web.servletapi.SecurityContextHolderAwareRequestFilter@5f2a413b, org.springframework.security.web.authentication.AnonymousAuthenticationFilter@6159e2fa, org.springframework.security.web.session.SessionManagementFilter@2170aabe, org.springframework.security.web.access.ExceptionTranslationFilter@53dbc6ca, org.springframework.security.web.access.intercept.AuthorizationFilter@7f0c58bb]
2026-09-16 22:31:59.650 [restartedMain] INFO  o.s.b.d.a.OptionalLiveReloadServer - LiveReload server is running on port 35729
2026-09-16 22:31:59.665 [restartedMain] INFO  o.a.coyote.http11.Http11NioProtocol - Starting ProtocolHandler ["http-nio-8080"]
2026-09-16 22:31:59.679 [restartedMain] INFO  o.s.b.w.e.tomcat.TomcatWebServer - Tomcat started on port 8080 (http) with context path ''
2026-09-16 22:31:59.689 [restartedMain] INFO  c.c.exchange.ExchangeApplication - Started ExchangeApplication in 6.05 seconds (process running for 6.54)
2026-09-16 22:31:59.695 [scheduling-1] INFO  c.c.e.core.aspect.LoggingAspect - Enter: com.crypto.exchange.core.service.CryptoInitializerService.scheduledPriceUpdate() with argument(s) = []
2026-09-16 22:31:59.695 [scheduling-1] INFO  c.c.e.c.s.CryptoInitializerService - Starting crypto price synchronization...
2026-09-16 22:32:00.458 [scheduling-1] INFO  c.c.e.c.s.CryptoInitializerService - Success! Updated and mapped 8 cryptocurrencies with CoinLore IDs
2026-09-16 22:32:00.458 [scheduling-1] INFO  c.c.e.core.aspect.LoggingAspect - Exit: com.crypto.exchange.core.service.CryptoInitializerService.scheduledPriceUpdate() executed in 763 ms with result = null
2026-09-16 22:32:06.913 [http-nio-8080-exec-3] INFO  o.a.c.c.C.[Tomcat].[localhost].[/] - Initializing Spring DispatcherServlet 'dispatcherServlet'
2026-09-16 22:32:06.914 [http-nio-8080-exec-3] INFO  o.s.web.servlet.DispatcherServlet - Initializing Servlet 'dispatcherServlet'
2026-09-16 22:32:06.915 [http-nio-8080-exec-3] INFO  o.s.web.servlet.DispatcherServlet - Completed initialization in 1 ms
2026-09-16 22:32:07.807 [http-nio-8080-exec-8] INFO  o.s.api.AbstractOpenApiResource - Init duration for springdoc-openapi is: 621 ms
2026-09-16 22:32:25.713 [http-nio-8080-exec-9] INFO  c.c.e.core.aspect.LoggingAspect - Enter: com.crypto.exchange.web.controller.AuthController.login() with argument(s) = [LoginRequest[usernameOrEmail=example, password=password]]
2026-09-16 22:32:25.717 [http-nio-8080-exec-9] INFO  c.c.e.core.aspect.LoggingAspect - Enter: com.crypto.exchange.core.service.AuthService.login() with argument(s) = [LoginRequest[usernameOrEmail=example, password=password]]
2026-09-16 22:32:26.081 [http-nio-8080-exec-9] INFO  c.c.e.core.aspect.LoggingAspect - Exit: com.crypto.exchange.core.service.AuthService.login() executed in 364 ms with result = AuthResponseDto[token=eyJhbGciOiJIUzUxMiJ9.eyJzdWIiOiJleGFtcGxlIiwiaWQiOjEsInJvbGUiOiJST0xFX0FETUlOIiwiaWF0IjoxNzg5NTg3MTQ2LCJleHAiOjE3ODk2NzM1NDZ9.mETdsKJZUNECovll-uEyhMdXRxB92NGxrSFysGz-Cf7McooYhp-I2WNEvn-7lW64wnWGfWZ5NDyYpMIwmqwOzg, tokenType=Bearer, user=UserResponseDto[id=1, username=example, email=example@example.com, role=ROLE_ADMIN, createdAt=2026-09-15T10:54:41.216510Z]]
2026-09-16 22:32:26.095 [http-nio-8080-exec-9] INFO  c.c.e.core.aspect.LoggingAspect - Exit: com.crypto.exchange.web.controller.AuthController.login() executed in 382 ms with result = <200 OK OK,AuthResponseDto[token=eyJhbGciOiJIUzUxMiJ9.eyJzdWIiOiJleGFtcGxlIiwiaWQiOjEsInJvbGUiOiJST0xFX0FETUlOIiwiaWF0IjoxNzg5NTg3MTQ2LCJleHAiOjE3ODk2NzM1NDZ9.mETdsKJZUNECovll-uEyhMdXRxB92NGxrSFysGz-Cf7McooYhp-I2WNEvn-7lW64wnWGfWZ5NDyYpMIwmqwOzg, tokenType=Bearer, user=UserResponseDto[id=1, username=example, email=example@example.com, role=ROLE_ADMIN, createdAt=2026-09-15T10:54:41.216510Z]],[]>
2026-09-16 22:32:46.334 [http-nio-8080-exec-10] INFO  c.c.e.core.aspect.LoggingAspect - Enter: com.crypto.exchange.web.controller.WalletController.getMyWallets() with argument(s) = [com.crypto.exchange.web.security.UserPrincipal@7d485e87]
2026-09-16 22:32:46.336 [http-nio-8080-exec-10] INFO  c.c.e.core.aspect.LoggingAspect - Enter: com.crypto.exchange.core.service.implementation.WalletServiceImpl.getUserWallets() with argument(s) = [1]
2026-09-16 22:32:46.386 [http-nio-8080-exec-10] INFO  c.c.e.core.aspect.LoggingAspect - Exit: com.crypto.exchange.core.service.implementation.WalletServiceImpl.getUserWallets() executed in 50 ms with result = [WalletResponseDto[id=2, address=0xe15299f163154c50ae7fe8b8c480b3f5, name=wallet2, isDefault=true, balances=[WalletBalanceResponseDto[id=15, cryptoId=3, externalId=80, symbol=ETH, cryptoName=Ethereum, amount=0E-8, currentPriceUsd=2388.4100, totalValueUsd=0E-12], WalletBalanceResponseDto[id=9, cryptoId=6, externalId=58, symbol=XRP, cryptoName=XRP, amount=0E-8, currentPriceUsd=1.2800, totalValueUsd=0E-12], WalletBalanceResponseDto[id=10, cryptoId=7, externalId=48543, symbol=SOL, cryptoName=Solana, amount=0E-8, currentPriceUsd=97.2700, totalValueUsd=0E-12], WalletBalanceResponseDto[id=16, cryptoId=8, externalId=2, symbol=DOGE, cryptoName=Dogecoin, amount=0E-8, currentPriceUsd=0.0793, totalValueUsd=0E-12], WalletBalanceResponseDto[id=11, cryptoId=2, externalId=90, symbol=BTC, cryptoName=Bitcoin, amount=5.00000000, currentPriceUsd=75440.5500, totalValueUsd=377202.750000000000], WalletBalanceResponseDto[id=14, cryptoId=4, externalId=518, symbol=USDT, cryptoName=Tether, amount=0E-8, currentPriceUsd=1.0000, totalValueUsd=0E-12], WalletBalanceResponseDto[id=12, cryptoId=9, externalId=257, symbol=ADA, cryptoName=Cardano, amount=0E-8, currentPriceUsd=0.1915, totalValueUsd=0E-12], WalletBalanceResponseDto[id=13, cryptoId=5, externalId=2710, symbol=BNB, cryptoName=Binance Coin, amount=0E-8, currentPriceUsd=714.6100, totalValueUsd=0E-12]]], WalletResponseDto[id=1, address=0x41722b9bb3eb456ea150a0f9433870a4, name=wallet1, isDefault=false, balances=[WalletBalanceResponseDto[id=4, cryptoId=4, externalId=518, symbol=USDT, cryptoName=Tether, amount=0E-8, currentPriceUsd=1.0000, totalValueUsd=0E-12], WalletBalanceResponseDto[id=7, cryptoId=5, externalId=2710, symbol=BNB, cryptoName=Binance Coin, amount=0E-8, currentPriceUsd=714.6100, totalValueUsd=0E-12], WalletBalanceResponseDto[id=1, cryptoId=9, externalId=257, symbol=ADA, cryptoName=Cardano, amount=0E-8, currentPriceUsd=0.1915, totalValueUsd=0E-12], WalletBalanceResponseDto[id=5, cryptoId=6, externalId=58, symbol=XRP, cryptoName=XRP, amount=0E-8, currentPriceUsd=1.2800, totalValueUsd=0E-12], WalletBalanceResponseDto[id=6, cryptoId=7, externalId=48543, symbol=SOL, cryptoName=Solana, amount=0E-8, currentPriceUsd=97.2700, totalValueUsd=0E-12], WalletBalanceResponseDto[id=8, cryptoId=8, externalId=2, symbol=DOGE, cryptoName=Dogecoin, amount=0E-8, currentPriceUsd=0.0793, totalValueUsd=0E-12], WalletBalanceResponseDto[id=2, cryptoId=2, externalId=90, symbol=BTC, cryptoName=Bitcoin, amount=5.00000000, currentPriceUsd=75440.5500, totalValueUsd=377202.750000000000], WalletBalanceResponseDto[id=3, cryptoId=3, externalId=80, symbol=ETH, cryptoName=Ethereum, amount=0E-8, currentPriceUsd=2388.4100, totalValueUsd=0E-12]]]]
2026-09-16 22:32:46.390 [http-nio-8080-exec-10] INFO  c.c.e.core.aspect.LoggingAspect - Exit: com.crypto.exchange.web.controller.WalletController.getMyWallets() executed in 55 ms with result = <200 OK OK,[WalletResponseDto[id=2, address=0xe15299f163154c50ae7fe8b8c480b3f5, name=wallet2, isDefault=true, balances=[WalletBalanceResponseDto[id=15, cryptoId=3, externalId=80, symbol=ETH, cryptoName=Ethereum, amount=0E-8, currentPriceUsd=2388.4100, totalValueUsd=0E-12], WalletBalanceResponseDto[id=9, cryptoId=6, externalId=58, symbol=XRP, cryptoName=XRP, amount=0E-8, currentPriceUsd=1.2800, totalValueUsd=0E-12], WalletBalanceResponseDto[id=10, cryptoId=7, externalId=48543, symbol=SOL, cryptoName=Solana, amount=0E-8, currentPriceUsd=97.2700, totalValueUsd=0E-12], WalletBalanceResponseDto[id=16, cryptoId=8, externalId=2, symbol=DOGE, cryptoName=Dogecoin, amount=0E-8, currentPriceUsd=0.0793, totalValueUsd=0E-12], WalletBalanceResponseDto[id=11, cryptoId=2, externalId=90, symbol=BTC, cryptoName=Bitcoin, amount=5.00000000, currentPriceUsd=75440.5500, totalValueUsd=377202.750000000000], WalletBalanceResponseDto[id=14, cryptoId=4, externalId=518, symbol=USDT, cryptoName=Tether, amount=0E-8, currentPriceUsd=1.0000, totalValueUsd=0E-12], WalletBalanceResponseDto[id=12, cryptoId=9, externalId=257, symbol=ADA, cryptoName=Cardano, amount=0E-8, currentPriceUsd=0.1915, totalValueUsd=0E-12], WalletBalanceResponseDto[id=13, cryptoId=5, externalId=2710, symbol=BNB, cryptoName=Binance Coin, amount=0E-8, currentPriceUsd=714.6100, totalValueUsd=0E-12]]], WalletResponseDto[id=1, address=0x41722b9bb3eb456ea150a0f9433870a4, name=wallet1, isDefault=false, balances=[WalletBalanceResponseDto[id=4, cryptoId=4, externalId=518, symbol=USDT, cryptoName=Tether, amount=0E-8, currentPriceUsd=1.0000, totalValueUsd=0E-12], WalletBalanceResponseDto[id=7, cryptoId=5, externalId=2710, symbol=BNB, cryptoName=Binance Coin, amount=0E-8, currentPriceUsd=714.6100, totalValueUsd=0E-12], WalletBalanceResponseDto[id=1, cryptoId=9, externalId=257, symbol=ADA, cryptoName=Cardano, amount=0E-8, currentPriceUsd=0.1915, totalValueUsd=0E-12], WalletBalanceResponseDto[id=5, cryptoId=6, externalId=58, symbol=XRP, cryptoName=XRP, amount=0E-8, currentPriceUsd=1.2800, totalValueUsd=0E-12], WalletBalanceResponseDto[id=6, cryptoId=7, externalId=48543, symbol=SOL, cryptoName=Solana, amount=0E-8, currentPriceUsd=97.2700, totalValueUsd=0E-12], WalletBalanceResponseDto[id=8, cryptoId=8, externalId=2, symbol=DOGE, cryptoName=Dogecoin, amount=0E-8, currentPriceUsd=0.0793, totalValueUsd=0E-12], WalletBalanceResponseDto[id=2, cryptoId=2, externalId=90, symbol=BTC, cryptoName=Bitcoin, amount=5.00000000, currentPriceUsd=75440.5500, totalValueUsd=377202.750000000000], WalletBalanceResponseDto[id=3, cryptoId=3, externalId=80, symbol=ETH, cryptoName=Ethereum, amount=0E-8, currentPriceUsd=2388.4100, totalValueUsd=0E-12]]]],[]>
2026-09-16 22:34:01.987 [http-nio-8080-exec-6] INFO  c.c.e.core.aspect.LoggingAspect - Enter: com.crypto.exchange.web.controller.TransferController.transfer() with argument(s) = [com.crypto.exchange.web.security.UserPrincipal@36ec9e62, TransferRequestDto[fromWalletId=2, recipientAddress=0x41722b9bb3eb456ea150a0f9433870a4, cryptoExternalId=90, amount=5]]
2026-09-16 22:34:01.988 [http-nio-8080-exec-6] INFO  c.c.e.core.aspect.LoggingAspect - Enter: com.crypto.exchange.core.service.implementation.TransferServiceImpl.transfer() with argument(s) = [1, TransferRequestDto[fromWalletId=2, recipientAddress=0x41722b9bb3eb456ea150a0f9433870a4, cryptoExternalId=90, amount=5]]
2026-09-16 22:34:02.060 [http-nio-8080-exec-6] WARN  o.h.e.jdbc.spi.SqlExceptionHelper - SQL Error: 0, SQLState: 23514
2026-09-16 22:34:02.061 [http-nio-8080-exec-6] ERROR o.h.e.jdbc.spi.SqlExceptionHelper - ERROR: new row for relation "transactions" violates check constraint "transactions_type_check"
  Подробности: Failing row contains (2, 2026-09-16 22:34:02.048972+03, 5.00000000, 5.00000000, TRANSFER, 2, 2, 2, 1, 1).
2026-09-16 22:34:02.066 [http-nio-8080-exec-6] ERROR c.c.e.core.aspect.LoggingAspect - Exception in com.crypto.exchange.core.service.implementation.TransferServiceImpl.transfer() with cause = 'org.hibernate.exception.ConstraintViolationException: could not execute statement [ERROR: new row for relation "transactions" violates check constraint "transactions_type_check"
  Подробности: Failing row contains (2, 2026-09-16 22:34:02.048972+03, 5.00000000, 5.00000000, TRANSFER, 2, 2, 2, 1, 1).] [insert into transactions (created_at,from_amount,from_crypto_id,from_wallet_id,to_amount,to_crypto_id,to_wallet_id,type,user_id) values (?,?,?,?,?,?,?,?,?)]' and exception = 'could not execute statement [ERROR: new row for relation "transactions" violates check constraint "transactions_type_check"
  Подробности: Failing row contains (2, 2026-09-16 22:34:02.048972+03, 5.00000000, 5.00000000, TRANSFER, 2, 2, 2, 1, 1).] [insert into transactions (created_at,from_amount,from_crypto_id,from_wallet_id,to_amount,to_crypto_id,to_wallet_id,type,user_id) values (?,?,?,?,?,?,?,?,?)]; SQL [insert into transactions (created_at,from_amount,from_crypto_id,from_wallet_id,to_amount,to_crypto_id,to_wallet_id,type,user_id) values (?,?,?,?,?,?,?,?,?)]; constraint [transactions_type_check]'
2026-09-16 22:34:02.071 [http-nio-8080-exec-6] ERROR c.c.e.core.aspect.LoggingAspect - Exception in com.crypto.exchange.web.controller.TransferController.transfer() with cause = 'org.hibernate.exception.ConstraintViolationException: could not execute statement [ERROR: new row for relation "transactions" violates check constraint "transactions_type_check"
  Подробности: Failing row contains (2, 2026-09-16 22:34:02.048972+03, 5.00000000, 5.00000000, TRANSFER, 2, 2, 2, 1, 1).] [insert into transactions (created_at,from_amount,from_crypto_id,from_wallet_id,to_amount,to_crypto_id,to_wallet_id,type,user_id) values (?,?,?,?,?,?,?,?,?)]' and exception = 'could not execute statement [ERROR: new row for relation "transactions" violates check constraint "transactions_type_check"
  Подробности: Failing row contains (2, 2026-09-16 22:34:02.048972+03, 5.00000000, 5.00000000, TRANSFER, 2, 2, 2, 1, 1).] [insert into transactions (created_at,from_amount,from_crypto_id,from_wallet_id,to_amount,to_crypto_id,to_wallet_id,type,user_id) values (?,?,?,?,?,?,?,?,?)]; SQL [insert into transactions (created_at,from_amount,from_crypto_id,from_wallet_id,to_amount,to_crypto_id,to_wallet_id,type,user_id) values (?,?,?,?,?,?,?,?,?)]; constraint [transactions_type_check]'
2026-09-16 22:34:02.072 [http-nio-8080-exec-6] ERROR c.c.e.c.e.GlobalExceptionHandler - Unhandled Internal Server Error
org.springframework.dao.DataIntegrityViolationException: could not execute statement [ERROR: new row for relation "transactions" violates check constraint "transactions_type_check"
  Подробности: Failing row contains (2, 2026-09-16 22:34:02.048972+03, 5.00000000, 5.00000000, TRANSFER, 2, 2, 2, 1, 1).] [insert into transactions (created_at,from_amount,from_crypto_id,from_wallet_id,to_amount,to_crypto_id,to_wallet_id,type,user_id) values (?,?,?,?,?,?,?,?,?)]; SQL [insert into transactions (created_at,from_amount,from_crypto_id,from_wallet_id,to_amount,to_crypto_id,to_wallet_id,type,user_id) values (?,?,?,?,?,?,?,?,?)]; constraint [transactions_type_check]
	at org.springframework.orm.jpa.vendor.HibernateJpaDialect.convertHibernateAccessException(HibernateJpaDialect.java:290)
	at org.springframework.orm.jpa.vendor.HibernateJpaDialect.translateExceptionIfPossible(HibernateJpaDialect.java:241)
	at org.springframework.orm.jpa.AbstractEntityManagerFactoryBean.translateExceptionIfPossible(AbstractEntityManagerFactoryBean.java:550)
	at org.springframework.dao.support.ChainedPersistenceExceptionTranslator.translateExceptionIfPossible(ChainedPersistenceExceptionTranslator.java:61)
	at org.springframework.dao.support.DataAccessUtils.translateIfNecessary(DataAccessUtils.java:335)
	at org.springframework.dao.support.PersistenceExceptionTranslationInterceptor.invoke(PersistenceExceptionTranslationInterceptor.java:152)
	at org.springframework.aop.framework.ReflectiveMethodInvocation.proceed(ReflectiveMethodInvocation.java:184)
	at org.springframework.data.jpa.repository.support.CrudMethodMetadataPostProcessor$CrudMethodMetadataPopulatingMethodInterceptor.invoke(CrudMethodMetadataPostProcessor.java:164)
	at org.springframework.aop.framework.ReflectiveMethodInvocation.proceed(ReflectiveMethodInvocation.java:184)
	at org.springframework.aop.interceptor.ExposeInvocationInterceptor.invoke(ExposeInvocationInterceptor.java:97)
	at org.springframework.aop.framework.ReflectiveMethodInvocation.proceed(ReflectiveMethodInvocation.java:184)
	at org.springframework.aop.framework.JdkDynamicAopProxy.invoke(JdkDynamicAopProxy.java:223)
	at jdk.proxy4/jdk.proxy4.$Proxy167.save(Unknown Source)
	at com.crypto.exchange.core.service.implementation.TransferServiceImpl.transfer(TransferServiceImpl.java:90)
	at java.base/jdk.internal.reflect.DirectMethodHandleAccessor.invoke(DirectMethodHandleAccessor.java:103)
	at java.base/java.lang.reflect.Method.invoke(Method.java:580)
	at org.springframework.aop.support.AopUtils.invokeJoinpointUsingReflection(AopUtils.java:354)
	at org.springframework.aop.framework.ReflectiveMethodInvocation.invokeJoinpoint(ReflectiveMethodInvocation.java:196)
	at org.springframework.aop.framework.ReflectiveMethodInvocation.proceed(ReflectiveMethodInvocation.java:163)
	at org.springframework.aop.framework.CglibAopProxy$CglibMethodInvocation.proceed(CglibAopProxy.java:768)
	at org.springframework.aop.aspectj.MethodInvocationProceedingJoinPoint.proceed(MethodInvocationProceedingJoinPoint.java:89)
	at com.crypto.exchange.core.aspect.LoggingAspect.logExecutionDetails(LoggingAspect.java:37)
	at java.base/jdk.internal.reflect.DirectMethodHandleAccessor.invoke(DirectMethodHandleAccessor.java:103)
	at java.base/java.lang.reflect.Method.invoke(Method.java:580)
	at org.springframework.aop.aspectj.AbstractAspectJAdvice.invokeAdviceMethodWithGivenArgs(AbstractAspectJAdvice.java:637)
	at org.springframework.aop.aspectj.AbstractAspectJAdvice.invokeAdviceMethod(AbstractAspectJAdvice.java:627)
	at org.springframework.aop.aspectj.AspectJAroundAdvice.invoke(AspectJAroundAdvice.java:71)
	at org.springframework.aop.framework.ReflectiveMethodInvocation.proceed(ReflectiveMethodInvocation.java:184)
	at org.springframework.aop.framework.CglibAopProxy$CglibMethodInvocation.proceed(CglibAopProxy.java:768)
	at org.springframework.transaction.interceptor.TransactionInterceptor$1.proceedWithInvocation(TransactionInterceptor.java:123)
	at org.springframework.transaction.interceptor.TransactionAspectSupport.invokeWithinTransaction(TransactionAspectSupport.java:392)
	at org.springframework.transaction.interceptor.TransactionInterceptor.invoke(TransactionInterceptor.java:119)
	at org.springframework.aop.framework.ReflectiveMethodInvocation.proceed(ReflectiveMethodInvocation.java:184)
	at org.springframework.aop.framework.CglibAopProxy$CglibMethodInvocation.proceed(CglibAopProxy.java:768)
	at org.springframework.aop.interceptor.ExposeInvocationInterceptor.invoke(ExposeInvocationInterceptor.java:97)
	at org.springframework.aop.framework.ReflectiveMethodInvocation.proceed(ReflectiveMethodInvocation.java:184)
	at org.springframework.aop.framework.CglibAopProxy$CglibMethodInvocation.proceed(CglibAopProxy.java:768)
	at org.springframework.aop.framework.CglibAopProxy$DynamicAdvisedInterceptor.intercept(CglibAopProxy.java:720)
	at com.crypto.exchange.core.service.implementation.TransferServiceImpl$$SpringCGLIB$$0.transfer(<generated>)
	at com.crypto.exchange.web.controller.TransferController.transfer(TransferController.java:34)
	at java.base/jdk.internal.reflect.DirectMethodHandleAccessor.invoke(DirectMethodHandleAccessor.java:103)
	at java.base/java.lang.reflect.Method.invoke(Method.java:580)
	at org.springframework.aop.support.AopUtils.invokeJoinpointUsingReflection(AopUtils.java:354)
	at org.springframework.aop.framework.ReflectiveMethodInvocation.invokeJoinpoint(ReflectiveMethodInvocation.java:196)
	at org.springframework.aop.framework.ReflectiveMethodInvocation.proceed(ReflectiveMethodInvocation.java:163)
	at org.springframework.aop.framework.CglibAopProxy$CglibMethodInvocation.proceed(CglibAopProxy.java:768)
	at org.springframework.aop.aspectj.MethodInvocationProceedingJoinPoint.proceed(MethodInvocationProceedingJoinPoint.java:89)
	at com.crypto.exchange.core.aspect.LoggingAspect.logExecutionDetails(LoggingAspect.java:37)
	at java.base/jdk.internal.reflect.DirectMethodHandleAccessor.invoke(DirectMethodHandleAccessor.java:103)
	at java.base/java.lang.reflect.Method.invoke(Method.java:580)
	at org.springframework.aop.aspectj.AbstractAspectJAdvice.invokeAdviceMethodWithGivenArgs(AbstractAspectJAdvice.java:637)
	at org.springframework.aop.aspectj.AbstractAspectJAdvice.invokeAdviceMethod(AbstractAspectJAdvice.java:627)
	at org.springframework.aop.aspectj.AspectJAroundAdvice.invoke(AspectJAroundAdvice.java:71)
	at org.springframework.aop.framework.ReflectiveMethodInvocation.proceed(ReflectiveMethodInvocation.java:184)
	at org.springframework.aop.framework.CglibAopProxy$CglibMethodInvocation.proceed(CglibAopProxy.java:768)
	at org.springframework.aop.interceptor.ExposeInvocationInterceptor.invoke(ExposeInvocationInterceptor.java:97)
	at org.springframework.aop.framework.ReflectiveMethodInvocation.proceed(ReflectiveMethodInvocation.java:184)
	at org.springframework.aop.framework.CglibAopProxy$CglibMethodInvocation.proceed(CglibAopProxy.java:768)
	at org.springframework.aop.framework.CglibAopProxy$DynamicAdvisedInterceptor.intercept(CglibAopProxy.java:720)
	at com.crypto.exchange.web.controller.TransferController$$SpringCGLIB$$0.transfer(<generated>)
	at java.base/jdk.internal.reflect.DirectMethodHandleAccessor.invoke(DirectMethodHandleAccessor.java:103)
	at java.base/java.lang.reflect.Method.invoke(Method.java:580)
	at org.springframework.web.method.support.InvocableHandlerMethod.doInvoke(InvocableHandlerMethod.java:255)
	at org.springframework.web.method.support.InvocableHandlerMethod.invokeForRequest(InvocableHandlerMethod.java:188)
	at org.springframework.web.servlet.mvc.method.annotation.ServletInvocableHandlerMethod.invokeAndHandle(ServletInvocableHandlerMethod.java:118)
	at org.springframework.web.servlet.mvc.method.annotation.RequestMappingHandlerAdapter.invokeHandlerMethod(RequestMappingHandlerAdapter.java:926)
	at org.springframework.web.servlet.mvc.method.annotation.RequestMappingHandlerAdapter.handleInternal(RequestMappingHandlerAdapter.java:831)
	at org.springframework.web.servlet.mvc.method.AbstractHandlerMethodAdapter.handle(AbstractHandlerMethodAdapter.java:87)
	at org.springframework.web.servlet.DispatcherServlet.doDispatch(DispatcherServlet.java:1089)
	at org.springframework.web.servlet.DispatcherServlet.doService(DispatcherServlet.java:979)
	at org.springframework.web.servlet.FrameworkServlet.processRequest(FrameworkServlet.java:1014)
	at org.springframework.web.servlet.FrameworkServlet.doPost(FrameworkServlet.java:914)
	at jakarta.servlet.http.HttpServlet.service(HttpServlet.java:590)
	at org.springframework.web.servlet.FrameworkServlet.service(FrameworkServlet.java:885)
	at jakarta.servlet.http.HttpServlet.service(HttpServlet.java:658)
	at org.apache.catalina.core.ApplicationFilterChain.internalDoFilter(ApplicationFilterChain.java:206)
	at org.apache.catalina.core.ApplicationFilterChain.doFilter(ApplicationFilterChain.java:150)
	at org.apache.tomcat.websocket.server.WsFilter.doFilter(WsFilter.java:51)
	at org.apache.catalina.core.ApplicationFilterChain.internalDoFilter(ApplicationFilterChain.java:175)
	at org.apache.catalina.core.ApplicationFilterChain.doFilter(ApplicationFilterChain.java:150)
	at org.springframework.web.filter.OncePerRequestFilter.doFilter(OncePerRequestFilter.java:110)
	at org.apache.catalina.core.ApplicationFilterChain.internalDoFilter(ApplicationFilterChain.java:175)
	at org.apache.catalina.core.ApplicationFilterChain.doFilter(ApplicationFilterChain.java:150)
	at org.springframework.web.filter.CompositeFilter$VirtualFilterChain.doFilter(CompositeFilter.java:108)
	at org.springframework.security.web.FilterChainProxy.lambda$doFilterInternal$3(FilterChainProxy.java:231)
	at org.springframework.security.web.FilterChainProxy$VirtualFilterChain.doFilter(FilterChainProxy.java:365)
	at org.springframework.security.web.access.intercept.AuthorizationFilter.doFilter(AuthorizationFilter.java:100)
	at org.springframework.security.web.FilterChainProxy$VirtualFilterChain.doFilter(FilterChainProxy.java:374)
	at org.springframework.security.web.access.ExceptionTranslationFilter.doFilter(ExceptionTranslationFilter.java:126)
	at org.springframework.security.web.access.ExceptionTranslationFilter.doFilter(ExceptionTranslationFilter.java:120)
	at org.springframework.security.web.FilterChainProxy$VirtualFilterChain.doFilter(FilterChainProxy.java:374)
	at org.springframework.security.web.session.SessionManagementFilter.doFilter(SessionManagementFilter.java:131)
	at org.springframework.security.web.session.SessionManagementFilter.doFilter(SessionManagementFilter.java:85)
	at org.springframework.security.web.FilterChainProxy$VirtualFilterChain.doFilter(FilterChainProxy.java:374)
	at org.springframework.security.web.authentication.AnonymousAuthenticationFilter.doFilter(AnonymousAuthenticationFilter.java:100)
	at org.springframework.security.web.FilterChainProxy$VirtualFilterChain.doFilter(FilterChainProxy.java:374)
	at org.springframework.security.web.servletapi.SecurityContextHolderAwareRequestFilter.doFilter(SecurityContextHolderAwareRequestFilter.java:179)
	at org.springframework.security.web.FilterChainProxy$VirtualFilterChain.doFilter(FilterChainProxy.java:374)
	at org.springframework.security.web.savedrequest.RequestCacheAwareFilter.doFilter(RequestCacheAwareFilter.java:63)
	at org.springframework.security.web.FilterChainProxy$VirtualFilterChain.doFilter(FilterChainProxy.java:374)
	at com.crypto.exchange.web.security.JwtAuthenticationFilter.doFilterInternal(JwtAuthenticationFilter.java:49)
	at org.springframework.web.filter.OncePerRequestFilter.doFilter(OncePerRequestFilter.java:116)
	at org.springframework.security.web.FilterChainProxy$VirtualFilterChain.doFilter(FilterChainProxy.java:374)
	at org.springframework.security.web.authentication.logout.LogoutFilter.doFilter(LogoutFilter.java:107)
	at org.springframework.security.web.authentication.logout.LogoutFilter.doFilter(LogoutFilter.java:93)
	at org.springframework.security.web.FilterChainProxy$VirtualFilterChain.doFilter(FilterChainProxy.java:374)
	at org.springframework.web.filter.CorsFilter.doFilterInternal(CorsFilter.java:91)
	at org.springframework.web.filter.OncePerRequestFilter.doFilter(OncePerRequestFilter.java:116)
	at org.springframework.security.web.FilterChainProxy$VirtualFilterChain.doFilter(FilterChainProxy.java:374)
	at org.springframework.security.web.header.HeaderWriterFilter.doHeadersAfter(HeaderWriterFilter.java:90)
	at org.springframework.security.web.header.HeaderWriterFilter.doFilterInternal(HeaderWriterFilter.java:75)
	at org.springframework.web.filter.OncePerRequestFilter.doFilter(OncePerRequestFilter.java:116)
	at org.springframework.security.web.FilterChainProxy$VirtualFilterChain.doFilter(FilterChainProxy.java:374)
	at org.springframework.security.web.context.SecurityContextHolderFilter.doFilter(SecurityContextHolderFilter.java:82)
	at org.springframework.security.web.context.SecurityContextHolderFilter.doFilter(SecurityContextHolderFilter.java:69)
	at org.springframework.security.web.FilterChainProxy$VirtualFilterChain.doFilter(FilterChainProxy.java:374)
	at org.springframework.security.web.context.request.async.WebAsyncManagerIntegrationFilter.doFilterInternal(WebAsyncManagerIntegrationFilter.java:62)
	at org.springframework.web.filter.OncePerRequestFilter.doFilter(OncePerRequestFilter.java:116)
	at org.springframework.security.web.FilterChainProxy$VirtualFilterChain.doFilter(FilterChainProxy.java:374)
	at org.springframework.security.web.session.DisableEncodeUrlFilter.doFilterInternal(DisableEncodeUrlFilter.java:42)
	at org.springframework.web.filter.OncePerRequestFilter.doFilter(OncePerRequestFilter.java:116)
	at org.springframework.security.web.FilterChainProxy$VirtualFilterChain.doFilter(FilterChainProxy.java:374)
	at org.springframework.security.web.FilterChainProxy.doFilterInternal(FilterChainProxy.java:233)
	at org.springframework.security.web.FilterChainProxy.doFilter(FilterChainProxy.java:191)
	at org.springframework.web.filter.CompositeFilter$VirtualFilterChain.doFilter(CompositeFilter.java:113)
	at org.springframework.web.servlet.handler.HandlerMappingIntrospector.lambda$createCacheFilter$3(HandlerMappingIntrospector.java:195)
	at org.springframework.web.filter.CompositeFilter$VirtualFilterChain.doFilter(CompositeFilter.java:113)
	at org.springframework.web.filter.CompositeFilter.doFilter(CompositeFilter.java:74)
	at org.springframework.security.config.annotation.web.configuration.WebMvcSecurityConfiguration$CompositeFilterChainProxy.doFilter(WebMvcSecurityConfiguration.java:230)
	at org.springframework.web.filter.DelegatingFilterProxy.invokeDelegate(DelegatingFilterProxy.java:352)
	at org.springframework.web.filter.DelegatingFilterProxy.doFilter(DelegatingFilterProxy.java:268)
	at org.apache.catalina.core.ApplicationFilterChain.internalDoFilter(ApplicationFilterChain.java:175)
	at org.apache.catalina.core.ApplicationFilterChain.doFilter(ApplicationFilterChain.java:150)
	at org.springframework.web.filter.RequestContextFilter.doFilterInternal(RequestContextFilter.java:100)
	at org.springframework.web.filter.OncePerRequestFilter.doFilter(OncePerRequestFilter.java:116)
	at org.apache.catalina.core.ApplicationFilterChain.internalDoFilter(ApplicationFilterChain.java:175)
	at org.apache.catalina.core.ApplicationFilterChain.doFilter(ApplicationFilterChain.java:150)
	at org.springframework.web.filter.FormContentFilter.doFilterInternal(FormContentFilter.java:93)
	at org.springframework.web.filter.OncePerRequestFilter.doFilter(OncePerRequestFilter.java:116)
	at org.apache.catalina.core.ApplicationFilterChain.internalDoFilter(ApplicationFilterChain.java:175)
	at org.apache.catalina.core.ApplicationFilterChain.doFilter(ApplicationFilterChain.java:150)
	at org.springframework.web.filter.CharacterEncodingFilter.doFilterInternal(CharacterEncodingFilter.java:201)
	at org.springframework.web.filter.OncePerRequestFilter.doFilter(OncePerRequestFilter.java:116)
	at org.apache.catalina.core.ApplicationFilterChain.internalDoFilter(ApplicationFilterChain.java:175)
	at org.apache.catalina.core.ApplicationFilterChain.doFilter(ApplicationFilterChain.java:150)
	at org.apache.catalina.core.StandardWrapperValve.invoke(StandardWrapperValve.java:167)
	at org.apache.catalina.core.StandardContextValve.invoke(StandardContextValve.java:90)
	at org.apache.catalina.authenticator.AuthenticatorBase.invoke(AuthenticatorBase.java:482)
	at org.apache.catalina.core.StandardHostValve.invoke(StandardHostValve.java:115)
	at org.apache.catalina.valves.ErrorReportValve.invoke(ErrorReportValve.java:93)
	at org.apache.catalina.core.StandardEngineValve.invoke(StandardEngineValve.java:74)
	at org.apache.catalina.connector.CoyoteAdapter.service(CoyoteAdapter.java:344)
	at org.apache.coyote.http11.Http11Processor.service(Http11Processor.java:391)
	at org.apache.coyote.AbstractProcessorLight.process(AbstractProcessorLight.java:63)
	at org.apache.coyote.AbstractProtocol$ConnectionHandler.process(AbstractProtocol.java:896)
	at org.apache.tomcat.util.net.NioEndpoint$SocketProcessor.doRun(NioEndpoint.java:1736)
	at org.apache.tomcat.util.net.SocketProcessorBase.run(SocketProcessorBase.java:52)
	at org.apache.tomcat.util.threads.ThreadPoolExecutor.runWorker(ThreadPoolExecutor.java:1191)
	at org.apache.tomcat.util.threads.ThreadPoolExecutor$Worker.run(ThreadPoolExecutor.java:659)
	at org.apache.tomcat.util.threads.TaskThread$WrappingRunnable.run(TaskThread.java:63)
	at java.base/java.lang.Thread.run(Thread.java:1575)
Caused by: org.hibernate.exception.ConstraintViolationException: could not execute statement [ERROR: new row for relation "transactions" violates check constraint "transactions_type_check"
  Подробности: Failing row contains (2, 2026-09-16 22:34:02.048972+03, 5.00000000, 5.00000000, TRANSFER, 2, 2, 2, 1, 1).] [insert into transactions (created_at,from_amount,from_crypto_id,from_wallet_id,to_amount,to_crypto_id,to_wallet_id,type,user_id) values (?,?,?,?,?,?,?,?,?)]
	at org.hibernate.exception.internal.SQLStateConversionDelegate.convert(SQLStateConversionDelegate.java:97)
	at org.hibernate.exception.internal.StandardSQLExceptionConverter.convert(StandardSQLExceptionConverter.java:58)
	at org.hibernate.engine.jdbc.spi.SqlExceptionHelper.convert(SqlExceptionHelper.java:108)
	at org.hibernate.engine.jdbc.internal.ResultSetReturnImpl.executeUpdate(ResultSetReturnImpl.java:197)
	at org.hibernate.id.insert.GetGeneratedKeysDelegate.performInsert(GetGeneratedKeysDelegate.java:107)
	at org.hibernate.engine.jdbc.mutation.internal.MutationExecutorPostInsertSingleTable.execute(MutationExecutorPostInsertSingleTable.java:100)
	at org.hibernate.persister.entity.mutation.InsertCoordinator.doStaticInserts(InsertCoordinator.java:175)
	at org.hibernate.persister.entity.mutation.InsertCoordinator.coordinateInsert(InsertCoordinator.java:113)
	at org.hibernate.persister.entity.AbstractEntityPersister.insert(AbstractEntityPersister.java:2868)
	at org.hibernate.action.internal.EntityIdentityInsertAction.execute(EntityIdentityInsertAction.java:81)
	at org.hibernate.engine.spi.ActionQueue.execute(ActionQueue.java:670)
	at org.hibernate.engine.spi.ActionQueue.addResolvedEntityInsertAction(ActionQueue.java:291)
	at org.hibernate.engine.spi.ActionQueue.addInsertAction(ActionQueue.java:272)
	at org.hibernate.engine.spi.ActionQueue.addAction(ActionQueue.java:322)
	at org.hibernate.event.internal.AbstractSaveEventListener.addInsertAction(AbstractSaveEventListener.java:386)
	at org.hibernate.event.internal.AbstractSaveEventListener.performSaveOrReplicate(AbstractSaveEventListener.java:300)
	at org.hibernate.event.internal.AbstractSaveEventListener.performSave(AbstractSaveEventListener.java:219)
	at org.hibernate.event.internal.AbstractSaveEventListener.saveWithGeneratedId(AbstractSaveEventListener.java:134)
	at org.hibernate.event.internal.DefaultPersistEventListener.entityIsTransient(DefaultPersistEventListener.java:175)
	at org.hibernate.event.internal.DefaultPersistEventListener.persist(DefaultPersistEventListener.java:93)
	at org.hibernate.event.internal.DefaultPersistEventListener.onPersist(DefaultPersistEventListener.java:77)
	at org.hibernate.event.internal.DefaultPersistEventListener.onPersist(DefaultPersistEventListener.java:54)
	at org.hibernate.event.service.internal.EventListenerGroupImpl.fireEventOnEachListener(EventListenerGroupImpl.java:127)
	at org.hibernate.internal.SessionImpl.firePersist(SessionImpl.java:754)
	at org.hibernate.internal.SessionImpl.persist(SessionImpl.java:738)
	at java.base/jdk.internal.reflect.DirectMethodHandleAccessor.invoke(DirectMethodHandleAccessor.java:103)
	at java.base/java.lang.reflect.Method.invoke(Method.java:580)
	at org.springframework.orm.jpa.ExtendedEntityManagerCreator$ExtendedEntityManagerInvocationHandler.invoke(ExtendedEntityManagerCreator.java:364)
	at jdk.proxy4/jdk.proxy4.$Proxy155.persist(Unknown Source)
	at java.base/jdk.internal.reflect.DirectMethodHandleAccessor.invoke(DirectMethodHandleAccessor.java:103)
	at java.base/java.lang.reflect.Method.invoke(Method.java:580)
	at org.springframework.orm.jpa.SharedEntityManagerCreator$SharedEntityManagerInvocationHandler.invoke(SharedEntityManagerCreator.java:319)
	at jdk.proxy4/jdk.proxy4.$Proxy155.persist(Unknown Source)
	at org.springframework.data.jpa.repository.support.SimpleJpaRepository.save(SimpleJpaRepository.java:618)
	at java.base/jdk.internal.reflect.DirectMethodHandleAccessor.invoke(DirectMethodHandleAccessor.java:103)
	at java.base/java.lang.reflect.Method.invoke(Method.java:580)
	at org.springframework.aop.support.AopUtils.invokeJoinpointUsingReflection(AopUtils.java:354)
	at org.springframework.data.repository.core.support.RepositoryMethodInvoker$RepositoryFragmentMethodInvoker.lambda$new$0(RepositoryMethodInvoker.java:277)
	at org.springframework.data.repository.core.support.RepositoryMethodInvoker.doInvoke(RepositoryMethodInvoker.java:170)
	at org.springframework.data.repository.core.support.RepositoryMethodInvoker.invoke(RepositoryMethodInvoker.java:158)
	at org.springframework.data.repository.core.support.RepositoryComposition$RepositoryFragments.invoke(RepositoryComposition.java:516)
	at org.springframework.data.repository.core.support.RepositoryComposition.invoke(RepositoryComposition.java:285)
	at org.springframework.data.repository.core.support.RepositoryFactorySupport$ImplementationMethodExecutionInterceptor.invoke(RepositoryFactorySupport.java:628)
	at org.springframework.aop.framework.ReflectiveMethodInvocation.proceed(ReflectiveMethodInvocation.java:184)
	at org.springframework.data.repository.core.support.QueryExecutorMethodInterceptor.doInvoke(QueryExecutorMethodInterceptor.java:168)
	at org.springframework.data.repository.core.support.QueryExecutorMethodInterceptor.invoke(QueryExecutorMethodInterceptor.java:143)
	at org.springframework.aop.framework.ReflectiveMethodInvocation.proceed(ReflectiveMethodInvocation.java:184)
	at org.springframework.data.projection.DefaultMethodInvokingMethodInterceptor.invoke(DefaultMethodInvokingMethodInterceptor.java:70)
	at org.springframework.aop.framework.ReflectiveMethodInvocation.proceed(ReflectiveMethodInvocation.java:184)
	at org.springframework.transaction.interceptor.TransactionInterceptor$1.proceedWithInvocation(TransactionInterceptor.java:123)
	at org.springframework.transaction.interceptor.TransactionAspectSupport.invokeWithinTransaction(TransactionAspectSupport.java:392)
	at org.springframework.transaction.interceptor.TransactionInterceptor.invoke(TransactionInterceptor.java:119)
	at org.springframework.aop.framework.ReflectiveMethodInvocation.proceed(ReflectiveMethodInvocation.java:184)
	at org.springframework.dao.support.PersistenceExceptionTranslationInterceptor.invoke(PersistenceExceptionTranslationInterceptor.java:137)
	... 155 common frames omitted
Caused by: org.postgresql.util.PSQLException: ERROR: new row for relation "transactions" violates check constraint "transactions_type_check"
  Подробности: Failing row contains (2, 2026-09-16 22:34:02.048972+03, 5.00000000, 5.00000000, TRANSFER, 2, 2, 2, 1, 1).
	at org.postgresql.core.v3.QueryExecutorImpl.receiveErrorResponse(QueryExecutorImpl.java:2713)
	at org.postgresql.core.v3.QueryExecutorImpl.processResults(QueryExecutorImpl.java:2401)
	at org.postgresql.core.v3.QueryExecutorImpl.execute(QueryExecutorImpl.java:368)
	at org.postgresql.jdbc.PgStatement.executeInternal(PgStatement.java:498)
	at org.postgresql.jdbc.PgStatement.execute(PgStatement.java:415)
	at org.postgresql.jdbc.PgPreparedStatement.executeWithFlags(PgPreparedStatement.java:190)
	at org.postgresql.jdbc.PgPreparedStatement.executeUpdate(PgPreparedStatement.java:152)
	at com.zaxxer.hikari.pool.ProxyPreparedStatement.executeUpdate(ProxyPreparedStatement.java:61)
	at com.zaxxer.hikari.pool.HikariProxyPreparedStatement.executeUpdate(HikariProxyPreparedStatement.java)
	at org.hibernate.engine.jdbc.internal.ResultSetReturnImpl.executeUpdate(ResultSetReturnImpl.java:194)
	... 205 common frames omitted
2026-09-16 22:34:02.086 [http-nio-8080-exec-6] WARN  o.s.w.s.m.m.a.ExceptionHandlerExceptionResolver - Resolved [org.springframework.dao.DataIntegrityViolationException: could not execute statement [ERROR: new row for relation "transactions" violates check constraint "transactions_type_check"<EOL>  Подробности: Failing row contains (2, 2026-09-16 22:34:02.048972+03, 5.00000000, 5.00000000, TRANSFER, 2, 2, 2, 1, 1).] [insert into transactions (created_at,from_amount,from_crypto_id,from_wallet_id,to_amount,to_crypto_id,to_wallet_id,type,user_id) values (?,?,?,?,?,?,?,?,?)]; SQL [insert into transactions (created_at,from_amount,from_crypto_id,from_wallet_id,to_amount,to_crypto_id,to_wallet_id,type,user_id) values (?,?,?,?,?,?,?,?,?)]; constraint [transactions_type_check]]
2026-09-16 22:36:59.697 [scheduling-1] INFO  c.c.e.core.aspect.LoggingAspect - Enter: com.crypto.exchange.core.service.CryptoInitializerService.scheduledPriceUpdate() with argument(s) = []
2026-09-16 22:36:59.697 [scheduling-1] INFO  c.c.e.c.s.CryptoInitializerService - Starting crypto price synchronization...
2026-09-16 22:36:59.964 [scheduling-1] INFO  c.c.e.c.s.CryptoInitializerService - Success! Updated and mapped 8 cryptocurrencies with CoinLore IDs
2026-09-16 22:36:59.965 [scheduling-1] INFO  c.c.e.core.aspect.LoggingAspect - Exit: com.crypto.exchange.core.service.CryptoInitializerService.scheduledPriceUpdate() executed in 268 ms with result = null
2026-09-16 22:37:32.291 [SpringApplicationShutdownHook] INFO  o.s.o.j.LocalContainerEntityManagerFactoryBean - Closing JPA EntityManagerFactory for persistence unit 'default'
2026-09-16 22:37:32.294 [SpringApplicationShutdownHook] INFO  com.zaxxer.hikari.HikariDataSource - HikariPool-1 - Shutdown initiated...
2026-09-16 22:37:32.301 [SpringApplicationShutdownHook] INFO  com.zaxxer.hikari.HikariDataSource - HikariPool-1 - Shutdown completed.
2026-09-16 22:37:36.620 [background-preinit] INFO  o.h.validator.internal.util.Version - HV000001: Hibernate Validator 8.0.1.Final
2026-09-16 22:37:36.668 [restartedMain] INFO  c.c.exchange.ExchangeApplication - Starting ExchangeApplication using Java 23.0.2 with PID 12260 (E:\bsuirapp\exchange\target\classes started by AxlLN in E:\bsuirapp\exchange)
2026-09-16 22:37:36.668 [restartedMain] DEBUG c.c.exchange.ExchangeApplication - Running with Spring Boot v3.2.5, Spring v6.1.6
2026-09-16 22:37:36.669 [restartedMain] INFO  c.c.exchange.ExchangeApplication - No active profile set, falling back to 1 default profile: "default"
2026-09-16 22:37:36.738 [restartedMain] INFO  o.s.b.d.e.DevToolsPropertyDefaultsPostProcessor - Devtools property defaults active! Set 'spring.devtools.add-properties' to 'false' to disable
2026-09-16 22:37:36.739 [restartedMain] INFO  o.s.b.d.e.DevToolsPropertyDefaultsPostProcessor - For additional web related logging consider setting the 'logging.level.web' property to 'DEBUG'
2026-09-16 22:37:37.670 [restartedMain] INFO  o.s.d.r.c.RepositoryConfigurationDelegate - Bootstrapping Spring Data JPA repositories in DEFAULT mode.
2026-09-16 22:37:37.735 [restartedMain] INFO  o.s.d.r.c.RepositoryConfigurationDelegate - Finished Spring Data repository scanning in 59 ms. Found 6 JPA repository interfaces.
2026-09-16 22:37:38.072 [restartedMain] WARN  o.s.c.s.PostProcessorRegistrationDelegate$BeanPostProcessorChecker - Bean 'org.springframework.ws.config.annotation.DelegatingWsConfiguration' of type [org.springframework.ws.config.annotation.DelegatingWsConfiguration$$SpringCGLIB$$0] is not eligible for getting processed by all BeanPostProcessors (for example: not eligible for auto-proxying). The currently created BeanPostProcessor [annotationActionEndpointMapping] is declared through a non-static factory method on that class; consider declaring it as static instead.
2026-09-16 22:37:38.093 [restartedMain] INFO  o.s.w.s.a.s.AnnotationActionEndpointMapping - Supporting [WS-Addressing August 2004, WS-Addressing 1.0]
2026-09-16 22:37:38.572 [restartedMain] INFO  o.s.b.w.e.tomcat.TomcatWebServer - Tomcat initialized with port 8080 (http)
2026-09-16 22:37:38.583 [restartedMain] INFO  o.a.coyote.http11.Http11NioProtocol - Initializing ProtocolHandler ["http-nio-8080"]
2026-09-16 22:37:38.585 [restartedMain] INFO  o.a.catalina.core.StandardService - Starting service [Tomcat]
2026-09-16 22:37:38.586 [restartedMain] INFO  o.a.catalina.core.StandardEngine - Starting Servlet engine: [Apache Tomcat/10.1.20]
2026-09-16 22:37:38.641 [restartedMain] INFO  o.a.c.c.C.[Tomcat].[localhost].[/] - Initializing Spring embedded WebApplicationContext
2026-09-16 22:37:38.644 [restartedMain] INFO  o.s.b.w.s.c.ServletWebServerApplicationContext - Root WebApplicationContext: initialization completed in 1901 ms
2026-09-16 22:37:38.721 [restartedMain] DEBUG c.c.e.w.s.JwtAuthenticationFilter - Filter 'jwtAuthenticationFilter' configured for use
2026-09-16 22:37:38.873 [restartedMain] INFO  o.h.jpa.internal.util.LogHelper - HHH000204: Processing PersistenceUnitInfo [name: default]
2026-09-16 22:37:38.925 [restartedMain] INFO  org.hibernate.Version - HHH000412: Hibernate ORM core version 6.4.4.Final
2026-09-16 22:37:38.953 [restartedMain] INFO  o.h.c.i.RegionFactoryInitiator - HHH000026: Second-level cache disabled
2026-09-16 22:37:39.235 [restartedMain] INFO  o.s.o.j.p.SpringPersistenceUnitInfo - No LoadTimeWeaver setup: ignoring JPA class transformer
2026-09-16 22:37:39.254 [restartedMain] INFO  com.zaxxer.hikari.HikariDataSource - HikariPool-1 - Starting...
2026-09-16 22:37:39.396 [restartedMain] INFO  com.zaxxer.hikari.pool.HikariPool - HikariPool-1 - Added connection org.postgresql.jdbc.PgConnection@dd86f73
2026-09-16 22:37:39.398 [restartedMain] INFO  com.zaxxer.hikari.HikariDataSource - HikariPool-1 - Start completed.
2026-09-16 22:37:40.345 [restartedMain] INFO  o.h.e.t.j.p.i.JtaPlatformInitiator - HHH000489: No JTA platform available (set 'hibernate.transaction.jta.platform' to enable JTA platform integration)
2026-09-16 22:37:40.589 [restartedMain] INFO  o.s.o.j.LocalContainerEntityManagerFactoryBean - Initialized JPA EntityManagerFactory for persistence unit 'default'
2026-09-16 22:37:40.913 [restartedMain] INFO  o.s.d.j.r.query.QueryEnhancerFactory - Hibernate is in classpath; If applicable, HQL parser will be used.
2026-09-16 22:37:41.756 [restartedMain] WARN  o.s.b.a.o.j.JpaBaseConfiguration$JpaWebConfiguration - spring.jpa.open-in-view is enabled by default. Therefore, database queries may be performed during view rendering. Explicitly configure spring.jpa.open-in-view to disable this warning
2026-09-16 22:37:42.030 [restartedMain] INFO  o.s.s.web.DefaultSecurityFilterChain - Will secure any request with [org.springframework.security.web.session.DisableEncodeUrlFilter@36a9c6e3, org.springframework.security.web.context.request.async.WebAsyncManagerIntegrationFilter@248457b8, org.springframework.security.web.context.SecurityContextHolderFilter@4326fa6e, org.springframework.security.web.header.HeaderWriterFilter@69702561, org.springframework.web.filter.CorsFilter@217bb7cc, org.springframework.security.web.authentication.logout.LogoutFilter@3c9feed3, com.crypto.exchange.web.security.JwtAuthenticationFilter@4a367d47, org.springframework.security.web.savedrequest.RequestCacheAwareFilter@36aa4120, org.springframework.security.web.servletapi.SecurityContextHolderAwareRequestFilter@598ad645, org.springframework.security.web.authentication.AnonymousAuthenticationFilter@29a55dec, org.springframework.security.web.session.SessionManagementFilter@110f0f51, org.springframework.security.web.access.ExceptionTranslationFilter@71a11aea, org.springframework.security.web.access.intercept.AuthorizationFilter@627e0836]
2026-09-16 22:37:42.376 [restartedMain] INFO  o.s.b.d.a.OptionalLiveReloadServer - LiveReload server is running on port 35729
2026-09-16 22:37:42.399 [restartedMain] INFO  o.a.coyote.http11.Http11NioProtocol - Starting ProtocolHandler ["http-nio-8080"]
2026-09-16 22:37:42.416 [restartedMain] INFO  o.s.b.w.e.tomcat.TomcatWebServer - Tomcat started on port 8080 (http) with context path ''
2026-09-16 22:37:42.430 [restartedMain] INFO  c.c.exchange.ExchangeApplication - Started ExchangeApplication in 6.257 seconds (process running for 6.707)
2026-09-16 22:37:42.434 [scheduling-1] INFO  c.c.e.core.aspect.LoggingAspect - Enter: com.crypto.exchange.core.service.CryptoInitializerService.scheduledPriceUpdate() with argument(s) = []
2026-09-16 22:37:42.435 [scheduling-1] INFO  c.c.e.c.s.CryptoInitializerService - Starting crypto price synchronization...
2026-09-16 22:37:43.122 [scheduling-1] INFO  c.c.e.c.s.CryptoInitializerService - Success! Updated and mapped 8 cryptocurrencies with CoinLore IDs
2026-09-16 22:37:43.123 [scheduling-1] INFO  c.c.e.core.aspect.LoggingAspect - Exit: com.crypto.exchange.core.service.CryptoInitializerService.scheduledPriceUpdate() executed in 688 ms with result = null
2026-09-16 22:37:55.287 [http-nio-8080-exec-1] INFO  o.a.c.c.C.[Tomcat].[localhost].[/] - Initializing Spring DispatcherServlet 'dispatcherServlet'
2026-09-16 22:37:55.287 [http-nio-8080-exec-1] INFO  o.s.web.servlet.DispatcherServlet - Initializing Servlet 'dispatcherServlet'
2026-09-16 22:37:55.288 [http-nio-8080-exec-1] INFO  o.s.web.servlet.DispatcherServlet - Completed initialization in 0 ms
2026-09-16 22:37:55.999 [http-nio-8080-exec-8] INFO  o.s.api.AbstractOpenApiResource - Init duration for springdoc-openapi is: 477 ms
2026-09-16 22:38:14.569 [http-nio-8080-exec-9] INFO  c.c.e.core.aspect.LoggingAspect - Enter: com.crypto.exchange.web.controller.AuthController.login() with argument(s) = [LoginRequest[usernameOrEmail=example, password=password]]
2026-09-16 22:38:14.571 [http-nio-8080-exec-9] INFO  c.c.e.core.aspect.LoggingAspect - Enter: com.crypto.exchange.core.service.AuthService.login() with argument(s) = [LoginRequest[usernameOrEmail=example, password=password]]
2026-09-16 22:38:14.891 [http-nio-8080-exec-9] INFO  c.c.e.core.aspect.LoggingAspect - Exit: com.crypto.exchange.core.service.AuthService.login() executed in 319 ms with result = AuthResponseDto[token=eyJhbGciOiJIUzUxMiJ9.eyJzdWIiOiJleGFtcGxlIiwiaWQiOjEsInJvbGUiOiJST0xFX0FETUlOIiwiaWF0IjoxNzg5NTg3NDk0LCJleHAiOjE3ODk2NzM4OTR9.4yY5cKsnrd8wyYVqhoGNhfawyi32KSvV5oL2VZps0XELSQbHAVW-wq7Zeu49HrD90Oid-imut20M6XVPaN8SNQ, tokenType=Bearer, user=UserResponseDto[id=1, username=example, email=example@example.com, role=ROLE_ADMIN, createdAt=2026-09-15T10:54:41.216510Z]]
2026-09-16 22:38:14.898 [http-nio-8080-exec-9] INFO  c.c.e.core.aspect.LoggingAspect - Exit: com.crypto.exchange.web.controller.AuthController.login() executed in 329 ms with result = <200 OK OK,AuthResponseDto[token=eyJhbGciOiJIUzUxMiJ9.eyJzdWIiOiJleGFtcGxlIiwiaWQiOjEsInJvbGUiOiJST0xFX0FETUlOIiwiaWF0IjoxNzg5NTg3NDk0LCJleHAiOjE3ODk2NzM4OTR9.4yY5cKsnrd8wyYVqhoGNhfawyi32KSvV5oL2VZps0XELSQbHAVW-wq7Zeu49HrD90Oid-imut20M6XVPaN8SNQ, tokenType=Bearer, user=UserResponseDto[id=1, username=example, email=example@example.com, role=ROLE_ADMIN, createdAt=2026-09-15T10:54:41.216510Z]],[]>
2026-09-16 22:38:36.956 [http-nio-8080-exec-10] INFO  c.c.e.core.aspect.LoggingAspect - Enter: com.crypto.exchange.web.controller.WalletController.getMyWallets() with argument(s) = [com.crypto.exchange.web.security.UserPrincipal@53d6c092]
2026-09-16 22:38:36.957 [http-nio-8080-exec-10] INFO  c.c.e.core.aspect.LoggingAspect - Enter: com.crypto.exchange.core.service.implementation.WalletServiceImpl.getUserWallets() with argument(s) = [1]
2026-09-16 22:38:37.004 [http-nio-8080-exec-10] INFO  c.c.e.core.aspect.LoggingAspect - Exit: com.crypto.exchange.core.service.implementation.WalletServiceImpl.getUserWallets() executed in 46 ms with result = [WalletResponseDto[id=2, address=0xe15299f163154c50ae7fe8b8c480b3f5, name=wallet2, isDefault=true, balances=[WalletBalanceResponseDto[id=9, cryptoId=6, externalId=58, symbol=XRP, cryptoName=XRP, amount=0E-8, currentPriceUsd=1.2800, totalValueUsd=0E-12], WalletBalanceResponseDto[id=14, cryptoId=4, externalId=518, symbol=USDT, cryptoName=Tether, amount=0E-8, currentPriceUsd=1.0000, totalValueUsd=0E-12], WalletBalanceResponseDto[id=11, cryptoId=2, externalId=90, symbol=BTC, cryptoName=Bitcoin, amount=5.00000000, currentPriceUsd=75519.4500, totalValueUsd=377597.250000000000], WalletBalanceResponseDto[id=15, cryptoId=3, externalId=80, symbol=ETH, cryptoName=Ethereum, amount=0E-8, currentPriceUsd=2386.1400, totalValueUsd=0E-12], WalletBalanceResponseDto[id=10, cryptoId=7, externalId=48543, symbol=SOL, cryptoName=Solana, amount=0E-8, currentPriceUsd=97.3700, totalValueUsd=0E-12], WalletBalanceResponseDto[id=12, cryptoId=9, externalId=257, symbol=ADA, cryptoName=Cardano, amount=0E-8, currentPriceUsd=0.1917, totalValueUsd=0E-12], WalletBalanceResponseDto[id=16, cryptoId=8, externalId=2, symbol=DOGE, cryptoName=Dogecoin, amount=0E-8, currentPriceUsd=0.0795, totalValueUsd=0E-12], WalletBalanceResponseDto[id=13, cryptoId=5, externalId=2710, symbol=BNB, cryptoName=Binance Coin, amount=0E-8, currentPriceUsd=714.8400, totalValueUsd=0E-12]]], WalletResponseDto[id=1, address=0x41722b9bb3eb456ea150a0f9433870a4, name=wallet1, isDefault=false, balances=[WalletBalanceResponseDto[id=4, cryptoId=4, externalId=518, symbol=USDT, cryptoName=Tether, amount=0E-8, currentPriceUsd=1.0000, totalValueUsd=0E-12], WalletBalanceResponseDto[id=1, cryptoId=9, externalId=257, symbol=ADA, cryptoName=Cardano, amount=0E-8, currentPriceUsd=0.1917, totalValueUsd=0E-12], WalletBalanceResponseDto[id=3, cryptoId=3, externalId=80, symbol=ETH, cryptoName=Ethereum, amount=0E-8, currentPriceUsd=2386.1400, totalValueUsd=0E-12], WalletBalanceResponseDto[id=5, cryptoId=6, externalId=58, symbol=XRP, cryptoName=XRP, amount=0E-8, currentPriceUsd=1.2800, totalValueUsd=0E-12], WalletBalanceResponseDto[id=7, cryptoId=5, externalId=2710, symbol=BNB, cryptoName=Binance Coin, amount=0E-8, currentPriceUsd=714.8400, totalValueUsd=0E-12], WalletBalanceResponseDto[id=6, cryptoId=7, externalId=48543, symbol=SOL, cryptoName=Solana, amount=0E-8, currentPriceUsd=97.3700, totalValueUsd=0E-12], WalletBalanceResponseDto[id=8, cryptoId=8, externalId=2, symbol=DOGE, cryptoName=Dogecoin, amount=0E-8, currentPriceUsd=0.0795, totalValueUsd=0E-12], WalletBalanceResponseDto[id=2, cryptoId=2, externalId=90, symbol=BTC, cryptoName=Bitcoin, amount=5.00000000, currentPriceUsd=75519.4500, totalValueUsd=377597.250000000000]]]]
2026-09-16 22:38:37.008 [http-nio-8080-exec-10] INFO  c.c.e.core.aspect.LoggingAspect - Exit: com.crypto.exchange.web.controller.WalletController.getMyWallets() executed in 52 ms with result = <200 OK OK,[WalletResponseDto[id=2, address=0xe15299f163154c50ae7fe8b8c480b3f5, name=wallet2, isDefault=true, balances=[WalletBalanceResponseDto[id=9, cryptoId=6, externalId=58, symbol=XRP, cryptoName=XRP, amount=0E-8, currentPriceUsd=1.2800, totalValueUsd=0E-12], WalletBalanceResponseDto[id=14, cryptoId=4, externalId=518, symbol=USDT, cryptoName=Tether, amount=0E-8, currentPriceUsd=1.0000, totalValueUsd=0E-12], WalletBalanceResponseDto[id=11, cryptoId=2, externalId=90, symbol=BTC, cryptoName=Bitcoin, amount=5.00000000, currentPriceUsd=75519.4500, totalValueUsd=377597.250000000000], WalletBalanceResponseDto[id=15, cryptoId=3, externalId=80, symbol=ETH, cryptoName=Ethereum, amount=0E-8, currentPriceUsd=2386.1400, totalValueUsd=0E-12], WalletBalanceResponseDto[id=10, cryptoId=7, externalId=48543, symbol=SOL, cryptoName=Solana, amount=0E-8, currentPriceUsd=97.3700, totalValueUsd=0E-12], WalletBalanceResponseDto[id=12, cryptoId=9, externalId=257, symbol=ADA, cryptoName=Cardano, amount=0E-8, currentPriceUsd=0.1917, totalValueUsd=0E-12], WalletBalanceResponseDto[id=16, cryptoId=8, externalId=2, symbol=DOGE, cryptoName=Dogecoin, amount=0E-8, currentPriceUsd=0.0795, totalValueUsd=0E-12], WalletBalanceResponseDto[id=13, cryptoId=5, externalId=2710, symbol=BNB, cryptoName=Binance Coin, amount=0E-8, currentPriceUsd=714.8400, totalValueUsd=0E-12]]], WalletResponseDto[id=1, address=0x41722b9bb3eb456ea150a0f9433870a4, name=wallet1, isDefault=false, balances=[WalletBalanceResponseDto[id=4, cryptoId=4, externalId=518, symbol=USDT, cryptoName=Tether, amount=0E-8, currentPriceUsd=1.0000, totalValueUsd=0E-12], WalletBalanceResponseDto[id=1, cryptoId=9, externalId=257, symbol=ADA, cryptoName=Cardano, amount=0E-8, currentPriceUsd=0.1917, totalValueUsd=0E-12], WalletBalanceResponseDto[id=3, cryptoId=3, externalId=80, symbol=ETH, cryptoName=Ethereum, amount=0E-8, currentPriceUsd=2386.1400, totalValueUsd=0E-12], WalletBalanceResponseDto[id=5, cryptoId=6, externalId=58, symbol=XRP, cryptoName=XRP, amount=0E-8, currentPriceUsd=1.2800, totalValueUsd=0E-12], WalletBalanceResponseDto[id=7, cryptoId=5, externalId=2710, symbol=BNB, cryptoName=Binance Coin, amount=0E-8, currentPriceUsd=714.8400, totalValueUsd=0E-12], WalletBalanceResponseDto[id=6, cryptoId=7, externalId=48543, symbol=SOL, cryptoName=Solana, amount=0E-8, currentPriceUsd=97.3700, totalValueUsd=0E-12], WalletBalanceResponseDto[id=8, cryptoId=8, externalId=2, symbol=DOGE, cryptoName=Dogecoin, amount=0E-8, currentPriceUsd=0.0795, totalValueUsd=0E-12], WalletBalanceResponseDto[id=2, cryptoId=2, externalId=90, symbol=BTC, cryptoName=Bitcoin, amount=5.00000000, currentPriceUsd=75519.4500, totalValueUsd=377597.250000000000]]]],[]>
2026-09-16 22:39:09.176 [http-nio-8080-exec-4] INFO  c.c.e.core.aspect.LoggingAspect - Enter: com.crypto.exchange.web.controller.TransferController.transfer() with argument(s) = [com.crypto.exchange.web.security.UserPrincipal@3672eff5, TransferRequestDto[fromWalletId=2, recipientAddress=0x41722b9bb3eb456ea150a0f9433870a4, cryptoExternalId=90, amount=5]]
2026-09-16 22:39:09.177 [http-nio-8080-exec-4] INFO  c.c.e.core.aspect.LoggingAspect - Enter: com.crypto.exchange.core.service.implementation.TransferServiceImpl.transfer() with argument(s) = [1, TransferRequestDto[fromWalletId=2, recipientAddress=0x41722b9bb3eb456ea150a0f9433870a4, cryptoExternalId=90, amount=5]]
2026-09-16 22:39:09.243 [http-nio-8080-exec-4] INFO  c.c.e.core.aspect.LoggingAspect - Exit: com.crypto.exchange.core.service.implementation.TransferServiceImpl.transfer() executed in 66 ms with result = TransferResponseDto[senderAddress=0xe15299f163154c50ae7fe8b8c480b3f5, recipientAddress=0x41722b9bb3eb456ea150a0f9433870a4, cryptoSymbol=BTC, amount=5, timestamp=2026-09-16T22:39:09.243607600, status=SUCCESS]
2026-09-16 22:39:09.246 [http-nio-8080-exec-4] INFO  c.c.e.core.aspect.LoggingAspect - Exit: com.crypto.exchange.web.controller.TransferController.transfer() executed in 70 ms with result = <200 OK OK,TransferResponseDto[senderAddress=0xe15299f163154c50ae7fe8b8c480b3f5, recipientAddress=0x41722b9bb3eb456ea150a0f9433870a4, cryptoSymbol=BTC, amount=5, timestamp=2026-09-16T22:39:09.243607600, status=SUCCESS],[]>
2026-09-16 22:39:24.018 [http-nio-8080-exec-6] INFO  c.c.e.core.aspect.LoggingAspect - Enter: com.crypto.exchange.web.controller.TransactionController.getMyTransactions() with argument(s) = [com.crypto.exchange.web.security.UserPrincipal@55ad34a, Page request [number: 0, size 1, sort: string: ASC]]
2026-09-16 22:39:24.019 [http-nio-8080-exec-6] INFO  c.c.e.core.aspect.LoggingAspect - Enter: com.crypto.exchange.core.service.implementation.TransactionServiceImpl.getUserTransactions() with argument(s) = [1, Page request [number: 0, size 1, sort: string: ASC]]
2026-09-16 22:39:24.031 [http-nio-8080-exec-6] ERROR c.c.e.core.aspect.LoggingAspect - Exception in com.crypto.exchange.core.service.implementation.TransactionServiceImpl.getUserTransactions() with cause = 'java.lang.IllegalArgumentException: org.hibernate.query.sqm.UnknownPathException: Could not resolve attribute 'string' of 'com.crypto.exchange.core.entity.Transaction' [SELECT DISTINCT t FROM Transaction t LEFT JOIN t.fromWallet fw LEFT JOIN t.toWallet tw WHERE fw.user.id = :userId OR tw.user.id = :userId ORDER BY t.createdAt DESC, t.string asc]' and exception = 'org.hibernate.query.sqm.UnknownPathException: Could not resolve attribute 'string' of 'com.crypto.exchange.core.entity.Transaction' [SELECT DISTINCT t FROM Transaction t LEFT JOIN t.fromWallet fw LEFT JOIN t.toWallet tw WHERE fw.user.id = :userId OR tw.user.id = :userId ORDER BY t.createdAt DESC, t.string asc]'
2026-09-16 22:39:24.033 [http-nio-8080-exec-6] ERROR c.c.e.core.aspect.LoggingAspect - Exception in com.crypto.exchange.web.controller.TransactionController.getMyTransactions() with cause = 'java.lang.IllegalArgumentException: org.hibernate.query.sqm.UnknownPathException: Could not resolve attribute 'string' of 'com.crypto.exchange.core.entity.Transaction' [SELECT DISTINCT t FROM Transaction t LEFT JOIN t.fromWallet fw LEFT JOIN t.toWallet tw WHERE fw.user.id = :userId OR tw.user.id = :userId ORDER BY t.createdAt DESC, t.string asc]' and exception = 'org.hibernate.query.sqm.UnknownPathException: Could not resolve attribute 'string' of 'com.crypto.exchange.core.entity.Transaction' [SELECT DISTINCT t FROM Transaction t LEFT JOIN t.fromWallet fw LEFT JOIN t.toWallet tw WHERE fw.user.id = :userId OR tw.user.id = :userId ORDER BY t.createdAt DESC, t.string asc]'
2026-09-16 22:39:24.034 [http-nio-8080-exec-6] ERROR c.c.e.c.e.GlobalExceptionHandler - Unhandled Internal Server Error
org.springframework.dao.InvalidDataAccessApiUsageException: org.hibernate.query.sqm.UnknownPathException: Could not resolve attribute 'string' of 'com.crypto.exchange.core.entity.Transaction' [SELECT DISTINCT t FROM Transaction t LEFT JOIN t.fromWallet fw LEFT JOIN t.toWallet tw WHERE fw.user.id = :userId OR tw.user.id = :userId ORDER BY t.createdAt DESC, t.string asc]
	at org.springframework.orm.jpa.EntityManagerFactoryUtils.convertJpaAccessExceptionIfPossible(EntityManagerFactoryUtils.java:371)
	at org.springframework.orm.jpa.vendor.HibernateJpaDialect.translateExceptionIfPossible(HibernateJpaDialect.java:246)
	at org.springframework.orm.jpa.AbstractEntityManagerFactoryBean.translateExceptionIfPossible(AbstractEntityManagerFactoryBean.java:550)
	at org.springframework.dao.support.ChainedPersistenceExceptionTranslator.translateExceptionIfPossible(ChainedPersistenceExceptionTranslator.java:61)
	at org.springframework.dao.support.DataAccessUtils.translateIfNecessary(DataAccessUtils.java:335)
	at org.springframework.dao.support.PersistenceExceptionTranslationInterceptor.invoke(PersistenceExceptionTranslationInterceptor.java:152)
	at org.springframework.aop.framework.ReflectiveMethodInvocation.proceed(ReflectiveMethodInvocation.java:184)
	at org.springframework.data.jpa.repository.support.CrudMethodMetadataPostProcessor$CrudMethodMetadataPopulatingMethodInterceptor.invoke(CrudMethodMetadataPostProcessor.java:135)
	at org.springframework.aop.framework.ReflectiveMethodInvocation.proceed(ReflectiveMethodInvocation.java:184)
	at org.springframework.aop.interceptor.ExposeInvocationInterceptor.invoke(ExposeInvocationInterceptor.java:97)
	at org.springframework.aop.framework.ReflectiveMethodInvocation.proceed(ReflectiveMethodInvocation.java:184)
	at org.springframework.aop.framework.JdkDynamicAopProxy.invoke(JdkDynamicAopProxy.java:223)
	at jdk.proxy4/jdk.proxy4.$Proxy167.findAllByUserIdInvolved(Unknown Source)
	at com.crypto.exchange.core.service.implementation.TransactionServiceImpl.getUserTransactions(TransactionServiceImpl.java:23)
	at java.base/jdk.internal.reflect.DirectMethodHandleAccessor.invoke(DirectMethodHandleAccessor.java:103)
	at java.base/java.lang.reflect.Method.invoke(Method.java:580)
	at org.springframework.aop.support.AopUtils.invokeJoinpointUsingReflection(AopUtils.java:354)
	at org.springframework.aop.framework.ReflectiveMethodInvocation.invokeJoinpoint(ReflectiveMethodInvocation.java:196)
	at org.springframework.aop.framework.ReflectiveMethodInvocation.proceed(ReflectiveMethodInvocation.java:163)
	at org.springframework.aop.framework.CglibAopProxy$CglibMethodInvocation.proceed(CglibAopProxy.java:768)
	at org.springframework.aop.aspectj.MethodInvocationProceedingJoinPoint.proceed(MethodInvocationProceedingJoinPoint.java:89)
	at com.crypto.exchange.core.aspect.LoggingAspect.logExecutionDetails(LoggingAspect.java:37)
	at java.base/jdk.internal.reflect.DirectMethodHandleAccessor.invoke(DirectMethodHandleAccessor.java:103)
	at java.base/java.lang.reflect.Method.invoke(Method.java:580)
	at org.springframework.aop.aspectj.AbstractAspectJAdvice.invokeAdviceMethodWithGivenArgs(AbstractAspectJAdvice.java:637)
	at org.springframework.aop.aspectj.AbstractAspectJAdvice.invokeAdviceMethod(AbstractAspectJAdvice.java:627)
	at org.springframework.aop.aspectj.AspectJAroundAdvice.invoke(AspectJAroundAdvice.java:71)
	at org.springframework.aop.framework.ReflectiveMethodInvocation.proceed(ReflectiveMethodInvocation.java:184)
	at org.springframework.aop.framework.CglibAopProxy$CglibMethodInvocation.proceed(CglibAopProxy.java:768)
	at org.springframework.transaction.interceptor.TransactionInterceptor$1.proceedWithInvocation(TransactionInterceptor.java:123)
	at org.springframework.transaction.interceptor.TransactionAspectSupport.invokeWithinTransaction(TransactionAspectSupport.java:392)
	at org.springframework.transaction.interceptor.TransactionInterceptor.invoke(TransactionInterceptor.java:119)
	at org.springframework.aop.framework.ReflectiveMethodInvocation.proceed(ReflectiveMethodInvocation.java:184)
	at org.springframework.aop.framework.CglibAopProxy$CglibMethodInvocation.proceed(CglibAopProxy.java:768)
	at org.springframework.aop.interceptor.ExposeInvocationInterceptor.invoke(ExposeInvocationInterceptor.java:97)
	at org.springframework.aop.framework.ReflectiveMethodInvocation.proceed(ReflectiveMethodInvocation.java:184)
	at org.springframework.aop.framework.CglibAopProxy$CglibMethodInvocation.proceed(CglibAopProxy.java:768)
	at org.springframework.aop.framework.CglibAopProxy$DynamicAdvisedInterceptor.intercept(CglibAopProxy.java:720)
	at com.crypto.exchange.core.service.implementation.TransactionServiceImpl$$SpringCGLIB$$0.getUserTransactions(<generated>)
	at com.crypto.exchange.web.controller.TransactionController.getMyTransactions(TransactionController.java:34)
	at java.base/jdk.internal.reflect.DirectMethodHandleAccessor.invoke(DirectMethodHandleAccessor.java:103)
	at java.base/java.lang.reflect.Method.invoke(Method.java:580)
	at org.springframework.aop.support.AopUtils.invokeJoinpointUsingReflection(AopUtils.java:354)
	at org.springframework.aop.framework.ReflectiveMethodInvocation.invokeJoinpoint(ReflectiveMethodInvocation.java:196)
	at org.springframework.aop.framework.ReflectiveMethodInvocation.proceed(ReflectiveMethodInvocation.java:163)
	at org.springframework.aop.framework.CglibAopProxy$CglibMethodInvocation.proceed(CglibAopProxy.java:768)
	at org.springframework.aop.aspectj.MethodInvocationProceedingJoinPoint.proceed(MethodInvocationProceedingJoinPoint.java:89)
	at com.crypto.exchange.core.aspect.LoggingAspect.logExecutionDetails(LoggingAspect.java:37)
	at java.base/jdk.internal.reflect.DirectMethodHandleAccessor.invoke(DirectMethodHandleAccessor.java:103)
	at java.base/java.lang.reflect.Method.invoke(Method.java:580)
	at org.springframework.aop.aspectj.AbstractAspectJAdvice.invokeAdviceMethodWithGivenArgs(AbstractAspectJAdvice.java:637)
	at org.springframework.aop.aspectj.AbstractAspectJAdvice.invokeAdviceMethod(AbstractAspectJAdvice.java:627)
	at org.springframework.aop.aspectj.AspectJAroundAdvice.invoke(AspectJAroundAdvice.java:71)
	at org.springframework.aop.framework.ReflectiveMethodInvocation.proceed(ReflectiveMethodInvocation.java:184)
	at org.springframework.aop.framework.CglibAopProxy$CglibMethodInvocation.proceed(CglibAopProxy.java:768)
	at org.springframework.aop.interceptor.ExposeInvocationInterceptor.invoke(ExposeInvocationInterceptor.java:97)
	at org.springframework.aop.framework.ReflectiveMethodInvocation.proceed(ReflectiveMethodInvocation.java:184)
	at org.springframework.aop.framework.CglibAopProxy$CglibMethodInvocation.proceed(CglibAopProxy.java:768)
	at org.springframework.aop.framework.CglibAopProxy$DynamicAdvisedInterceptor.intercept(CglibAopProxy.java:720)
	at com.crypto.exchange.web.controller.TransactionController$$SpringCGLIB$$0.getMyTransactions(<generated>)
	at java.base/jdk.internal.reflect.DirectMethodHandleAccessor.invoke(DirectMethodHandleAccessor.java:103)
	at java.base/java.lang.reflect.Method.invoke(Method.java:580)
	at org.springframework.web.method.support.InvocableHandlerMethod.doInvoke(InvocableHandlerMethod.java:255)
	at org.springframework.web.method.support.InvocableHandlerMethod.invokeForRequest(InvocableHandlerMethod.java:188)
	at org.springframework.web.servlet.mvc.method.annotation.ServletInvocableHandlerMethod.invokeAndHandle(ServletInvocableHandlerMethod.java:118)
	at org.springframework.web.servlet.mvc.method.annotation.RequestMappingHandlerAdapter.invokeHandlerMethod(RequestMappingHandlerAdapter.java:926)
	at org.springframework.web.servlet.mvc.method.annotation.RequestMappingHandlerAdapter.handleInternal(RequestMappingHandlerAdapter.java:831)
	at org.springframework.web.servlet.mvc.method.AbstractHandlerMethodAdapter.handle(AbstractHandlerMethodAdapter.java:87)
	at org.springframework.web.servlet.DispatcherServlet.doDispatch(DispatcherServlet.java:1089)
	at org.springframework.web.servlet.DispatcherServlet.doService(DispatcherServlet.java:979)
	at org.springframework.web.servlet.FrameworkServlet.processRequest(FrameworkServlet.java:1014)
	at org.springframework.web.servlet.FrameworkServlet.doGet(FrameworkServlet.java:903)
	at jakarta.servlet.http.HttpServlet.service(HttpServlet.java:564)
	at org.springframework.web.servlet.FrameworkServlet.service(FrameworkServlet.java:885)
	at jakarta.servlet.http.HttpServlet.service(HttpServlet.java:658)
	at org.apache.catalina.core.ApplicationFilterChain.internalDoFilter(ApplicationFilterChain.java:206)
	at org.apache.catalina.core.ApplicationFilterChain.doFilter(ApplicationFilterChain.java:150)
	at org.apache.tomcat.websocket.server.WsFilter.doFilter(WsFilter.java:51)
	at org.apache.catalina.core.ApplicationFilterChain.internalDoFilter(ApplicationFilterChain.java:175)
	at org.apache.catalina.core.ApplicationFilterChain.doFilter(ApplicationFilterChain.java:150)
	at org.springframework.web.filter.OncePerRequestFilter.doFilter(OncePerRequestFilter.java:110)
	at org.apache.catalina.core.ApplicationFilterChain.internalDoFilter(ApplicationFilterChain.java:175)
	at org.apache.catalina.core.ApplicationFilterChain.doFilter(ApplicationFilterChain.java:150)
	at org.springframework.web.filter.CompositeFilter$VirtualFilterChain.doFilter(CompositeFilter.java:108)
	at org.springframework.security.web.FilterChainProxy.lambda$doFilterInternal$3(FilterChainProxy.java:231)
	at org.springframework.security.web.FilterChainProxy$VirtualFilterChain.doFilter(FilterChainProxy.java:365)
	at org.springframework.security.web.access.intercept.AuthorizationFilter.doFilter(AuthorizationFilter.java:100)
	at org.springframework.security.web.FilterChainProxy$VirtualFilterChain.doFilter(FilterChainProxy.java:374)
	at org.springframework.security.web.access.ExceptionTranslationFilter.doFilter(ExceptionTranslationFilter.java:126)
	at org.springframework.security.web.access.ExceptionTranslationFilter.doFilter(ExceptionTranslationFilter.java:120)
	at org.springframework.security.web.FilterChainProxy$VirtualFilterChain.doFilter(FilterChainProxy.java:374)
	at org.springframework.security.web.session.SessionManagementFilter.doFilter(SessionManagementFilter.java:131)
	at org.springframework.security.web.session.SessionManagementFilter.doFilter(SessionManagementFilter.java:85)
	at org.springframework.security.web.FilterChainProxy$VirtualFilterChain.doFilter(FilterChainProxy.java:374)
	at org.springframework.security.web.authentication.AnonymousAuthenticationFilter.doFilter(AnonymousAuthenticationFilter.java:100)
	at org.springframework.security.web.FilterChainProxy$VirtualFilterChain.doFilter(FilterChainProxy.java:374)
	at org.springframework.security.web.servletapi.SecurityContextHolderAwareRequestFilter.doFilter(SecurityContextHolderAwareRequestFilter.java:179)
	at org.springframework.security.web.FilterChainProxy$VirtualFilterChain.doFilter(FilterChainProxy.java:374)
	at org.springframework.security.web.savedrequest.RequestCacheAwareFilter.doFilter(RequestCacheAwareFilter.java:63)
	at org.springframework.security.web.FilterChainProxy$VirtualFilterChain.doFilter(FilterChainProxy.java:374)
	at com.crypto.exchange.web.security.JwtAuthenticationFilter.doFilterInternal(JwtAuthenticationFilter.java:49)
	at org.springframework.web.filter.OncePerRequestFilter.doFilter(OncePerRequestFilter.java:116)
	at org.springframework.security.web.FilterChainProxy$VirtualFilterChain.doFilter(FilterChainProxy.java:374)
	at org.springframework.security.web.authentication.logout.LogoutFilter.doFilter(LogoutFilter.java:107)
	at org.springframework.security.web.authentication.logout.LogoutFilter.doFilter(LogoutFilter.java:93)
	at org.springframework.security.web.FilterChainProxy$VirtualFilterChain.doFilter(FilterChainProxy.java:374)
	at org.springframework.web.filter.CorsFilter.doFilterInternal(CorsFilter.java:91)
	at org.springframework.web.filter.OncePerRequestFilter.doFilter(OncePerRequestFilter.java:116)
	at org.springframework.security.web.FilterChainProxy$VirtualFilterChain.doFilter(FilterChainProxy.java:374)
	at org.springframework.security.web.header.HeaderWriterFilter.doHeadersAfter(HeaderWriterFilter.java:90)
	at org.springframework.security.web.header.HeaderWriterFilter.doFilterInternal(HeaderWriterFilter.java:75)
	at org.springframework.web.filter.OncePerRequestFilter.doFilter(OncePerRequestFilter.java:116)
	at org.springframework.security.web.FilterChainProxy$VirtualFilterChain.doFilter(FilterChainProxy.java:374)
	at org.springframework.security.web.context.SecurityContextHolderFilter.doFilter(SecurityContextHolderFilter.java:82)
	at org.springframework.security.web.context.SecurityContextHolderFilter.doFilter(SecurityContextHolderFilter.java:69)
	at org.springframework.security.web.FilterChainProxy$VirtualFilterChain.doFilter(FilterChainProxy.java:374)
	at org.springframework.security.web.context.request.async.WebAsyncManagerIntegrationFilter.doFilterInternal(WebAsyncManagerIntegrationFilter.java:62)
	at org.springframework.web.filter.OncePerRequestFilter.doFilter(OncePerRequestFilter.java:116)
	at org.springframework.security.web.FilterChainProxy$VirtualFilterChain.doFilter(FilterChainProxy.java:374)
	at org.springframework.security.web.session.DisableEncodeUrlFilter.doFilterInternal(DisableEncodeUrlFilter.java:42)
	at org.springframework.web.filter.OncePerRequestFilter.doFilter(OncePerRequestFilter.java:116)
	at org.springframework.security.web.FilterChainProxy$VirtualFilterChain.doFilter(FilterChainProxy.java:374)
	at org.springframework.security.web.FilterChainProxy.doFilterInternal(FilterChainProxy.java:233)
	at org.springframework.security.web.FilterChainProxy.doFilter(FilterChainProxy.java:191)
	at org.springframework.web.filter.CompositeFilter$VirtualFilterChain.doFilter(CompositeFilter.java:113)
	at org.springframework.web.servlet.handler.HandlerMappingIntrospector.lambda$createCacheFilter$3(HandlerMappingIntrospector.java:195)
	at org.springframework.web.filter.CompositeFilter$VirtualFilterChain.doFilter(CompositeFilter.java:113)
	at org.springframework.web.filter.CompositeFilter.doFilter(CompositeFilter.java:74)
	at org.springframework.security.config.annotation.web.configuration.WebMvcSecurityConfiguration$CompositeFilterChainProxy.doFilter(WebMvcSecurityConfiguration.java:230)
	at org.springframework.web.filter.DelegatingFilterProxy.invokeDelegate(DelegatingFilterProxy.java:352)
	at org.springframework.web.filter.DelegatingFilterProxy.doFilter(DelegatingFilterProxy.java:268)
	at org.apache.catalina.core.ApplicationFilterChain.internalDoFilter(ApplicationFilterChain.java:175)
	at org.apache.catalina.core.ApplicationFilterChain.doFilter(ApplicationFilterChain.java:150)
	at org.springframework.web.filter.RequestContextFilter.doFilterInternal(RequestContextFilter.java:100)
	at org.springframework.web.filter.OncePerRequestFilter.doFilter(OncePerRequestFilter.java:116)
	at org.apache.catalina.core.ApplicationFilterChain.internalDoFilter(ApplicationFilterChain.java:175)
	at org.apache.catalina.core.ApplicationFilterChain.doFilter(ApplicationFilterChain.java:150)
	at org.springframework.web.filter.FormContentFilter.doFilterInternal(FormContentFilter.java:93)
	at org.springframework.web.filter.OncePerRequestFilter.doFilter(OncePerRequestFilter.java:116)
	at org.apache.catalina.core.ApplicationFilterChain.internalDoFilter(ApplicationFilterChain.java:175)
	at org.apache.catalina.core.ApplicationFilterChain.doFilter(ApplicationFilterChain.java:150)
	at org.springframework.web.filter.CharacterEncodingFilter.doFilterInternal(CharacterEncodingFilter.java:201)
	at org.springframework.web.filter.OncePerRequestFilter.doFilter(OncePerRequestFilter.java:116)
	at org.apache.catalina.core.ApplicationFilterChain.internalDoFilter(ApplicationFilterChain.java:175)
	at org.apache.catalina.core.ApplicationFilterChain.doFilter(ApplicationFilterChain.java:150)
	at org.apache.catalina.core.StandardWrapperValve.invoke(StandardWrapperValve.java:167)
	at org.apache.catalina.core.StandardContextValve.invoke(StandardContextValve.java:90)
	at org.apache.catalina.authenticator.AuthenticatorBase.invoke(AuthenticatorBase.java:482)
	at org.apache.catalina.core.StandardHostValve.invoke(StandardHostValve.java:115)
	at org.apache.catalina.valves.ErrorReportValve.invoke(ErrorReportValve.java:93)
	at org.apache.catalina.core.StandardEngineValve.invoke(StandardEngineValve.java:74)
	at org.apache.catalina.connector.CoyoteAdapter.service(CoyoteAdapter.java:344)
	at org.apache.coyote.http11.Http11Processor.service(Http11Processor.java:391)
	at org.apache.coyote.AbstractProcessorLight.process(AbstractProcessorLight.java:63)
	at org.apache.coyote.AbstractProtocol$ConnectionHandler.process(AbstractProtocol.java:896)
	at org.apache.tomcat.util.net.NioEndpoint$SocketProcessor.doRun(NioEndpoint.java:1736)
	at org.apache.tomcat.util.net.SocketProcessorBase.run(SocketProcessorBase.java:52)
	at org.apache.tomcat.util.threads.ThreadPoolExecutor.runWorker(ThreadPoolExecutor.java:1191)
	at org.apache.tomcat.util.threads.ThreadPoolExecutor$Worker.run(ThreadPoolExecutor.java:659)
	at org.apache.tomcat.util.threads.TaskThread$WrappingRunnable.run(TaskThread.java:63)
	at java.base/java.lang.Thread.run(Thread.java:1575)
Caused by: java.lang.IllegalArgumentException: org.hibernate.query.sqm.UnknownPathException: Could not resolve attribute 'string' of 'com.crypto.exchange.core.entity.Transaction' [SELECT DISTINCT t FROM Transaction t LEFT JOIN t.fromWallet fw LEFT JOIN t.toWallet tw WHERE fw.user.id = :userId OR tw.user.id = :userId ORDER BY t.createdAt DESC, t.string asc]
	at org.hibernate.internal.ExceptionConverterImpl.convert(ExceptionConverterImpl.java:143)
	at org.hibernate.internal.ExceptionConverterImpl.convert(ExceptionConverterImpl.java:167)
	at org.hibernate.internal.ExceptionConverterImpl.convert(ExceptionConverterImpl.java:173)
	at org.hibernate.internal.AbstractSharedSessionContract.createQuery(AbstractSharedSessionContract.java:848)
	at org.hibernate.internal.AbstractSharedSessionContract.createQuery(AbstractSharedSessionContract.java:753)
	at org.hibernate.internal.AbstractSharedSessionContract.createQuery(AbstractSharedSessionContract.java:136)
	at java.base/jdk.internal.reflect.DirectMethodHandleAccessor.invoke(DirectMethodHandleAccessor.java:103)
	at java.base/java.lang.reflect.Method.invoke(Method.java:580)
	at org.springframework.orm.jpa.ExtendedEntityManagerCreator$ExtendedEntityManagerInvocationHandler.invoke(ExtendedEntityManagerCreator.java:364)
	at jdk.proxy4/jdk.proxy4.$Proxy155.createQuery(Unknown Source)
	at java.base/jdk.internal.reflect.DirectMethodHandleAccessor.invoke(DirectMethodHandleAccessor.java:103)
	at java.base/java.lang.reflect.Method.invoke(Method.java:580)
	at org.springframework.orm.jpa.SharedEntityManagerCreator$SharedEntityManagerInvocationHandler.invoke(SharedEntityManagerCreator.java:319)
	at jdk.proxy4/jdk.proxy4.$Proxy155.createQuery(Unknown Source)
	at org.springframework.data.jpa.repository.query.AbstractStringBasedJpaQuery.createJpaQuery(AbstractStringBasedJpaQuery.java:184)
	at org.springframework.data.jpa.repository.query.AbstractStringBasedJpaQuery.doCreateQuery(AbstractStringBasedJpaQuery.java:124)
	at org.springframework.data.jpa.repository.query.AbstractJpaQuery.createQuery(AbstractJpaQuery.java:239)
	at org.springframework.data.jpa.repository.query.JpaQueryExecution$PagedExecution.doExecute(JpaQueryExecution.java:202)
	at org.springframework.data.jpa.repository.query.JpaQueryExecution.execute(JpaQueryExecution.java:92)
	at org.springframework.data.jpa.repository.query.AbstractJpaQuery.doExecute(AbstractJpaQuery.java:149)
	at org.springframework.data.jpa.repository.query.AbstractJpaQuery.execute(AbstractJpaQuery.java:137)
	at org.springframework.data.repository.core.support.RepositoryMethodInvoker.doInvoke(RepositoryMethodInvoker.java:170)
	at org.springframework.data.repository.core.support.RepositoryMethodInvoker.invoke(RepositoryMethodInvoker.java:158)
	at org.springframework.data.repository.core.support.QueryExecutorMethodInterceptor.doInvoke(QueryExecutorMethodInterceptor.java:164)
	at org.springframework.data.repository.core.support.QueryExecutorMethodInterceptor.invoke(QueryExecutorMethodInterceptor.java:143)
	at org.springframework.aop.framework.ReflectiveMethodInvocation.proceed(ReflectiveMethodInvocation.java:184)
	at org.springframework.data.projection.DefaultMethodInvokingMethodInterceptor.invoke(DefaultMethodInvokingMethodInterceptor.java:70)
	at org.springframework.aop.framework.ReflectiveMethodInvocation.proceed(ReflectiveMethodInvocation.java:184)
	at org.springframework.transaction.interceptor.TransactionInterceptor$1.proceedWithInvocation(TransactionInterceptor.java:123)
	at org.springframework.transaction.interceptor.TransactionAspectSupport.invokeWithinTransaction(TransactionAspectSupport.java:392)
	at org.springframework.transaction.interceptor.TransactionInterceptor.invoke(TransactionInterceptor.java:119)
	at org.springframework.aop.framework.ReflectiveMethodInvocation.proceed(ReflectiveMethodInvocation.java:184)
	at org.springframework.dao.support.PersistenceExceptionTranslationInterceptor.invoke(PersistenceExceptionTranslationInterceptor.java:137)
	... 155 common frames omitted
Caused by: org.hibernate.query.sqm.UnknownPathException: Could not resolve attribute 'string' of 'com.crypto.exchange.core.entity.Transaction' [SELECT DISTINCT t FROM Transaction t LEFT JOIN t.fromWallet fw LEFT JOIN t.toWallet tw WHERE fw.user.id = :userId OR tw.user.id = :userId ORDER BY t.createdAt DESC, t.string asc]
	at org.hibernate.query.hql.internal.StandardHqlTranslator.translate(StandardHqlTranslator.java:87)
	at org.hibernate.query.internal.QueryInterpretationCacheStandardImpl.createHqlInterpretation(QueryInterpretationCacheStandardImpl.java:165)
	at org.hibernate.query.internal.QueryInterpretationCacheStandardImpl.resolveHqlInterpretation(QueryInterpretationCacheStandardImpl.java:147)
	at org.hibernate.internal.AbstractSharedSessionContract.interpretHql(AbstractSharedSessionContract.java:790)
	at org.hibernate.internal.AbstractSharedSessionContract.createQuery(AbstractSharedSessionContract.java:840)
	... 184 common frames omitted
Caused by: org.hibernate.query.sqm.PathElementException: Could not resolve attribute 'string' of 'com.crypto.exchange.core.entity.Transaction'
	at org.hibernate.query.sqm.SqmPathSource.getSubPathSource(SqmPathSource.java:95)
	at org.hibernate.query.sqm.tree.domain.AbstractSqmPath.get(AbstractSqmPath.java:202)
	at org.hibernate.query.sqm.tree.domain.AbstractSqmFrom.resolvePathPart(AbstractSqmFrom.java:196)
	at org.hibernate.query.hql.internal.DomainPathPart.resolvePathPart(DomainPathPart.java:42)
	at org.hibernate.query.hql.internal.BasicDotIdentifierConsumer.consumeIdentifier(BasicDotIdentifierConsumer.java:91)
	at org.hibernate.query.hql.internal.SemanticQueryBuilder.visitSimplePath(SemanticQueryBuilder.java:5060)
	at org.hibernate.query.hql.internal.SemanticQueryBuilder.visitIndexedPathAccessFragment(SemanticQueryBuilder.java:5009)
	at org.hibernate.query.hql.internal.SemanticQueryBuilder.visitGeneralPathFragment(SemanticQueryBuilder.java:4984)
	at org.hibernate.query.hql.internal.SemanticQueryBuilder.visitGeneralPathExpression(SemanticQueryBuilder.java:1776)
	at org.hibernate.grammars.hql.HqlParser$GeneralPathExpressionContext.accept(HqlParser.java:7699)
	at org.antlr.v4.runtime.tree.AbstractParseTreeVisitor.visitChildren(AbstractParseTreeVisitor.java:46)
	at org.hibernate.grammars.hql.HqlParserBaseVisitor.visitBarePrimaryExpression(HqlParserBaseVisitor.java:756)
	at org.hibernate.grammars.hql.HqlParser$BarePrimaryExpressionContext.accept(HqlParser.java:7157)
	at org.hibernate.query.hql.internal.SemanticQueryBuilder.resolveOrderByOrGroupByExpression(SemanticQueryBuilder.java:1598)
	at org.hibernate.query.hql.internal.SemanticQueryBuilder.visitSortExpression(SemanticQueryBuilder.java:1681)
	at org.hibernate.query.hql.internal.SemanticQueryBuilder.visitSortSpecification(SemanticQueryBuilder.java:1641)
	at org.hibernate.query.hql.internal.SemanticQueryBuilder.visitOrderByClause(SemanticQueryBuilder.java:1624)
	at org.hibernate.query.hql.internal.SemanticQueryBuilder.visitOrderByClause(SemanticQueryBuilder.java:1613)
	at org.hibernate.query.hql.internal.SemanticQueryBuilder.visitQueryOrder(SemanticQueryBuilder.java:1095)
	at org.hibernate.query.hql.internal.SemanticQueryBuilder.visitQuerySpecExpression(SemanticQueryBuilder.java:944)
	at org.hibernate.query.hql.internal.SemanticQueryBuilder.visitQuerySpecExpression(SemanticQueryBuilder.java:269)
	at org.hibernate.grammars.hql.HqlParser$QuerySpecExpressionContext.accept(HqlParser.java:1869)
	at org.hibernate.query.hql.internal.SemanticQueryBuilder.visitSimpleQueryGroup(SemanticQueryBuilder.java:926)
	at org.hibernate.query.hql.internal.SemanticQueryBuilder.visitSimpleQueryGroup(SemanticQueryBuilder.java:269)
	at org.hibernate.grammars.hql.HqlParser$SimpleQueryGroupContext.accept(HqlParser.java:1740)
	at org.hibernate.query.hql.internal.SemanticQueryBuilder.visitSelectStatement(SemanticQueryBuilder.java:443)
	at org.hibernate.query.hql.internal.SemanticQueryBuilder.visitStatement(SemanticQueryBuilder.java:402)
	at org.hibernate.query.hql.internal.SemanticQueryBuilder.buildSemanticModel(SemanticQueryBuilder.java:311)
	at org.hibernate.query.hql.internal.StandardHqlTranslator.translate(StandardHqlTranslator.java:71)
	... 188 common frames omitted
2026-09-16 22:39:24.043 [http-nio-8080-exec-6] WARN  o.s.w.s.m.m.a.ExceptionHandlerExceptionResolver - Resolved [org.springframework.dao.InvalidDataAccessApiUsageException: org.hibernate.query.sqm.UnknownPathException: Could not resolve attribute 'string' of 'com.crypto.exchange.core.entity.Transaction' [SELECT DISTINCT t FROM Transaction t LEFT JOIN t.fromWallet fw LEFT JOIN t.toWallet tw WHERE fw.user.id = :userId OR tw.user.id = :userId ORDER BY t.createdAt DESC, t.string asc]]
2026-09-16 22:42:02.511 [http-nio-8080-exec-7] INFO  c.c.e.core.aspect.LoggingAspect - Enter: com.crypto.exchange.web.controller.TransactionController.getMyTransactions() with argument(s) = [com.crypto.exchange.web.security.UserPrincipal@73756b2b, Page request [number: 0, size 10, sort: createdAt: DESC]]
2026-09-16 22:42:02.512 [http-nio-8080-exec-7] INFO  c.c.e.core.aspect.LoggingAspect - Enter: com.crypto.exchange.core.service.implementation.TransactionServiceImpl.getUserTransactions() with argument(s) = [1, Page request [number: 0, size 10, sort: createdAt: DESC]]
2026-09-16 22:42:02.533 [http-nio-8080-exec-7] INFO  c.c.e.core.aspect.LoggingAspect - Exit: com.crypto.exchange.core.service.implementation.TransactionServiceImpl.getUserTransactions() executed in 20 ms with result = Page 1 of 1 containing com.crypto.exchange.web.dto.response.TransactionResponseDto instances
2026-09-16 22:42:02.535 [http-nio-8080-exec-7] INFO  c.c.e.core.aspect.LoggingAspect - Exit: com.crypto.exchange.web.controller.TransactionController.getMyTransactions() executed in 23 ms with result = <200 OK OK,Page 1 of 1 containing com.crypto.exchange.web.dto.response.TransactionResponseDto instances,[]>
2026-09-16 22:42:42.436 [scheduling-1] INFO  c.c.e.core.aspect.LoggingAspect - Enter: com.crypto.exchange.core.service.CryptoInitializerService.scheduledPriceUpdate() with argument(s) = []
2026-09-16 22:42:42.436 [scheduling-1] INFO  c.c.e.c.s.CryptoInitializerService - Starting crypto price synchronization...
2026-09-16 22:42:42.740 [scheduling-1] INFO  c.c.e.c.s.CryptoInitializerService - Success! Updated and mapped 8 cryptocurrencies with CoinLore IDs
2026-09-16 22:42:42.740 [scheduling-1] INFO  c.c.e.core.aspect.LoggingAspect - Exit: com.crypto.exchange.core.service.CryptoInitializerService.scheduledPriceUpdate() executed in 304 ms with result = null
2026-09-16 22:47:42.443 [scheduling-1] INFO  c.c.e.core.aspect.LoggingAspect - Enter: com.crypto.exchange.core.service.CryptoInitializerService.scheduledPriceUpdate() with argument(s) = []
2026-09-16 22:47:42.443 [scheduling-1] INFO  c.c.e.c.s.CryptoInitializerService - Starting crypto price synchronization...
2026-09-16 22:47:42.669 [scheduling-1] INFO  c.c.e.c.s.CryptoInitializerService - Success! Updated and mapped 8 cryptocurrencies with CoinLore IDs
2026-09-16 22:47:42.669 [scheduling-1] INFO  c.c.e.core.aspect.LoggingAspect - Exit: com.crypto.exchange.core.service.CryptoInitializerService.scheduledPriceUpdate() executed in 226 ms with result = null
2026-09-16 22:52:42.438 [scheduling-1] INFO  c.c.e.core.aspect.LoggingAspect - Enter: com.crypto.exchange.core.service.CryptoInitializerService.scheduledPriceUpdate() with argument(s) = []
2026-09-16 22:52:42.439 [scheduling-1] INFO  c.c.e.c.s.CryptoInitializerService - Starting crypto price synchronization...
2026-09-16 22:52:42.681 [scheduling-1] INFO  c.c.e.c.s.CryptoInitializerService - Success! Updated and mapped 8 cryptocurrencies with CoinLore IDs
2026-09-16 22:52:42.681 [scheduling-1] INFO  c.c.e.core.aspect.LoggingAspect - Exit: com.crypto.exchange.core.service.CryptoInitializerService.scheduledPriceUpdate() executed in 242 ms with result = null
2026-09-16 22:57:42.429 [scheduling-1] INFO  c.c.e.core.aspect.LoggingAspect - Enter: com.crypto.exchange.core.service.CryptoInitializerService.scheduledPriceUpdate() with argument(s) = []
2026-09-16 22:57:42.430 [scheduling-1] INFO  c.c.e.c.s.CryptoInitializerService - Starting crypto price synchronization...
2026-09-16 22:57:42.818 [scheduling-1] INFO  c.c.e.c.s.CryptoInitializerService - Success! Updated and mapped 8 cryptocurrencies with CoinLore IDs
2026-09-16 22:57:42.819 [scheduling-1] INFO  c.c.e.core.aspect.LoggingAspect - Exit: com.crypto.exchange.core.service.CryptoInitializerService.scheduledPriceUpdate() executed in 389 ms with result = null
2026-09-16 23:02:42.436 [scheduling-1] INFO  c.c.e.core.aspect.LoggingAspect - Enter: com.crypto.exchange.core.service.CryptoInitializerService.scheduledPriceUpdate() with argument(s) = []
2026-09-16 23:02:42.436 [scheduling-1] INFO  c.c.e.c.s.CryptoInitializerService - Starting crypto price synchronization...
2026-09-16 23:02:42.665 [scheduling-1] INFO  c.c.e.c.s.CryptoInitializerService - Success! Updated and mapped 8 cryptocurrencies with CoinLore IDs
2026-09-16 23:02:42.665 [scheduling-1] INFO  c.c.e.core.aspect.LoggingAspect - Exit: com.crypto.exchange.core.service.CryptoInitializerService.scheduledPriceUpdate() executed in 229 ms with result = null
2026-09-16 23:07:42.443 [scheduling-1] INFO  c.c.e.core.aspect.LoggingAspect - Enter: com.crypto.exchange.core.service.CryptoInitializerService.scheduledPriceUpdate() with argument(s) = []
2026-09-16 23:07:42.444 [scheduling-1] INFO  c.c.e.c.s.CryptoInitializerService - Starting crypto price synchronization...
2026-09-16 23:07:42.722 [scheduling-1] INFO  c.c.e.c.s.CryptoInitializerService - Success! Updated and mapped 8 cryptocurrencies with CoinLore IDs
2026-09-16 23:07:42.722 [scheduling-1] INFO  c.c.e.core.aspect.LoggingAspect - Exit: com.crypto.exchange.core.service.CryptoInitializerService.scheduledPriceUpdate() executed in 279 ms with result = null
2026-09-16 23:12:42.437 [scheduling-1] INFO  c.c.e.core.aspect.LoggingAspect - Enter: com.crypto.exchange.core.service.CryptoInitializerService.scheduledPriceUpdate() with argument(s) = []
2026-09-16 23:12:42.438 [scheduling-1] INFO  c.c.e.c.s.CryptoInitializerService - Starting crypto price synchronization...
2026-09-16 23:12:42.689 [scheduling-1] INFO  c.c.e.c.s.CryptoInitializerService - Success! Updated and mapped 8 cryptocurrencies with CoinLore IDs
2026-09-16 23:12:42.689 [scheduling-1] INFO  c.c.e.core.aspect.LoggingAspect - Exit: com.crypto.exchange.core.service.CryptoInitializerService.scheduledPriceUpdate() executed in 251 ms with result = null
2026-09-16 23:17:42.442 [scheduling-1] INFO  c.c.e.core.aspect.LoggingAspect - Enter: com.crypto.exchange.core.service.CryptoInitializerService.scheduledPriceUpdate() with argument(s) = []
2026-09-16 23:17:42.443 [scheduling-1] INFO  c.c.e.c.s.CryptoInitializerService - Starting crypto price synchronization...
2026-09-16 23:17:42.639 [scheduling-1] INFO  c.c.e.c.s.CryptoInitializerService - Success! Updated and mapped 8 cryptocurrencies with CoinLore IDs
2026-09-16 23:17:42.639 [scheduling-1] INFO  c.c.e.core.aspect.LoggingAspect - Exit: com.crypto.exchange.core.service.CryptoInitializerService.scheduledPriceUpdate() executed in 196 ms with result = null
2026-09-16 23:18:10.924 [SpringApplicationShutdownHook] INFO  o.s.o.j.LocalContainerEntityManagerFactoryBean - Closing JPA EntityManagerFactory for persistence unit 'default'
2026-09-16 23:18:10.930 [SpringApplicationShutdownHook] INFO  com.zaxxer.hikari.HikariDataSource - HikariPool-1 - Shutdown initiated...
2026-09-16 23:18:10.933 [SpringApplicationShutdownHook] INFO  com.zaxxer.hikari.HikariDataSource - HikariPool-1 - Shutdown completed.
2026-09-16 23:20:38.607 [background-preinit] INFO  o.h.validator.internal.util.Version - HV000001: Hibernate Validator 8.0.1.Final
2026-09-16 23:20:38.658 [restartedMain] INFO  c.c.exchange.ExchangeApplication - Starting ExchangeApplication using Java 23.0.2 with PID 21208 (E:\bsuirapp\exchange\target\classes started by AxlLN in E:\bsuirapp\exchange)
2026-09-16 23:20:38.659 [restartedMain] DEBUG c.c.exchange.ExchangeApplication - Running with Spring Boot v3.2.5, Spring v6.1.6
2026-09-16 23:20:38.660 [restartedMain] INFO  c.c.exchange.ExchangeApplication - No active profile set, falling back to 1 default profile: "default"
2026-09-16 23:20:38.736 [restartedMain] INFO  o.s.b.d.e.DevToolsPropertyDefaultsPostProcessor - Devtools property defaults active! Set 'spring.devtools.add-properties' to 'false' to disable
2026-09-16 23:20:38.736 [restartedMain] INFO  o.s.b.d.e.DevToolsPropertyDefaultsPostProcessor - For additional web related logging consider setting the 'logging.level.web' property to 'DEBUG'
2026-09-16 23:20:39.645 [restartedMain] INFO  o.s.d.r.c.RepositoryConfigurationDelegate - Bootstrapping Spring Data JPA repositories in DEFAULT mode.
2026-09-16 23:20:39.709 [restartedMain] INFO  o.s.d.r.c.RepositoryConfigurationDelegate - Finished Spring Data repository scanning in 57 ms. Found 6 JPA repository interfaces.
2026-09-16 23:20:40.030 [restartedMain] WARN  o.s.c.s.PostProcessorRegistrationDelegate$BeanPostProcessorChecker - Bean 'org.springframework.ws.config.annotation.DelegatingWsConfiguration' of type [org.springframework.ws.config.annotation.DelegatingWsConfiguration$$SpringCGLIB$$0] is not eligible for getting processed by all BeanPostProcessors (for example: not eligible for auto-proxying). The currently created BeanPostProcessor [annotationActionEndpointMapping] is declared through a non-static factory method on that class; consider declaring it as static instead.
2026-09-16 23:20:40.058 [restartedMain] INFO  o.s.w.s.a.s.AnnotationActionEndpointMapping - Supporting [WS-Addressing August 2004, WS-Addressing 1.0]
2026-09-16 23:20:40.524 [restartedMain] INFO  o.s.b.w.e.tomcat.TomcatWebServer - Tomcat initialized with port 8080 (http)
2026-09-16 23:20:40.534 [restartedMain] INFO  o.a.coyote.http11.Http11NioProtocol - Initializing ProtocolHandler ["http-nio-8080"]
2026-09-16 23:20:40.537 [restartedMain] INFO  o.a.catalina.core.StandardService - Starting service [Tomcat]
2026-09-16 23:20:40.537 [restartedMain] INFO  o.a.catalina.core.StandardEngine - Starting Servlet engine: [Apache Tomcat/10.1.20]
2026-09-16 23:20:40.585 [restartedMain] INFO  o.a.c.c.C.[Tomcat].[localhost].[/] - Initializing Spring embedded WebApplicationContext
2026-09-16 23:20:40.586 [restartedMain] INFO  o.s.b.w.s.c.ServletWebServerApplicationContext - Root WebApplicationContext: initialization completed in 1848 ms
2026-09-16 23:20:40.665 [restartedMain] DEBUG c.c.e.w.s.JwtAuthenticationFilter - Filter 'jwtAuthenticationFilter' configured for use
2026-09-16 23:20:40.804 [restartedMain] INFO  o.h.jpa.internal.util.LogHelper - HHH000204: Processing PersistenceUnitInfo [name: default]
2026-09-16 23:20:40.864 [restartedMain] INFO  org.hibernate.Version - HHH000412: Hibernate ORM core version 6.4.4.Final
2026-09-16 23:20:40.897 [restartedMain] INFO  o.h.c.i.RegionFactoryInitiator - HHH000026: Second-level cache disabled
2026-09-16 23:20:41.113 [restartedMain] INFO  o.s.o.j.p.SpringPersistenceUnitInfo - No LoadTimeWeaver setup: ignoring JPA class transformer
2026-09-16 23:20:41.142 [restartedMain] INFO  com.zaxxer.hikari.HikariDataSource - HikariPool-1 - Starting...
2026-09-16 23:20:41.281 [restartedMain] INFO  com.zaxxer.hikari.pool.HikariPool - HikariPool-1 - Added connection org.postgresql.jdbc.PgConnection@45c931fd
2026-09-16 23:20:41.282 [restartedMain] INFO  com.zaxxer.hikari.HikariDataSource - HikariPool-1 - Start completed.
2026-09-16 23:20:42.214 [restartedMain] INFO  o.h.e.t.j.p.i.JtaPlatformInitiator - HHH000489: No JTA platform available (set 'hibernate.transaction.jta.platform' to enable JTA platform integration)
2026-09-16 23:20:42.330 [restartedMain] INFO  o.s.o.j.LocalContainerEntityManagerFactoryBean - Initialized JPA EntityManagerFactory for persistence unit 'default'
2026-09-16 23:20:42.627 [restartedMain] INFO  o.s.d.j.r.query.QueryEnhancerFactory - Hibernate is in classpath; If applicable, HQL parser will be used.
2026-09-16 23:20:43.510 [restartedMain] WARN  o.s.b.a.o.j.JpaBaseConfiguration$JpaWebConfiguration - spring.jpa.open-in-view is enabled by default. Therefore, database queries may be performed during view rendering. Explicitly configure spring.jpa.open-in-view to disable this warning
2026-09-16 23:20:43.790 [restartedMain] INFO  o.s.s.web.DefaultSecurityFilterChain - Will secure any request with [org.springframework.security.web.session.DisableEncodeUrlFilter@627e0836, org.springframework.security.web.context.request.async.WebAsyncManagerIntegrationFilter@4b89de6a, org.springframework.security.web.context.SecurityContextHolderFilter@110f0f51, org.springframework.security.web.header.HeaderWriterFilter@7c8fbfd9, org.springframework.web.filter.CorsFilter@105300b7, org.springframework.security.web.authentication.logout.LogoutFilter@7e2e183f, com.crypto.exchange.web.security.JwtAuthenticationFilter@692d857c, org.springframework.security.web.savedrequest.RequestCacheAwareFilter@2a38befe, org.springframework.security.web.servletapi.SecurityContextHolderAwareRequestFilter@4326fa6e, org.springframework.security.web.authentication.AnonymousAuthenticationFilter@36a9c6e3, org.springframework.security.web.session.SessionManagementFilter@49c34289, org.springframework.security.web.access.ExceptionTranslationFilter@7a78444b, org.springframework.security.web.access.intercept.AuthorizationFilter@58be2c07]
2026-09-16 23:20:44.103 [restartedMain] INFO  o.s.b.d.a.OptionalLiveReloadServer - LiveReload server is running on port 35729
2026-09-16 23:20:44.119 [restartedMain] INFO  o.a.coyote.http11.Http11NioProtocol - Starting ProtocolHandler ["http-nio-8080"]
2026-09-16 23:20:44.133 [restartedMain] INFO  o.s.b.w.e.tomcat.TomcatWebServer - Tomcat started on port 8080 (http) with context path ''
2026-09-16 23:20:44.142 [restartedMain] INFO  c.c.exchange.ExchangeApplication - Started ExchangeApplication in 5.974 seconds (process running for 6.675)
2026-09-16 23:20:44.147 [scheduling-1] INFO  c.c.e.core.aspect.LoggingAspect - Enter: com.crypto.exchange.core.service.CryptoInitializerService.scheduledPriceUpdate() with argument(s) = []
2026-09-16 23:20:44.147 [scheduling-1] INFO  c.c.e.c.s.CryptoInitializerService - Starting crypto price synchronization...
2026-09-16 23:20:44.860 [scheduling-1] INFO  c.c.e.c.s.CryptoInitializerService - Success! Updated and mapped 8 cryptocurrencies with CoinLore IDs
2026-09-16 23:20:44.860 [scheduling-1] INFO  c.c.e.core.aspect.LoggingAspect - Exit: com.crypto.exchange.core.service.CryptoInitializerService.scheduledPriceUpdate() executed in 713 ms with result = null
2026-09-16 23:21:01.506 [http-nio-8080-exec-1] INFO  o.a.c.c.C.[Tomcat].[localhost].[/] - Initializing Spring DispatcherServlet 'dispatcherServlet'
2026-09-16 23:21:01.506 [http-nio-8080-exec-1] INFO  o.s.web.servlet.DispatcherServlet - Initializing Servlet 'dispatcherServlet'
2026-09-16 23:21:01.509 [http-nio-8080-exec-1] INFO  o.s.web.servlet.DispatcherServlet - Completed initialization in 1 ms
2026-09-16 23:21:02.882 [http-nio-8080-exec-8] INFO  o.s.api.AbstractOpenApiResource - Init duration for springdoc-openapi is: 984 ms
2026-09-16 23:21:38.198 [http-nio-8080-exec-9] INFO  c.c.e.core.aspect.LoggingAspect - Enter: com.crypto.exchange.web.controller.AuthController.login() with argument(s) = [LoginRequest[usernameOrEmail=example, password=password]]
2026-09-16 23:21:38.200 [http-nio-8080-exec-9] INFO  c.c.e.core.aspect.LoggingAspect - Enter: com.crypto.exchange.core.service.AuthService.login() with argument(s) = [LoginRequest[usernameOrEmail=example, password=password]]
2026-09-16 23:21:38.580 [http-nio-8080-exec-9] INFO  c.c.e.core.aspect.LoggingAspect - Exit: com.crypto.exchange.core.service.AuthService.login() executed in 379 ms with result = AuthResponseDto[token=eyJhbGciOiJIUzUxMiJ9.eyJzdWIiOiJleGFtcGxlIiwiaWQiOjEsInJvbGUiOiJST0xFX0FETUlOIiwiaWF0IjoxNzg5NTkwMDk4LCJleHAiOjE3ODk2NzY0OTh9.MKbBrBGocRdV8Nh2aWZkt48VRIiuGzxRJEiGh_7t_vGQVjVr-mh-F5ey3RFLPPHxcEAgjhaQ8Zk7Zy1sBkjZFA, tokenType=Bearer, user=UserResponseDto[id=1, username=example, email=example@example.com, role=ROLE_ADMIN, createdAt=2026-09-15T10:54:41.216510Z]]
2026-09-16 23:21:38.591 [http-nio-8080-exec-9] INFO  c.c.e.core.aspect.LoggingAspect - Exit: com.crypto.exchange.web.controller.AuthController.login() executed in 393 ms with result = <200 OK OK,AuthResponseDto[token=eyJhbGciOiJIUzUxMiJ9.eyJzdWIiOiJleGFtcGxlIiwiaWQiOjEsInJvbGUiOiJST0xFX0FETUlOIiwiaWF0IjoxNzg5NTkwMDk4LCJleHAiOjE3ODk2NzY0OTh9.MKbBrBGocRdV8Nh2aWZkt48VRIiuGzxRJEiGh_7t_vGQVjVr-mh-F5ey3RFLPPHxcEAgjhaQ8Zk7Zy1sBkjZFA, tokenType=Bearer, user=UserResponseDto[id=1, username=example, email=example@example.com, role=ROLE_ADMIN, createdAt=2026-09-15T10:54:41.216510Z]],[]>
2026-09-16 23:22:06.566 [http-nio-8080-exec-4] INFO  c.c.e.core.aspect.LoggingAspect - Enter: com.crypto.exchange.web.controller.WalletController.getMyWallets() with argument(s) = [com.crypto.exchange.web.security.UserPrincipal@3630e21f]
2026-09-16 23:22:06.567 [http-nio-8080-exec-4] INFO  c.c.e.core.aspect.LoggingAspect - Enter: com.crypto.exchange.core.service.implementation.WalletServiceImpl.getUserWallets() with argument(s) = [1]
2026-09-16 23:22:06.784 [http-nio-8080-exec-4] INFO  c.c.e.core.aspect.LoggingAspect - Exit: com.crypto.exchange.core.service.implementation.WalletServiceImpl.getUserWallets() executed in 217 ms with result = [WalletResponseDto[id=2, address=0xe15299f163154c50ae7fe8b8c480b3f5, name=wallet2, isDefault=true, balances=[WalletBalanceResponseDto[id=9, cryptoId=6, externalId=58, symbol=XRP, cryptoName=XRP, amount=0E-8, currentPriceUsd=1.3100, totalValueUsd=0E-12], WalletBalanceResponseDto[id=14, cryptoId=4, externalId=518, symbol=USDT, cryptoName=Tether, amount=0E-8, currentPriceUsd=1.0000, totalValueUsd=0E-12], WalletBalanceResponseDto[id=12, cryptoId=9, externalId=257, symbol=ADA, cryptoName=Cardano, amount=0E-8, currentPriceUsd=0.1951, totalValueUsd=0E-12], WalletBalanceResponseDto[id=15, cryptoId=3, externalId=80, symbol=ETH, cryptoName=Ethereum, amount=0E-8, currentPriceUsd=2411.5100, totalValueUsd=0E-12], WalletBalanceResponseDto[id=10, cryptoId=7, externalId=48543, symbol=SOL, cryptoName=Solana, amount=0E-8, currentPriceUsd=98.5000, totalValueUsd=0E-12], WalletBalanceResponseDto[id=13, cryptoId=5, externalId=2710, symbol=BNB, cryptoName=Binance Coin, amount=0E-8, currentPriceUsd=719.7600, totalValueUsd=0E-12], WalletBalanceResponseDto[id=16, cryptoId=8, externalId=2, symbol=DOGE, cryptoName=Dogecoin, amount=0E-8, currentPriceUsd=0.0805, totalValueUsd=0E-12], WalletBalanceResponseDto[id=11, cryptoId=2, externalId=90, symbol=BTC, cryptoName=Bitcoin, amount=0E-8, currentPriceUsd=76151.7100, totalValueUsd=0E-12]]], WalletResponseDto[id=1, address=0x41722b9bb3eb456ea150a0f9433870a4, name=wallet1, isDefault=false, balances=[WalletBalanceResponseDto[id=1, cryptoId=9, externalId=257, symbol=ADA, cryptoName=Cardano, amount=0E-8, currentPriceUsd=0.1951, totalValueUsd=0E-12], WalletBalanceResponseDto[id=3, cryptoId=3, externalId=80, symbol=ETH, cryptoName=Ethereum, amount=0E-8, currentPriceUsd=2411.5100, totalValueUsd=0E-12], WalletBalanceResponseDto[id=7, cryptoId=5, externalId=2710, symbol=BNB, cryptoName=Binance Coin, amount=0E-8, currentPriceUsd=719.7600, totalValueUsd=0E-12], WalletBalanceResponseDto[id=8, cryptoId=8, externalId=2, symbol=DOGE, cryptoName=Dogecoin, amount=0E-8, currentPriceUsd=0.0805, totalValueUsd=0E-12], WalletBalanceResponseDto[id=5, cryptoId=6, externalId=58, symbol=XRP, cryptoName=XRP, amount=0E-8, currentPriceUsd=1.3100, totalValueUsd=0E-12], WalletBalanceResponseDto[id=6, cryptoId=7, externalId=48543, symbol=SOL, cryptoName=Solana, amount=0E-8, currentPriceUsd=98.5000, totalValueUsd=0E-12], WalletBalanceResponseDto[id=4, cryptoId=4, externalId=518, symbol=USDT, cryptoName=Tether, amount=0E-8, currentPriceUsd=1.0000, totalValueUsd=0E-12], WalletBalanceResponseDto[id=2, cryptoId=2, externalId=90, symbol=BTC, cryptoName=Bitcoin, amount=10.00000000, currentPriceUsd=76151.7100, totalValueUsd=761517.100000000000]]]]
2026-09-16 23:22:06.794 [http-nio-8080-exec-4] INFO  c.c.e.core.aspect.LoggingAspect - Exit: com.crypto.exchange.web.controller.WalletController.getMyWallets() executed in 227 ms with result = <200 OK OK,[WalletResponseDto[id=2, address=0xe15299f163154c50ae7fe8b8c480b3f5, name=wallet2, isDefault=true, balances=[WalletBalanceResponseDto[id=9, cryptoId=6, externalId=58, symbol=XRP, cryptoName=XRP, amount=0E-8, currentPriceUsd=1.3100, totalValueUsd=0E-12], WalletBalanceResponseDto[id=14, cryptoId=4, externalId=518, symbol=USDT, cryptoName=Tether, amount=0E-8, currentPriceUsd=1.0000, totalValueUsd=0E-12], WalletBalanceResponseDto[id=12, cryptoId=9, externalId=257, symbol=ADA, cryptoName=Cardano, amount=0E-8, currentPriceUsd=0.1951, totalValueUsd=0E-12], WalletBalanceResponseDto[id=15, cryptoId=3, externalId=80, symbol=ETH, cryptoName=Ethereum, amount=0E-8, currentPriceUsd=2411.5100, totalValueUsd=0E-12], WalletBalanceResponseDto[id=10, cryptoId=7, externalId=48543, symbol=SOL, cryptoName=Solana, amount=0E-8, currentPriceUsd=98.5000, totalValueUsd=0E-12], WalletBalanceResponseDto[id=13, cryptoId=5, externalId=2710, symbol=BNB, cryptoName=Binance Coin, amount=0E-8, currentPriceUsd=719.7600, totalValueUsd=0E-12], WalletBalanceResponseDto[id=16, cryptoId=8, externalId=2, symbol=DOGE, cryptoName=Dogecoin, amount=0E-8, currentPriceUsd=0.0805, totalValueUsd=0E-12], WalletBalanceResponseDto[id=11, cryptoId=2, externalId=90, symbol=BTC, cryptoName=Bitcoin, amount=0E-8, currentPriceUsd=76151.7100, totalValueUsd=0E-12]]], WalletResponseDto[id=1, address=0x41722b9bb3eb456ea150a0f9433870a4, name=wallet1, isDefault=false, balances=[WalletBalanceResponseDto[id=1, cryptoId=9, externalId=257, symbol=ADA, cryptoName=Cardano, amount=0E-8, currentPriceUsd=0.1951, totalValueUsd=0E-12], WalletBalanceResponseDto[id=3, cryptoId=3, externalId=80, symbol=ETH, cryptoName=Ethereum, amount=0E-8, currentPriceUsd=2411.5100, totalValueUsd=0E-12], WalletBalanceResponseDto[id=7, cryptoId=5, externalId=2710, symbol=BNB, cryptoName=Binance Coin, amount=0E-8, currentPriceUsd=719.7600, totalValueUsd=0E-12], WalletBalanceResponseDto[id=8, cryptoId=8, externalId=2, symbol=DOGE, cryptoName=Dogecoin, amount=0E-8, currentPriceUsd=0.0805, totalValueUsd=0E-12], WalletBalanceResponseDto[id=5, cryptoId=6, externalId=58, symbol=XRP, cryptoName=XRP, amount=0E-8, currentPriceUsd=1.3100, totalValueUsd=0E-12], WalletBalanceResponseDto[id=6, cryptoId=7, externalId=48543, symbol=SOL, cryptoName=Solana, amount=0E-8, currentPriceUsd=98.5000, totalValueUsd=0E-12], WalletBalanceResponseDto[id=4, cryptoId=4, externalId=518, symbol=USDT, cryptoName=Tether, amount=0E-8, currentPriceUsd=1.0000, totalValueUsd=0E-12], WalletBalanceResponseDto[id=2, cryptoId=2, externalId=90, symbol=BTC, cryptoName=Bitcoin, amount=10.00000000, currentPriceUsd=76151.7100, totalValueUsd=761517.100000000000]]]],[]>
2026-09-16 23:22:41.302 [http-nio-8080-exec-5] INFO  c.c.e.core.aspect.LoggingAspect - Enter: com.crypto.exchange.web.controller.TransferController.transfer() with argument(s) = [com.crypto.exchange.web.security.UserPrincipal@46cae053, TransferRequestDto[fromWalletId=1, recipientAddress=0xe15299f163154c50ae7fe8b8c480b3f5, cryptoExternalId=90, amount=5]]
2026-09-16 23:22:41.303 [http-nio-8080-exec-5] INFO  c.c.e.core.aspect.LoggingAspect - Enter: com.crypto.exchange.core.service.implementation.TransferServiceImpl.transfer() with argument(s) = [1, TransferRequestDto[fromWalletId=1, recipientAddress=0xe15299f163154c50ae7fe8b8c480b3f5, cryptoExternalId=90, amount=5]]
2026-09-16 23:22:41.381 [http-nio-8080-exec-5] INFO  c.c.e.core.aspect.LoggingAspect - Exit: com.crypto.exchange.core.service.implementation.TransferServiceImpl.transfer() executed in 77 ms with result = TransferResponseDto[senderAddress=0x41722b9bb3eb456ea150a0f9433870a4, recipientAddress=0xe15299f163154c50ae7fe8b8c480b3f5, cryptoSymbol=BTC, amount=5, timestamp=2026-09-16T23:22:41.381830400, status=SUCCESS]
2026-09-16 23:22:41.385 [http-nio-8080-exec-5] INFO  c.c.e.core.aspect.LoggingAspect - Exit: com.crypto.exchange.web.controller.TransferController.transfer() executed in 82 ms with result = <200 OK OK,TransferResponseDto[senderAddress=0x41722b9bb3eb456ea150a0f9433870a4, recipientAddress=0xe15299f163154c50ae7fe8b8c480b3f5, cryptoSymbol=BTC, amount=5, timestamp=2026-09-16T23:22:41.381830400, status=SUCCESS],[]>
2026-09-16 23:22:57.823 [http-nio-8080-exec-6] INFO  c.c.e.core.aspect.LoggingAspect - Enter: com.crypto.exchange.web.controller.TransactionController.getMyTransactions() with argument(s) = [com.crypto.exchange.web.security.UserPrincipal@2e1f5fe0, Page request [number: 0, size 1, sort: createdAt: ASC]]
2026-09-16 23:22:57.824 [http-nio-8080-exec-6] INFO  c.c.e.core.aspect.LoggingAspect - Enter: com.crypto.exchange.core.service.implementation.TransactionServiceImpl.getUserTransactions() with argument(s) = [1, Page request [number: 0, size 1, sort: createdAt: ASC]]
2026-09-16 23:22:57.863 [http-nio-8080-exec-6] INFO  c.c.e.core.aspect.LoggingAspect - Exit: com.crypto.exchange.core.service.implementation.TransactionServiceImpl.getUserTransactions() executed in 39 ms with result = Page 1 of 2 containing com.crypto.exchange.web.dto.response.TransactionResponseDto instances
2026-09-16 23:22:57.864 [http-nio-8080-exec-6] INFO  c.c.e.core.aspect.LoggingAspect - Exit: com.crypto.exchange.web.controller.TransactionController.getMyTransactions() executed in 41 ms with result = <200 OK OK,Page 1 of 2 containing com.crypto.exchange.web.dto.response.TransactionResponseDto instances,[]>
2026-09-16 23:25:28.904 [SpringApplicationShutdownHook] INFO  o.s.o.j.LocalContainerEntityManagerFactoryBean - Closing JPA EntityManagerFactory for persistence unit 'default'
2026-09-16 23:25:28.907 [SpringApplicationShutdownHook] INFO  com.zaxxer.hikari.HikariDataSource - HikariPool-1 - Shutdown initiated...
2026-09-16 23:25:28.911 [SpringApplicationShutdownHook] INFO  com.zaxxer.hikari.HikariDataSource - HikariPool-1 - Shutdown completed.
2026-09-16 23:25:33.264 [background-preinit] INFO  o.h.validator.internal.util.Version - HV000001: Hibernate Validator 8.0.1.Final
2026-09-16 23:25:33.308 [restartedMain] INFO  c.c.exchange.ExchangeApplication - Starting ExchangeApplication using Java 23.0.2 with PID 13556 (E:\bsuirapp\exchange\target\classes started by AxlLN in E:\bsuirapp\exchange)
2026-09-16 23:25:33.309 [restartedMain] DEBUG c.c.exchange.ExchangeApplication - Running with Spring Boot v3.2.5, Spring v6.1.6
2026-09-16 23:25:33.309 [restartedMain] INFO  c.c.exchange.ExchangeApplication - No active profile set, falling back to 1 default profile: "default"
2026-09-16 23:25:33.385 [restartedMain] INFO  o.s.b.d.e.DevToolsPropertyDefaultsPostProcessor - Devtools property defaults active! Set 'spring.devtools.add-properties' to 'false' to disable
2026-09-16 23:25:33.385 [restartedMain] INFO  o.s.b.d.e.DevToolsPropertyDefaultsPostProcessor - For additional web related logging consider setting the 'logging.level.web' property to 'DEBUG'
2026-09-16 23:25:34.272 [restartedMain] INFO  o.s.d.r.c.RepositoryConfigurationDelegate - Bootstrapping Spring Data JPA repositories in DEFAULT mode.
2026-09-16 23:25:34.340 [restartedMain] INFO  o.s.d.r.c.RepositoryConfigurationDelegate - Finished Spring Data repository scanning in 62 ms. Found 6 JPA repository interfaces.
2026-09-16 23:25:34.664 [restartedMain] WARN  o.s.c.s.PostProcessorRegistrationDelegate$BeanPostProcessorChecker - Bean 'org.springframework.ws.config.annotation.DelegatingWsConfiguration' of type [org.springframework.ws.config.annotation.DelegatingWsConfiguration$$SpringCGLIB$$0] is not eligible for getting processed by all BeanPostProcessors (for example: not eligible for auto-proxying). The currently created BeanPostProcessor [annotationActionEndpointMapping] is declared through a non-static factory method on that class; consider declaring it as static instead.
2026-09-16 23:25:34.683 [restartedMain] INFO  o.s.w.s.a.s.AnnotationActionEndpointMapping - Supporting [WS-Addressing August 2004, WS-Addressing 1.0]
2026-09-16 23:25:35.140 [restartedMain] INFO  o.s.b.w.e.tomcat.TomcatWebServer - Tomcat initialized with port 8080 (http)
2026-09-16 23:25:35.152 [restartedMain] INFO  o.a.coyote.http11.Http11NioProtocol - Initializing ProtocolHandler ["http-nio-8080"]
2026-09-16 23:25:35.154 [restartedMain] INFO  o.a.catalina.core.StandardService - Starting service [Tomcat]
2026-09-16 23:25:35.155 [restartedMain] INFO  o.a.catalina.core.StandardEngine - Starting Servlet engine: [Apache Tomcat/10.1.20]
2026-09-16 23:25:35.210 [restartedMain] INFO  o.a.c.c.C.[Tomcat].[localhost].[/] - Initializing Spring embedded WebApplicationContext
2026-09-16 23:25:35.211 [restartedMain] INFO  o.s.b.w.s.c.ServletWebServerApplicationContext - Root WebApplicationContext: initialization completed in 1824 ms
2026-09-16 23:25:35.287 [restartedMain] DEBUG c.c.e.w.s.JwtAuthenticationFilter - Filter 'jwtAuthenticationFilter' configured for use
2026-09-16 23:25:35.431 [restartedMain] INFO  o.h.jpa.internal.util.LogHelper - HHH000204: Processing PersistenceUnitInfo [name: default]
2026-09-16 23:25:35.475 [restartedMain] INFO  org.hibernate.Version - HHH000412: Hibernate ORM core version 6.4.4.Final
2026-09-16 23:25:35.505 [restartedMain] INFO  o.h.c.i.RegionFactoryInitiator - HHH000026: Second-level cache disabled
2026-09-16 23:25:35.687 [restartedMain] INFO  o.s.o.j.p.SpringPersistenceUnitInfo - No LoadTimeWeaver setup: ignoring JPA class transformer
2026-09-16 23:25:35.710 [restartedMain] INFO  com.zaxxer.hikari.HikariDataSource - HikariPool-1 - Starting...
2026-09-16 23:25:35.856 [restartedMain] INFO  com.zaxxer.hikari.pool.HikariPool - HikariPool-1 - Added connection org.postgresql.jdbc.PgConnection@324b8347
2026-09-16 23:25:35.858 [restartedMain] INFO  com.zaxxer.hikari.HikariDataSource - HikariPool-1 - Start completed.
2026-09-16 23:25:36.733 [restartedMain] INFO  o.h.e.t.j.p.i.JtaPlatformInitiator - HHH000489: No JTA platform available (set 'hibernate.transaction.jta.platform' to enable JTA platform integration)
2026-09-16 23:25:36.846 [restartedMain] INFO  o.s.o.j.LocalContainerEntityManagerFactoryBean - Initialized JPA EntityManagerFactory for persistence unit 'default'
2026-09-16 23:25:37.131 [restartedMain] INFO  o.s.d.j.r.query.QueryEnhancerFactory - Hibernate is in classpath; If applicable, HQL parser will be used.
2026-09-16 23:25:37.951 [restartedMain] WARN  o.s.b.a.o.j.JpaBaseConfiguration$JpaWebConfiguration - spring.jpa.open-in-view is enabled by default. Therefore, database queries may be performed during view rendering. Explicitly configure spring.jpa.open-in-view to disable this warning
2026-09-16 23:25:38.273 [restartedMain] INFO  o.s.s.web.DefaultSecurityFilterChain - Will secure any request with [org.springframework.security.web.session.DisableEncodeUrlFilter@7f0c58bb, org.springframework.security.web.context.request.async.WebAsyncManagerIntegrationFilter@6edc610e, org.springframework.security.web.context.SecurityContextHolderFilter@2170aabe, org.springframework.security.web.header.HeaderWriterFilter@11e7c78b, org.springframework.web.filter.CorsFilter@3c9feed3, org.springframework.security.web.authentication.logout.LogoutFilter@1e3df3b6, com.crypto.exchange.web.security.JwtAuthenticationFilter@7253de96, org.springframework.security.web.savedrequest.RequestCacheAwareFilter@6ba5e33c, org.springframework.security.web.servletapi.SecurityContextHolderAwareRequestFilter@413c996c, org.springframework.security.web.authentication.AnonymousAuthenticationFilter@32fef69f, org.springframework.security.web.session.SessionManagementFilter@69e08373, org.springframework.security.web.access.ExceptionTranslationFilter@33713e1c, org.springframework.security.web.access.intercept.AuthorizationFilter@52386f23]
2026-09-16 23:25:38.672 [restartedMain] INFO  o.s.b.d.a.OptionalLiveReloadServer - LiveReload server is running on port 35729
2026-09-16 23:25:38.688 [restartedMain] INFO  o.a.coyote.http11.Http11NioProtocol - Starting ProtocolHandler ["http-nio-8080"]
2026-09-16 23:25:38.705 [restartedMain] INFO  o.s.b.w.e.tomcat.TomcatWebServer - Tomcat started on port 8080 (http) with context path ''
2026-09-16 23:25:38.719 [restartedMain] INFO  c.c.exchange.ExchangeApplication - Started ExchangeApplication in 5.867 seconds (process running for 6.302)
2026-09-16 23:25:38.723 [scheduling-1] INFO  c.c.e.core.aspect.LoggingAspect - Enter: com.crypto.exchange.core.service.CryptoInitializerService.scheduledPriceUpdate() with argument(s) = []
2026-09-16 23:25:38.724 [scheduling-1] INFO  c.c.e.c.s.CryptoInitializerService - Starting crypto price synchronization...
2026-09-16 23:25:39.431 [scheduling-1] INFO  c.c.e.c.s.CryptoInitializerService - Success! Updated and mapped 8 cryptocurrencies with CoinLore IDs
2026-09-16 23:25:39.432 [scheduling-1] INFO  c.c.e.core.aspect.LoggingAspect - Exit: com.crypto.exchange.core.service.CryptoInitializerService.scheduledPriceUpdate() executed in 708 ms with result = null
2026-09-16 23:25:44.639 [http-nio-8080-exec-1] INFO  o.a.c.c.C.[Tomcat].[localhost].[/] - Initializing Spring DispatcherServlet 'dispatcherServlet'
2026-09-16 23:25:44.639 [http-nio-8080-exec-1] INFO  o.s.web.servlet.DispatcherServlet - Initializing Servlet 'dispatcherServlet'
2026-09-16 23:25:44.640 [http-nio-8080-exec-1] INFO  o.s.web.servlet.DispatcherServlet - Completed initialization in 1 ms
2026-09-16 23:25:45.285 [http-nio-8080-exec-8] INFO  o.s.api.AbstractOpenApiResource - Init duration for springdoc-openapi is: 412 ms
2026-09-16 23:26:03.685 [http-nio-8080-exec-9] INFO  c.c.e.core.aspect.LoggingAspect - Enter: com.crypto.exchange.web.controller.AuthController.login() with argument(s) = [LoginRequest[usernameOrEmail=example, password=password]]
2026-09-16 23:26:03.688 [http-nio-8080-exec-9] INFO  c.c.e.core.aspect.LoggingAspect - Enter: com.crypto.exchange.core.service.AuthService.login() with argument(s) = [LoginRequest[usernameOrEmail=example, password=password]]
2026-09-16 23:26:03.890 [http-nio-8080-exec-9] INFO  c.c.e.core.aspect.LoggingAspect - Exit: com.crypto.exchange.core.service.AuthService.login() executed in 202 ms with result = AuthResponseDto[token=eyJhbGciOiJIUzUxMiJ9.eyJzdWIiOiJleGFtcGxlIiwiaWQiOjEsInJvbGUiOiJST0xFX0FETUlOIiwiaWF0IjoxNzg5NTkwMzYzLCJleHAiOjE3ODk2NzY3NjN9.SGI9oRSXvVgEr4I55CV1sdJ2iwGSoeWYK1UFbiT83CIcLpddX3-6VkVjWji-zNJwWp__7QrOK9ydGy0ysLwPcQ, tokenType=Bearer, user=UserResponseDto[id=1, username=example, email=example@example.com, role=ROLE_ADMIN, createdAt=2026-09-15T10:54:41.216510Z]]
2026-09-16 23:26:03.894 [http-nio-8080-exec-9] INFO  c.c.e.core.aspect.LoggingAspect - Exit: com.crypto.exchange.web.controller.AuthController.login() executed in 208 ms with result = <200 OK OK,AuthResponseDto[token=eyJhbGciOiJIUzUxMiJ9.eyJzdWIiOiJleGFtcGxlIiwiaWQiOjEsInJvbGUiOiJST0xFX0FETUlOIiwiaWF0IjoxNzg5NTkwMzYzLCJleHAiOjE3ODk2NzY3NjN9.SGI9oRSXvVgEr4I55CV1sdJ2iwGSoeWYK1UFbiT83CIcLpddX3-6VkVjWji-zNJwWp__7QrOK9ydGy0ysLwPcQ, tokenType=Bearer, user=UserResponseDto[id=1, username=example, email=example@example.com, role=ROLE_ADMIN, createdAt=2026-09-15T10:54:41.216510Z]],[]>
2026-09-16 23:26:51.371 [http-nio-8080-exec-5] INFO  c.c.e.core.aspect.LoggingAspect - Enter: com.crypto.exchange.web.controller.TransactionController.getUserTransactions() with argument(s) = [com.crypto.exchange.web.security.UserPrincipal@69a22b66, Page request [number: 0, size 10, sort: createdAt: DESC]]
2026-09-16 23:26:51.372 [http-nio-8080-exec-5] INFO  c.c.e.core.aspect.LoggingAspect - Enter: com.crypto.exchange.core.service.implementation.TransactionServiceImpl.getUserTransactions() with argument(s) = [1, Page request [number: 0, size 10, sort: createdAt: DESC]]
2026-09-16 23:26:51.400 [http-nio-8080-exec-5] INFO  c.c.e.core.aspect.LoggingAspect - Exit: com.crypto.exchange.core.service.implementation.TransactionServiceImpl.getUserTransactions() executed in 28 ms with result = Page 1 of 1 containing com.crypto.exchange.web.dto.response.TransactionResponseDto instances
2026-09-16 23:26:51.401 [http-nio-8080-exec-5] INFO  c.c.e.core.aspect.LoggingAspect - Exit: com.crypto.exchange.web.controller.TransactionController.getUserTransactions() executed in 30 ms with result = <200 OK OK,Page 1 of 1 containing com.crypto.exchange.web.dto.response.TransactionResponseDto instances,[]>
2026-09-16 23:30:38.726 [scheduling-1] INFO  c.c.e.core.aspect.LoggingAspect - Enter: com.crypto.exchange.core.service.CryptoInitializerService.scheduledPriceUpdate() with argument(s) = []
2026-09-16 23:30:38.727 [scheduling-1] INFO  c.c.e.c.s.CryptoInitializerService - Starting crypto price synchronization...
2026-09-16 23:30:39.000 [scheduling-1] INFO  c.c.e.c.s.CryptoInitializerService - Success! Updated and mapped 8 cryptocurrencies with CoinLore IDs
2026-09-16 23:30:39.000 [scheduling-1] INFO  c.c.e.core.aspect.LoggingAspect - Exit: com.crypto.exchange.core.service.CryptoInitializerService.scheduledPriceUpdate() executed in 273 ms with result = null
2026-09-16 23:33:06.970 [SpringApplicationShutdownHook] INFO  o.s.o.j.LocalContainerEntityManagerFactoryBean - Closing JPA EntityManagerFactory for persistence unit 'default'
2026-09-16 23:33:06.973 [SpringApplicationShutdownHook] INFO  com.zaxxer.hikari.HikariDataSource - HikariPool-1 - Shutdown initiated...
2026-09-16 23:33:06.977 [SpringApplicationShutdownHook] INFO  com.zaxxer.hikari.HikariDataSource - HikariPool-1 - Shutdown completed.
2026-09-16 23:45:50.773 [background-preinit] INFO  o.h.validator.internal.util.Version - HV000001: Hibernate Validator 8.0.1.Final
2026-09-16 23:45:50.815 [restartedMain] INFO  c.c.exchange.ExchangeApplication - Starting ExchangeApplication using Java 23.0.2 with PID 1516 (E:\bsuirapp\exchange\target\classes started by AxlLN in E:\bsuirapp\exchange)
2026-09-16 23:45:50.816 [restartedMain] DEBUG c.c.exchange.ExchangeApplication - Running with Spring Boot v3.2.5, Spring v6.1.6
2026-09-16 23:45:50.817 [restartedMain] INFO  c.c.exchange.ExchangeApplication - No active profile set, falling back to 1 default profile: "default"
2026-09-16 23:45:50.892 [restartedMain] INFO  o.s.b.d.e.DevToolsPropertyDefaultsPostProcessor - Devtools property defaults active! Set 'spring.devtools.add-properties' to 'false' to disable
2026-09-16 23:45:50.892 [restartedMain] INFO  o.s.b.d.e.DevToolsPropertyDefaultsPostProcessor - For additional web related logging consider setting the 'logging.level.web' property to 'DEBUG'
2026-09-16 23:45:51.901 [restartedMain] INFO  o.s.d.r.c.RepositoryConfigurationDelegate - Bootstrapping Spring Data JPA repositories in DEFAULT mode.
2026-09-16 23:45:51.978 [restartedMain] INFO  o.s.d.r.c.RepositoryConfigurationDelegate - Finished Spring Data repository scanning in 68 ms. Found 6 JPA repository interfaces.
2026-09-16 23:45:52.305 [restartedMain] WARN  o.s.c.s.PostProcessorRegistrationDelegate$BeanPostProcessorChecker - Bean 'org.springframework.ws.config.annotation.DelegatingWsConfiguration' of type [org.springframework.ws.config.annotation.DelegatingWsConfiguration$$SpringCGLIB$$0] is not eligible for getting processed by all BeanPostProcessors (for example: not eligible for auto-proxying). The currently created BeanPostProcessor [annotationActionEndpointMapping] is declared through a non-static factory method on that class; consider declaring it as static instead.
2026-09-16 23:45:52.325 [restartedMain] INFO  o.s.w.s.a.s.AnnotationActionEndpointMapping - Supporting [WS-Addressing August 2004, WS-Addressing 1.0]
2026-09-16 23:45:52.803 [restartedMain] INFO  o.s.b.w.e.tomcat.TomcatWebServer - Tomcat initialized with port 8080 (http)
2026-09-16 23:45:52.814 [restartedMain] INFO  o.a.coyote.http11.Http11NioProtocol - Initializing ProtocolHandler ["http-nio-8080"]
2026-09-16 23:45:52.817 [restartedMain] INFO  o.a.catalina.core.StandardService - Starting service [Tomcat]
2026-09-16 23:45:52.817 [restartedMain] INFO  o.a.catalina.core.StandardEngine - Starting Servlet engine: [Apache Tomcat/10.1.20]
2026-09-16 23:45:52.876 [restartedMain] INFO  o.a.c.c.C.[Tomcat].[localhost].[/] - Initializing Spring embedded WebApplicationContext
2026-09-16 23:45:52.878 [restartedMain] INFO  o.s.b.w.s.c.ServletWebServerApplicationContext - Root WebApplicationContext: initialization completed in 1983 ms
2026-09-16 23:45:52.954 [restartedMain] DEBUG c.c.e.w.s.JwtAuthenticationFilter - Filter 'jwtAuthenticationFilter' configured for use
2026-09-16 23:45:53.094 [restartedMain] INFO  o.h.jpa.internal.util.LogHelper - HHH000204: Processing PersistenceUnitInfo [name: default]
2026-09-16 23:45:53.144 [restartedMain] INFO  org.hibernate.Version - HHH000412: Hibernate ORM core version 6.4.4.Final
2026-09-16 23:45:53.175 [restartedMain] INFO  o.h.c.i.RegionFactoryInitiator - HHH000026: Second-level cache disabled
2026-09-16 23:45:53.368 [restartedMain] INFO  o.s.o.j.p.SpringPersistenceUnitInfo - No LoadTimeWeaver setup: ignoring JPA class transformer
2026-09-16 23:45:53.392 [restartedMain] INFO  com.zaxxer.hikari.HikariDataSource - HikariPool-1 - Starting...
2026-09-16 23:45:53.540 [restartedMain] INFO  com.zaxxer.hikari.pool.HikariPool - HikariPool-1 - Added connection org.postgresql.jdbc.PgConnection@378b06f6
2026-09-16 23:45:53.542 [restartedMain] INFO  com.zaxxer.hikari.HikariDataSource - HikariPool-1 - Start completed.
2026-09-16 23:45:54.483 [restartedMain] INFO  o.h.e.t.j.p.i.JtaPlatformInitiator - HHH000489: No JTA platform available (set 'hibernate.transaction.jta.platform' to enable JTA platform integration)
2026-09-16 23:45:54.600 [restartedMain] INFO  o.s.o.j.LocalContainerEntityManagerFactoryBean - Initialized JPA EntityManagerFactory for persistence unit 'default'
2026-09-16 23:45:54.955 [restartedMain] INFO  o.s.d.j.r.query.QueryEnhancerFactory - Hibernate is in classpath; If applicable, HQL parser will be used.
2026-09-16 23:45:55.744 [restartedMain] WARN  o.s.b.a.o.j.JpaBaseConfiguration$JpaWebConfiguration - spring.jpa.open-in-view is enabled by default. Therefore, database queries may be performed during view rendering. Explicitly configure spring.jpa.open-in-view to disable this warning
2026-09-16 23:45:56.021 [restartedMain] INFO  o.s.s.web.DefaultSecurityFilterChain - Will secure any request with [org.springframework.security.web.session.DisableEncodeUrlFilter@5c734b42, org.springframework.security.web.context.request.async.WebAsyncManagerIntegrationFilter@2bfbf2d3, org.springframework.security.web.context.SecurityContextHolderFilter@143a9530, org.springframework.security.web.header.HeaderWriterFilter@2bd3b728, org.springframework.web.filter.CorsFilter@4b83f3dd, org.springframework.security.web.authentication.logout.LogoutFilter@47971024, com.crypto.exchange.web.security.JwtAuthenticationFilter@499c9c7f, org.springframework.security.web.savedrequest.RequestCacheAwareFilter@761cb157, org.springframework.security.web.servletapi.SecurityContextHolderAwareRequestFilter@99ff734, org.springframework.security.web.authentication.AnonymousAuthenticationFilter@32112e9, org.springframework.security.web.session.SessionManagementFilter@15cb590c, org.springframework.security.web.access.ExceptionTranslationFilter@73ac6842, org.springframework.security.web.access.intercept.AuthorizationFilter@5915dd52]
2026-09-16 23:45:56.494 [restartedMain] INFO  o.s.b.d.a.OptionalLiveReloadServer - LiveReload server is running on port 35729
2026-09-16 23:45:56.521 [restartedMain] INFO  o.a.coyote.http11.Http11NioProtocol - Starting ProtocolHandler ["http-nio-8080"]
2026-09-16 23:45:56.535 [restartedMain] INFO  o.s.b.w.e.tomcat.TomcatWebServer - Tomcat started on port 8080 (http) with context path ''
2026-09-16 23:45:56.549 [restartedMain] INFO  c.c.exchange.ExchangeApplication - Started ExchangeApplication in 6.211 seconds (process running for 6.685)
2026-09-16 23:45:56.555 [scheduling-1] INFO  c.c.e.core.aspect.LoggingAspect - Enter: com.crypto.exchange.core.service.CryptoInitializerService.scheduledPriceUpdate() with argument(s) = []
2026-09-16 23:45:56.556 [scheduling-1] INFO  c.c.e.c.s.CryptoInitializerService - Starting crypto price synchronization...
2026-09-16 23:45:57.182 [scheduling-1] INFO  c.c.e.c.s.CryptoInitializerService - Success! Updated and mapped 8 cryptocurrencies with CoinLore IDs
2026-09-16 23:45:57.183 [scheduling-1] INFO  c.c.e.core.aspect.LoggingAspect - Exit: com.crypto.exchange.core.service.CryptoInitializerService.scheduledPriceUpdate() executed in 626 ms with result = null
2026-09-16 23:46:23.684 [http-nio-8080-exec-1] INFO  o.a.c.c.C.[Tomcat].[localhost].[/] - Initializing Spring DispatcherServlet 'dispatcherServlet'
2026-09-16 23:46:23.685 [http-nio-8080-exec-1] INFO  o.s.web.servlet.DispatcherServlet - Initializing Servlet 'dispatcherServlet'
2026-09-16 23:46:23.685 [http-nio-8080-exec-1] INFO  o.s.web.servlet.DispatcherServlet - Completed initialization in 0 ms
2026-09-16 23:46:24.632 [http-nio-8080-exec-8] INFO  o.s.api.AbstractOpenApiResource - Init duration for springdoc-openapi is: 614 ms
2026-09-16 23:47:12.255 [http-nio-8080-exec-9] INFO  c.c.e.core.aspect.LoggingAspect - Enter: com.crypto.exchange.web.controller.AuthController.register() with argument(s) = [RegisterRequest[username=AxlLN, email=yalyaksandr@mail.ru, password=password]]
2026-09-16 23:47:12.258 [http-nio-8080-exec-9] INFO  c.c.e.core.aspect.LoggingAspect - Enter: com.crypto.exchange.core.service.AuthService.register() with argument(s) = [RegisterRequest[username=AxlLN, email=yalyaksandr@mail.ru, password=password]]
2026-09-16 23:47:12.488 [http-nio-8080-exec-9] INFO  c.c.e.core.aspect.LoggingAspect - Exit: com.crypto.exchange.core.service.AuthService.register() executed in 229 ms with result = AuthResponseDto[token=eyJhbGciOiJIUzUxMiJ9.eyJzdWIiOiJBeGxMTiIsImlkIjo1LCJyb2xlIjoiUk9MRV9VU0VSIiwiaWF0IjoxNzg5NTkxNjMyLCJleHAiOjE3ODk2NzgwMzJ9.Sv5df1tnZXcLidmn8vo1o22at2WnaDvGV8sVm8l_Tgew0vvTAvkoueTFy5ajv3DDqKMnGdbuKVVnPrXoYcj1uA, tokenType=Bearer, user=UserResponseDto[id=5, username=AxlLN, email=yalyaksandr@mail.ru, role=ROLE_USER, createdAt=2026-09-16T23:47:12.383660200+03:00]]
2026-09-16 23:47:12.504 [http-nio-8080-exec-9] INFO  c.c.e.core.aspect.LoggingAspect - Exit: com.crypto.exchange.web.controller.AuthController.register() executed in 248 ms with result = <201 CREATED Created,AuthResponseDto[token=eyJhbGciOiJIUzUxMiJ9.eyJzdWIiOiJBeGxMTiIsImlkIjo1LCJyb2xlIjoiUk9MRV9VU0VSIiwiaWF0IjoxNzg5NTkxNjMyLCJleHAiOjE3ODk2NzgwMzJ9.Sv5df1tnZXcLidmn8vo1o22at2WnaDvGV8sVm8l_Tgew0vvTAvkoueTFy5ajv3DDqKMnGdbuKVVnPrXoYcj1uA, tokenType=Bearer, user=UserResponseDto[id=5, username=AxlLN, email=yalyaksandr@mail.ru, role=ROLE_USER, createdAt=2026-09-16T23:47:12.383660200+03:00]],[]>
2026-09-16 23:47:36.778 [http-nio-8080-exec-5] INFO  c.c.e.core.aspect.LoggingAspect - Enter: com.crypto.exchange.web.controller.WalletController.createWallet() with argument(s) = [com.crypto.exchange.web.security.UserPrincipal@2ffc6134, CreateWalletRequestDto[name=mywallet, isDefault=true]]
2026-09-16 23:47:36.779 [http-nio-8080-exec-5] INFO  c.c.e.core.aspect.LoggingAspect - Enter: com.crypto.exchange.core.service.implementation.WalletServiceImpl.createWallet() with argument(s) = [5, CreateWalletRequestDto[name=mywallet, isDefault=true]]
2026-09-16 23:47:36.814 [http-nio-8080-exec-5] INFO  c.c.e.core.aspect.LoggingAspect - Exit: com.crypto.exchange.core.service.implementation.WalletServiceImpl.createWallet() executed in 35 ms with result = WalletResponseDto[id=5, address=0x913b2aaf4beb4d6b9e810c9fabdede7d, name=mywallet, isDefault=true, balances=[WalletBalanceResponseDto[id=36, cryptoId=7, externalId=48543, symbol=SOL, cryptoName=Solana, amount=0, currentPriceUsd=98.3500, totalValueUsd=0.0000], WalletBalanceResponseDto[id=34, cryptoId=2, externalId=90, symbol=BTC, cryptoName=Bitcoin, amount=0, currentPriceUsd=76095.7200, totalValueUsd=0.0000], WalletBalanceResponseDto[id=40, cryptoId=4, externalId=518, symbol=USDT, cryptoName=Tether, amount=0, currentPriceUsd=1.0000, totalValueUsd=0.0000], WalletBalanceResponseDto[id=37, cryptoId=9, externalId=257, symbol=ADA, cryptoName=Cardano, amount=0, currentPriceUsd=0.1949, totalValueUsd=0.0000], WalletBalanceResponseDto[id=38, cryptoId=5, externalId=2710, symbol=BNB, cryptoName=Binance Coin, amount=0, currentPriceUsd=719.6800, totalValueUsd=0.0000], WalletBalanceResponseDto[id=35, cryptoId=3, externalId=80, symbol=ETH, cryptoName=Ethereum, amount=0, currentPriceUsd=2407.7900, totalValueUsd=0.0000], WalletBalanceResponseDto[id=39, cryptoId=6, externalId=58, symbol=XRP, cryptoName=XRP, amount=0, currentPriceUsd=1.3000, totalValueUsd=0.0000], WalletBalanceResponseDto[id=33, cryptoId=8, externalId=2, symbol=DOGE, cryptoName=Dogecoin, amount=0, currentPriceUsd=0.0805, totalValueUsd=0.0000]]]
2026-09-16 23:47:36.822 [http-nio-8080-exec-5] INFO  c.c.e.core.aspect.LoggingAspect - Exit: com.crypto.exchange.web.controller.WalletController.createWallet() executed in 44 ms with result = <201 CREATED Created,WalletResponseDto[id=5, address=0x913b2aaf4beb4d6b9e810c9fabdede7d, name=mywallet, isDefault=true, balances=[WalletBalanceResponseDto[id=36, cryptoId=7, externalId=48543, symbol=SOL, cryptoName=Solana, amount=0, currentPriceUsd=98.3500, totalValueUsd=0.0000], WalletBalanceResponseDto[id=34, cryptoId=2, externalId=90, symbol=BTC, cryptoName=Bitcoin, amount=0, currentPriceUsd=76095.7200, totalValueUsd=0.0000], WalletBalanceResponseDto[id=40, cryptoId=4, externalId=518, symbol=USDT, cryptoName=Tether, amount=0, currentPriceUsd=1.0000, totalValueUsd=0.0000], WalletBalanceResponseDto[id=37, cryptoId=9, externalId=257, symbol=ADA, cryptoName=Cardano, amount=0, currentPriceUsd=0.1949, totalValueUsd=0.0000], WalletBalanceResponseDto[id=38, cryptoId=5, externalId=2710, symbol=BNB, cryptoName=Binance Coin, amount=0, currentPriceUsd=719.6800, totalValueUsd=0.0000], WalletBalanceResponseDto[id=35, cryptoId=3, externalId=80, symbol=ETH, cryptoName=Ethereum, amount=0, currentPriceUsd=2407.7900, totalValueUsd=0.0000], WalletBalanceResponseDto[id=39, cryptoId=6, externalId=58, symbol=XRP, cryptoName=XRP, amount=0, currentPriceUsd=1.3000, totalValueUsd=0.0000], WalletBalanceResponseDto[id=33, cryptoId=8, externalId=2, symbol=DOGE, cryptoName=Dogecoin, amount=0, currentPriceUsd=0.0805, totalValueUsd=0.0000]]],[]>
2026-09-16 23:47:48.087 [http-nio-8080-exec-4] INFO  c.c.e.core.aspect.LoggingAspect - Enter: com.crypto.exchange.web.controller.WalletController.createWallet() with argument(s) = [com.crypto.exchange.web.security.UserPrincipal@658f9759, CreateWalletRequestDto[name=mywallet2, isDefault=false]]
2026-09-16 23:47:48.088 [http-nio-8080-exec-4] INFO  c.c.e.core.aspect.LoggingAspect - Enter: com.crypto.exchange.core.service.implementation.WalletServiceImpl.createWallet() with argument(s) = [5, CreateWalletRequestDto[name=mywallet2, isDefault=false]]
2026-09-16 23:47:48.113 [http-nio-8080-exec-4] INFO  c.c.e.core.aspect.LoggingAspect - Exit: com.crypto.exchange.core.service.implementation.WalletServiceImpl.createWallet() executed in 25 ms with result = WalletResponseDto[id=6, address=0x41095c8629b64e1381b7ce8f3fc766e6, name=mywallet2, isDefault=false, balances=[WalletBalanceResponseDto[id=44, cryptoId=6, externalId=58, symbol=XRP, cryptoName=XRP, amount=0, currentPriceUsd=1.3000, totalValueUsd=0.0000], WalletBalanceResponseDto[id=43, cryptoId=7, externalId=48543, symbol=SOL, cryptoName=Solana, amount=0, currentPriceUsd=98.3500, totalValueUsd=0.0000], WalletBalanceResponseDto[id=45, cryptoId=5, externalId=2710, symbol=BNB, cryptoName=Binance Coin, amount=0, currentPriceUsd=719.6800, totalValueUsd=0.0000], WalletBalanceResponseDto[id=48, cryptoId=8, externalId=2, symbol=DOGE, cryptoName=Dogecoin, amount=0, currentPriceUsd=0.0805, totalValueUsd=0.0000], WalletBalanceResponseDto[id=42, cryptoId=9, externalId=257, symbol=ADA, cryptoName=Cardano, amount=0, currentPriceUsd=0.1949, totalValueUsd=0.0000], WalletBalanceResponseDto[id=47, cryptoId=3, externalId=80, symbol=ETH, cryptoName=Ethereum, amount=0, currentPriceUsd=2407.7900, totalValueUsd=0.0000], WalletBalanceResponseDto[id=41, cryptoId=2, externalId=90, symbol=BTC, cryptoName=Bitcoin, amount=0, currentPriceUsd=76095.7200, totalValueUsd=0.0000], WalletBalanceResponseDto[id=46, cryptoId=4, externalId=518, symbol=USDT, cryptoName=Tether, amount=0, currentPriceUsd=1.0000, totalValueUsd=0.0000]]]
2026-09-16 23:47:48.116 [http-nio-8080-exec-4] INFO  c.c.e.core.aspect.LoggingAspect - Exit: com.crypto.exchange.web.controller.WalletController.createWallet() executed in 29 ms with result = <201 CREATED Created,WalletResponseDto[id=6, address=0x41095c8629b64e1381b7ce8f3fc766e6, name=mywallet2, isDefault=false, balances=[WalletBalanceResponseDto[id=44, cryptoId=6, externalId=58, symbol=XRP, cryptoName=XRP, amount=0, currentPriceUsd=1.3000, totalValueUsd=0.0000], WalletBalanceResponseDto[id=43, cryptoId=7, externalId=48543, symbol=SOL, cryptoName=Solana, amount=0, currentPriceUsd=98.3500, totalValueUsd=0.0000], WalletBalanceResponseDto[id=45, cryptoId=5, externalId=2710, symbol=BNB, cryptoName=Binance Coin, amount=0, currentPriceUsd=719.6800, totalValueUsd=0.0000], WalletBalanceResponseDto[id=48, cryptoId=8, externalId=2, symbol=DOGE, cryptoName=Dogecoin, amount=0, currentPriceUsd=0.0805, totalValueUsd=0.0000], WalletBalanceResponseDto[id=42, cryptoId=9, externalId=257, symbol=ADA, cryptoName=Cardano, amount=0, currentPriceUsd=0.1949, totalValueUsd=0.0000], WalletBalanceResponseDto[id=47, cryptoId=3, externalId=80, symbol=ETH, cryptoName=Ethereum, amount=0, currentPriceUsd=2407.7900, totalValueUsd=0.0000], WalletBalanceResponseDto[id=41, cryptoId=2, externalId=90, symbol=BTC, cryptoName=Bitcoin, amount=0, currentPriceUsd=76095.7200, totalValueUsd=0.0000], WalletBalanceResponseDto[id=46, cryptoId=4, externalId=518, symbol=USDT, cryptoName=Tether, amount=0, currentPriceUsd=1.0000, totalValueUsd=0.0000]]],[]>
2026-09-16 23:47:59.461 [http-nio-8080-exec-6] INFO  c.c.e.core.aspect.LoggingAspect - Enter: com.crypto.exchange.web.controller.WalletController.getMyWallets() with argument(s) = [com.crypto.exchange.web.security.UserPrincipal@2b11adc3]
2026-09-16 23:47:59.463 [http-nio-8080-exec-6] INFO  c.c.e.core.aspect.LoggingAspect - Enter: com.crypto.exchange.core.service.implementation.WalletServiceImpl.getUserWallets() with argument(s) = [5]
2026-09-16 23:47:59.496 [http-nio-8080-exec-6] INFO  c.c.e.core.aspect.LoggingAspect - Exit: com.crypto.exchange.core.service.implementation.WalletServiceImpl.getUserWallets() executed in 32 ms with result = [WalletResponseDto[id=5, address=0x913b2aaf4beb4d6b9e810c9fabdede7d, name=mywallet, isDefault=true, balances=[WalletBalanceResponseDto[id=33, cryptoId=8, externalId=2, symbol=DOGE, cryptoName=Dogecoin, amount=0E-8, currentPriceUsd=0.0805, totalValueUsd=0E-12], WalletBalanceResponseDto[id=38, cryptoId=5, externalId=2710, symbol=BNB, cryptoName=Binance Coin, amount=0E-8, currentPriceUsd=719.6800, totalValueUsd=0E-12], WalletBalanceResponseDto[id=36, cryptoId=7, externalId=48543, symbol=SOL, cryptoName=Solana, amount=0E-8, currentPriceUsd=98.3500, totalValueUsd=0E-12], WalletBalanceResponseDto[id=34, cryptoId=2, externalId=90, symbol=BTC, cryptoName=Bitcoin, amount=0E-8, currentPriceUsd=76095.7200, totalValueUsd=0E-12], WalletBalanceResponseDto[id=37, cryptoId=9, externalId=257, symbol=ADA, cryptoName=Cardano, amount=0E-8, currentPriceUsd=0.1949, totalValueUsd=0E-12], WalletBalanceResponseDto[id=35, cryptoId=3, externalId=80, symbol=ETH, cryptoName=Ethereum, amount=0E-8, currentPriceUsd=2407.7900, totalValueUsd=0E-12], WalletBalanceResponseDto[id=39, cryptoId=6, externalId=58, symbol=XRP, cryptoName=XRP, amount=0E-8, currentPriceUsd=1.3000, totalValueUsd=0E-12], WalletBalanceResponseDto[id=40, cryptoId=4, externalId=518, symbol=USDT, cryptoName=Tether, amount=0E-8, currentPriceUsd=1.0000, totalValueUsd=0E-12]]], WalletResponseDto[id=6, address=0x41095c8629b64e1381b7ce8f3fc766e6, name=mywallet2, isDefault=false, balances=[WalletBalanceResponseDto[id=46, cryptoId=4, externalId=518, symbol=USDT, cryptoName=Tether, amount=0E-8, currentPriceUsd=1.0000, totalValueUsd=0E-12], WalletBalanceResponseDto[id=41, cryptoId=2, externalId=90, symbol=BTC, cryptoName=Bitcoin, amount=0E-8, currentPriceUsd=76095.7200, totalValueUsd=0E-12], WalletBalanceResponseDto[id=48, cryptoId=8, externalId=2, symbol=DOGE, cryptoName=Dogecoin, amount=0E-8, currentPriceUsd=0.0805, totalValueUsd=0E-12], WalletBalanceResponseDto[id=42, cryptoId=9, externalId=257, symbol=ADA, cryptoName=Cardano, amount=0E-8, currentPriceUsd=0.1949, totalValueUsd=0E-12], WalletBalanceResponseDto[id=44, cryptoId=6, externalId=58, symbol=XRP, cryptoName=XRP, amount=0E-8, currentPriceUsd=1.3000, totalValueUsd=0E-12], WalletBalanceResponseDto[id=45, cryptoId=5, externalId=2710, symbol=BNB, cryptoName=Binance Coin, amount=0E-8, currentPriceUsd=719.6800, totalValueUsd=0E-12], WalletBalanceResponseDto[id=47, cryptoId=3, externalId=80, symbol=ETH, cryptoName=Ethereum, amount=0E-8, currentPriceUsd=2407.7900, totalValueUsd=0E-12], WalletBalanceResponseDto[id=43, cryptoId=7, externalId=48543, symbol=SOL, cryptoName=Solana, amount=0E-8, currentPriceUsd=98.3500, totalValueUsd=0E-12]]]]
2026-09-16 23:47:59.496 [http-nio-8080-exec-6] INFO  c.c.e.core.aspect.LoggingAspect - Exit: com.crypto.exchange.web.controller.WalletController.getMyWallets() executed in 35 ms with result = <200 OK OK,[WalletResponseDto[id=5, address=0x913b2aaf4beb4d6b9e810c9fabdede7d, name=mywallet, isDefault=true, balances=[WalletBalanceResponseDto[id=33, cryptoId=8, externalId=2, symbol=DOGE, cryptoName=Dogecoin, amount=0E-8, currentPriceUsd=0.0805, totalValueUsd=0E-12], WalletBalanceResponseDto[id=38, cryptoId=5, externalId=2710, symbol=BNB, cryptoName=Binance Coin, amount=0E-8, currentPriceUsd=719.6800, totalValueUsd=0E-12], WalletBalanceResponseDto[id=36, cryptoId=7, externalId=48543, symbol=SOL, cryptoName=Solana, amount=0E-8, currentPriceUsd=98.3500, totalValueUsd=0E-12], WalletBalanceResponseDto[id=34, cryptoId=2, externalId=90, symbol=BTC, cryptoName=Bitcoin, amount=0E-8, currentPriceUsd=76095.7200, totalValueUsd=0E-12], WalletBalanceResponseDto[id=37, cryptoId=9, externalId=257, symbol=ADA, cryptoName=Cardano, amount=0E-8, currentPriceUsd=0.1949, totalValueUsd=0E-12], WalletBalanceResponseDto[id=35, cryptoId=3, externalId=80, symbol=ETH, cryptoName=Ethereum, amount=0E-8, currentPriceUsd=2407.7900, totalValueUsd=0E-12], WalletBalanceResponseDto[id=39, cryptoId=6, externalId=58, symbol=XRP, cryptoName=XRP, amount=0E-8, currentPriceUsd=1.3000, totalValueUsd=0E-12], WalletBalanceResponseDto[id=40, cryptoId=4, externalId=518, symbol=USDT, cryptoName=Tether, amount=0E-8, currentPriceUsd=1.0000, totalValueUsd=0E-12]]], WalletResponseDto[id=6, address=0x41095c8629b64e1381b7ce8f3fc766e6, name=mywallet2, isDefault=false, balances=[WalletBalanceResponseDto[id=46, cryptoId=4, externalId=518, symbol=USDT, cryptoName=Tether, amount=0E-8, currentPriceUsd=1.0000, totalValueUsd=0E-12], WalletBalanceResponseDto[id=41, cryptoId=2, externalId=90, symbol=BTC, cryptoName=Bitcoin, amount=0E-8, currentPriceUsd=76095.7200, totalValueUsd=0E-12], WalletBalanceResponseDto[id=48, cryptoId=8, externalId=2, symbol=DOGE, cryptoName=Dogecoin, amount=0E-8, currentPriceUsd=0.0805, totalValueUsd=0E-12], WalletBalanceResponseDto[id=42, cryptoId=9, externalId=257, symbol=ADA, cryptoName=Cardano, amount=0E-8, currentPriceUsd=0.1949, totalValueUsd=0E-12], WalletBalanceResponseDto[id=44, cryptoId=6, externalId=58, symbol=XRP, cryptoName=XRP, amount=0E-8, currentPriceUsd=1.3000, totalValueUsd=0E-12], WalletBalanceResponseDto[id=45, cryptoId=5, externalId=2710, symbol=BNB, cryptoName=Binance Coin, amount=0E-8, currentPriceUsd=719.6800, totalValueUsd=0E-12], WalletBalanceResponseDto[id=47, cryptoId=3, externalId=80, symbol=ETH, cryptoName=Ethereum, amount=0E-8, currentPriceUsd=2407.7900, totalValueUsd=0E-12], WalletBalanceResponseDto[id=43, cryptoId=7, externalId=48543, symbol=SOL, cryptoName=Solana, amount=0E-8, currentPriceUsd=98.3500, totalValueUsd=0E-12]]]],[]>
2026-09-16 23:48:26.216 [http-nio-8080-exec-7] INFO  c.c.e.core.aspect.LoggingAspect - Enter: com.crypto.exchange.web.controller.WalletController.deposit() with argument(s) = [com.crypto.exchange.web.security.UserPrincipal@64f22bc0, 5, BalanceOperationRequestDto[cryptoId=2, amount=10]]
2026-09-16 23:48:26.217 [http-nio-8080-exec-7] INFO  c.c.e.core.aspect.LoggingAspect - Enter: com.crypto.exchange.core.service.implementation.WalletServiceImpl.deposit() with argument(s) = [5, 5, BalanceOperationRequestDto[cryptoId=2, amount=10]]
2026-09-16 23:48:26.262 [http-nio-8080-exec-7] INFO  c.c.e.core.aspect.LoggingAspect - Exit: com.crypto.exchange.core.service.implementation.WalletServiceImpl.deposit() executed in 45 ms with result = WalletResponseDto[id=5, address=0x913b2aaf4beb4d6b9e810c9fabdede7d, name=mywallet, isDefault=true, balances=[WalletBalanceResponseDto[id=34, cryptoId=2, externalId=90, symbol=BTC, cryptoName=Bitcoin, amount=10.00000000, currentPriceUsd=76095.7200, totalValueUsd=760957.200000000000], WalletBalanceResponseDto[id=37, cryptoId=9, externalId=257, symbol=ADA, cryptoName=Cardano, amount=0E-8, currentPriceUsd=0.1949, totalValueUsd=0E-12], WalletBalanceResponseDto[id=36, cryptoId=7, externalId=48543, symbol=SOL, cryptoName=Solana, amount=0E-8, currentPriceUsd=98.3500, totalValueUsd=0E-12], WalletBalanceResponseDto[id=39, cryptoId=6, externalId=58, symbol=XRP, cryptoName=XRP, amount=0E-8, currentPriceUsd=1.3000, totalValueUsd=0E-12], WalletBalanceResponseDto[id=35, cryptoId=3, externalId=80, symbol=ETH, cryptoName=Ethereum, amount=0E-8, currentPriceUsd=2407.7900, totalValueUsd=0E-12], WalletBalanceResponseDto[id=38, cryptoId=5, externalId=2710, symbol=BNB, cryptoName=Binance Coin, amount=0E-8, currentPriceUsd=719.6800, totalValueUsd=0E-12], WalletBalanceResponseDto[id=40, cryptoId=4, externalId=518, symbol=USDT, cryptoName=Tether, amount=0E-8, currentPriceUsd=1.0000, totalValueUsd=0E-12], WalletBalanceResponseDto[id=33, cryptoId=8, externalId=2, symbol=DOGE, cryptoName=Dogecoin, amount=0E-8, currentPriceUsd=0.0805, totalValueUsd=0E-12]]]
2026-09-16 23:48:26.268 [http-nio-8080-exec-7] INFO  c.c.e.core.aspect.LoggingAspect - Exit: com.crypto.exchange.web.controller.WalletController.deposit() executed in 52 ms with result = <200 OK OK,WalletResponseDto[id=5, address=0x913b2aaf4beb4d6b9e810c9fabdede7d, name=mywallet, isDefault=true, balances=[WalletBalanceResponseDto[id=34, cryptoId=2, externalId=90, symbol=BTC, cryptoName=Bitcoin, amount=10.00000000, currentPriceUsd=76095.7200, totalValueUsd=760957.200000000000], WalletBalanceResponseDto[id=37, cryptoId=9, externalId=257, symbol=ADA, cryptoName=Cardano, amount=0E-8, currentPriceUsd=0.1949, totalValueUsd=0E-12], WalletBalanceResponseDto[id=36, cryptoId=7, externalId=48543, symbol=SOL, cryptoName=Solana, amount=0E-8, currentPriceUsd=98.3500, totalValueUsd=0E-12], WalletBalanceResponseDto[id=39, cryptoId=6, externalId=58, symbol=XRP, cryptoName=XRP, amount=0E-8, currentPriceUsd=1.3000, totalValueUsd=0E-12], WalletBalanceResponseDto[id=35, cryptoId=3, externalId=80, symbol=ETH, cryptoName=Ethereum, amount=0E-8, currentPriceUsd=2407.7900, totalValueUsd=0E-12], WalletBalanceResponseDto[id=38, cryptoId=5, externalId=2710, symbol=BNB, cryptoName=Binance Coin, amount=0E-8, currentPriceUsd=719.6800, totalValueUsd=0E-12], WalletBalanceResponseDto[id=40, cryptoId=4, externalId=518, symbol=USDT, cryptoName=Tether, amount=0E-8, currentPriceUsd=1.0000, totalValueUsd=0E-12], WalletBalanceResponseDto[id=33, cryptoId=8, externalId=2, symbol=DOGE, cryptoName=Dogecoin, amount=0E-8, currentPriceUsd=0.0805, totalValueUsd=0E-12]]],[]>
2026-09-16 23:48:46.473 [http-nio-8080-exec-8] INFO  c.c.e.core.aspect.LoggingAspect - Enter: com.crypto.exchange.web.controller.WalletController.getMyWallets() with argument(s) = [com.crypto.exchange.web.security.UserPrincipal@685f9ff2]
2026-09-16 23:48:46.475 [http-nio-8080-exec-8] INFO  c.c.e.core.aspect.LoggingAspect - Enter: com.crypto.exchange.core.service.implementation.WalletServiceImpl.getUserWallets() with argument(s) = [5]
2026-09-16 23:48:46.498 [http-nio-8080-exec-8] INFO  c.c.e.core.aspect.LoggingAspect - Exit: com.crypto.exchange.core.service.implementation.WalletServiceImpl.getUserWallets() executed in 23 ms with result = [WalletResponseDto[id=5, address=0x913b2aaf4beb4d6b9e810c9fabdede7d, name=mywallet, isDefault=true, balances=[WalletBalanceResponseDto[id=40, cryptoId=4, externalId=518, symbol=USDT, cryptoName=Tether, amount=0E-8, currentPriceUsd=1.0000, totalValueUsd=0E-12], WalletBalanceResponseDto[id=36, cryptoId=7, externalId=48543, symbol=SOL, cryptoName=Solana, amount=0E-8, currentPriceUsd=98.3500, totalValueUsd=0E-12], WalletBalanceResponseDto[id=38, cryptoId=5, externalId=2710, symbol=BNB, cryptoName=Binance Coin, amount=0E-8, currentPriceUsd=719.6800, totalValueUsd=0E-12], WalletBalanceResponseDto[id=37, cryptoId=9, externalId=257, symbol=ADA, cryptoName=Cardano, amount=0E-8, currentPriceUsd=0.1949, totalValueUsd=0E-12], WalletBalanceResponseDto[id=33, cryptoId=8, externalId=2, symbol=DOGE, cryptoName=Dogecoin, amount=0E-8, currentPriceUsd=0.0805, totalValueUsd=0E-12], WalletBalanceResponseDto[id=35, cryptoId=3, externalId=80, symbol=ETH, cryptoName=Ethereum, amount=0E-8, currentPriceUsd=2407.7900, totalValueUsd=0E-12], WalletBalanceResponseDto[id=39, cryptoId=6, externalId=58, symbol=XRP, cryptoName=XRP, amount=0E-8, currentPriceUsd=1.3000, totalValueUsd=0E-12], WalletBalanceResponseDto[id=34, cryptoId=2, externalId=90, symbol=BTC, cryptoName=Bitcoin, amount=10.00000000, currentPriceUsd=76095.7200, totalValueUsd=760957.200000000000]]], WalletResponseDto[id=6, address=0x41095c8629b64e1381b7ce8f3fc766e6, name=mywallet2, isDefault=false, balances=[WalletBalanceResponseDto[id=44, cryptoId=6, externalId=58, symbol=XRP, cryptoName=XRP, amount=0E-8, currentPriceUsd=1.3000, totalValueUsd=0E-12], WalletBalanceResponseDto[id=46, cryptoId=4, externalId=518, symbol=USDT, cryptoName=Tether, amount=0E-8, currentPriceUsd=1.0000, totalValueUsd=0E-12], WalletBalanceResponseDto[id=45, cryptoId=5, externalId=2710, symbol=BNB, cryptoName=Binance Coin, amount=0E-8, currentPriceUsd=719.6800, totalValueUsd=0E-12], WalletBalanceResponseDto[id=41, cryptoId=2, externalId=90, symbol=BTC, cryptoName=Bitcoin, amount=0E-8, currentPriceUsd=76095.7200, totalValueUsd=0E-12], WalletBalanceResponseDto[id=47, cryptoId=3, externalId=80, symbol=ETH, cryptoName=Ethereum, amount=0E-8, currentPriceUsd=2407.7900, totalValueUsd=0E-12], WalletBalanceResponseDto[id=42, cryptoId=9, externalId=257, symbol=ADA, cryptoName=Cardano, amount=0E-8, currentPriceUsd=0.1949, totalValueUsd=0E-12], WalletBalanceResponseDto[id=43, cryptoId=7, externalId=48543, symbol=SOL, cryptoName=Solana, amount=0E-8, currentPriceUsd=98.3500, totalValueUsd=0E-12], WalletBalanceResponseDto[id=48, cryptoId=8, externalId=2, symbol=DOGE, cryptoName=Dogecoin, amount=0E-8, currentPriceUsd=0.0805, totalValueUsd=0E-12]]]]
2026-09-16 23:48:46.500 [http-nio-8080-exec-8] INFO  c.c.e.core.aspect.LoggingAspect - Exit: com.crypto.exchange.web.controller.WalletController.getMyWallets() executed in 26 ms with result = <200 OK OK,[WalletResponseDto[id=5, address=0x913b2aaf4beb4d6b9e810c9fabdede7d, name=mywallet, isDefault=true, balances=[WalletBalanceResponseDto[id=40, cryptoId=4, externalId=518, symbol=USDT, cryptoName=Tether, amount=0E-8, currentPriceUsd=1.0000, totalValueUsd=0E-12], WalletBalanceResponseDto[id=36, cryptoId=7, externalId=48543, symbol=SOL, cryptoName=Solana, amount=0E-8, currentPriceUsd=98.3500, totalValueUsd=0E-12], WalletBalanceResponseDto[id=38, cryptoId=5, externalId=2710, symbol=BNB, cryptoName=Binance Coin, amount=0E-8, currentPriceUsd=719.6800, totalValueUsd=0E-12], WalletBalanceResponseDto[id=37, cryptoId=9, externalId=257, symbol=ADA, cryptoName=Cardano, amount=0E-8, currentPriceUsd=0.1949, totalValueUsd=0E-12], WalletBalanceResponseDto[id=33, cryptoId=8, externalId=2, symbol=DOGE, cryptoName=Dogecoin, amount=0E-8, currentPriceUsd=0.0805, totalValueUsd=0E-12], WalletBalanceResponseDto[id=35, cryptoId=3, externalId=80, symbol=ETH, cryptoName=Ethereum, amount=0E-8, currentPriceUsd=2407.7900, totalValueUsd=0E-12], WalletBalanceResponseDto[id=39, cryptoId=6, externalId=58, symbol=XRP, cryptoName=XRP, amount=0E-8, currentPriceUsd=1.3000, totalValueUsd=0E-12], WalletBalanceResponseDto[id=34, cryptoId=2, externalId=90, symbol=BTC, cryptoName=Bitcoin, amount=10.00000000, currentPriceUsd=76095.7200, totalValueUsd=760957.200000000000]]], WalletResponseDto[id=6, address=0x41095c8629b64e1381b7ce8f3fc766e6, name=mywallet2, isDefault=false, balances=[WalletBalanceResponseDto[id=44, cryptoId=6, externalId=58, symbol=XRP, cryptoName=XRP, amount=0E-8, currentPriceUsd=1.3000, totalValueUsd=0E-12], WalletBalanceResponseDto[id=46, cryptoId=4, externalId=518, symbol=USDT, cryptoName=Tether, amount=0E-8, currentPriceUsd=1.0000, totalValueUsd=0E-12], WalletBalanceResponseDto[id=45, cryptoId=5, externalId=2710, symbol=BNB, cryptoName=Binance Coin, amount=0E-8, currentPriceUsd=719.6800, totalValueUsd=0E-12], WalletBalanceResponseDto[id=41, cryptoId=2, externalId=90, symbol=BTC, cryptoName=Bitcoin, amount=0E-8, currentPriceUsd=76095.7200, totalValueUsd=0E-12], WalletBalanceResponseDto[id=47, cryptoId=3, externalId=80, symbol=ETH, cryptoName=Ethereum, amount=0E-8, currentPriceUsd=2407.7900, totalValueUsd=0E-12], WalletBalanceResponseDto[id=42, cryptoId=9, externalId=257, symbol=ADA, cryptoName=Cardano, amount=0E-8, currentPriceUsd=0.1949, totalValueUsd=0E-12], WalletBalanceResponseDto[id=43, cryptoId=7, externalId=48543, symbol=SOL, cryptoName=Solana, amount=0E-8, currentPriceUsd=98.3500, totalValueUsd=0E-12], WalletBalanceResponseDto[id=48, cryptoId=8, externalId=2, symbol=DOGE, cryptoName=Dogecoin, amount=0E-8, currentPriceUsd=0.0805, totalValueUsd=0E-12]]]],[]>
2026-09-16 23:49:27.951 [http-nio-8080-exec-3] INFO  c.c.e.core.aspect.LoggingAspect - Enter: com.crypto.exchange.web.controller.TransferController.transfer() with argument(s) = [com.crypto.exchange.web.security.UserPrincipal@415e2d2b, TransferRequestDto[fromWalletId=5, recipientAddress=0x41095c8629b64e1381b7ce8f3fc766e6, cryptoExternalId=90, amount=5]]
2026-09-16 23:49:27.952 [http-nio-8080-exec-3] INFO  c.c.e.core.aspect.LoggingAspect - Enter: com.crypto.exchange.core.service.implementation.TransferServiceImpl.transfer() with argument(s) = [5, TransferRequestDto[fromWalletId=5, recipientAddress=0x41095c8629b64e1381b7ce8f3fc766e6, cryptoExternalId=90, amount=5]]
2026-09-16 23:49:27.982 [http-nio-8080-exec-3] INFO  c.c.e.core.aspect.LoggingAspect - Exit: com.crypto.exchange.core.service.implementation.TransferServiceImpl.transfer() executed in 30 ms with result = TransferResponseDto[senderAddress=0x913b2aaf4beb4d6b9e810c9fabdede7d, recipientAddress=0x41095c8629b64e1381b7ce8f3fc766e6, cryptoSymbol=BTC, amount=5, timestamp=2026-09-16T23:49:27.982202800, status=SUCCESS]
2026-09-16 23:49:27.985 [http-nio-8080-exec-3] INFO  c.c.e.core.aspect.LoggingAspect - Exit: com.crypto.exchange.web.controller.TransferController.transfer() executed in 34 ms with result = <200 OK OK,TransferResponseDto[senderAddress=0x913b2aaf4beb4d6b9e810c9fabdede7d, recipientAddress=0x41095c8629b64e1381b7ce8f3fc766e6, cryptoSymbol=BTC, amount=5, timestamp=2026-09-16T23:49:27.982202800, status=SUCCESS],[]>
2026-09-16 23:49:28.338 [task-1] ERROR org.thymeleaf.TemplateEngine - [THYMELEAF][task-1] Exception processing template "email/receipt": An error happened during template parsing (template: "class path resource [templates/email/receipt.html]")
org.thymeleaf.exceptions.TemplateInputException: An error happened during template parsing (template: "class path resource [templates/email/receipt.html]")
	at org.thymeleaf.templateparser.markup.AbstractMarkupTemplateParser.parse(AbstractMarkupTemplateParser.java:241)
	at org.thymeleaf.templateparser.markup.AbstractMarkupTemplateParser.parseStandalone(AbstractMarkupTemplateParser.java:100)
	at org.thymeleaf.engine.TemplateManager.parseAndProcess(TemplateManager.java:666)
	at org.thymeleaf.TemplateEngine.process(TemplateEngine.java:1103)
	at org.thymeleaf.TemplateEngine.process(TemplateEngine.java:1064)
	at org.thymeleaf.TemplateEngine.process(TemplateEngine.java:1053)
	at com.crypto.exchange.core.notification.EmailNotificationListener.handleTransactionCompleted(EmailNotificationListener.java:38)
	at java.base/jdk.internal.reflect.DirectMethodHandleAccessor.invoke(DirectMethodHandleAccessor.java:103)
	at java.base/java.lang.reflect.Method.invoke(Method.java:580)
	at org.springframework.aop.support.AopUtils.invokeJoinpointUsingReflection(AopUtils.java:354)
	at org.springframework.aop.framework.ReflectiveMethodInvocation.invokeJoinpoint(ReflectiveMethodInvocation.java:196)
	at org.springframework.aop.framework.ReflectiveMethodInvocation.proceed(ReflectiveMethodInvocation.java:163)
	at org.springframework.aop.framework.CglibAopProxy$CglibMethodInvocation.proceed(CglibAopProxy.java:768)
	at org.springframework.aop.interceptor.AsyncExecutionInterceptor.lambda$invoke$0(AsyncExecutionInterceptor.java:113)
	at java.base/java.util.concurrent.FutureTask.run(FutureTask.java:317)
	at java.base/java.util.concurrent.ThreadPoolExecutor.runWorker(ThreadPoolExecutor.java:1144)
	at java.base/java.util.concurrent.ThreadPoolExecutor$Worker.run(ThreadPoolExecutor.java:642)
	at java.base/java.lang.Thread.run(Thread.java:1575)
Caused by: org.attoparser.ParseException: Exception evaluating SpringEL expression: "tx.amount + ' ' + tx.cryptoSymbol" (template: "email/receipt" - line 21, col 23)
	at org.attoparser.MarkupParser.parseDocument(MarkupParser.java:393)
	at org.attoparser.MarkupParser.parse(MarkupParser.java:257)
	at org.thymeleaf.templateparser.markup.AbstractMarkupTemplateParser.parse(AbstractMarkupTemplateParser.java:230)
	... 17 common frames omitted
Caused by: org.thymeleaf.exceptions.TemplateProcessingException: Exception evaluating SpringEL expression: "tx.amount + ' ' + tx.cryptoSymbol" (template: "email/receipt" - line 21, col 23)
	at org.thymeleaf.spring6.expression.SPELVariableExpressionEvaluator.evaluate(SPELVariableExpressionEvaluator.java:292)
	at org.thymeleaf.standard.expression.VariableExpression.executeVariableExpression(VariableExpression.java:166)
	at org.thymeleaf.standard.expression.SimpleExpression.executeSimple(SimpleExpression.java:66)
	at org.thymeleaf.standard.expression.Expression.execute(Expression.java:109)
	at org.thymeleaf.standard.expression.Expression.execute(Expression.java:138)
	at org.thymeleaf.standard.processor.AbstractStandardExpressionAttributeTagProcessor.doProcess(AbstractStandardExpressionAttributeTagProcessor.java:144)
	at org.thymeleaf.processor.element.AbstractAttributeTagProcessor.doProcess(AbstractAttributeTagProcessor.java:74)
	at org.thymeleaf.processor.element.AbstractElementTagProcessor.process(AbstractElementTagProcessor.java:95)
	at org.thymeleaf.util.ProcessorConfigurationUtils$ElementTagProcessorWrapper.process(ProcessorConfigurationUtils.java:633)
	at org.thymeleaf.engine.ProcessorTemplateHandler.handleOpenElement(ProcessorTemplateHandler.java:1314)
	at org.thymeleaf.engine.TemplateHandlerAdapterMarkupHandler.handleOpenElementEnd(TemplateHandlerAdapterMarkupHandler.java:304)
	at org.thymeleaf.templateparser.markup.InlinedOutputExpressionMarkupHandler$InlineMarkupAdapterPreProcessorHandler.handleOpenElementEnd(InlinedOutputExpressionMarkupHandler.java:278)
	at org.thymeleaf.standard.inline.OutputExpressionInlinePreProcessorHandler.handleOpenElementEnd(OutputExpressionInlinePreProcessorHandler.java:186)
	at org.thymeleaf.templateparser.markup.InlinedOutputExpressionMarkupHandler.handleOpenElementEnd(InlinedOutputExpressionMarkupHandler.java:124)
	at org.attoparser.HtmlElement.handleOpenElementEnd(HtmlElement.java:109)
	at org.attoparser.HtmlMarkupHandler.handleOpenElementEnd(HtmlMarkupHandler.java:297)
	at org.attoparser.MarkupEventProcessorHandler.handleOpenElementEnd(MarkupEventProcessorHandler.java:402)
	at org.attoparser.ParsingElementMarkupUtil.parseOpenElement(ParsingElementMarkupUtil.java:159)
	at org.attoparser.MarkupParser.parseBuffer(MarkupParser.java:710)
	at org.attoparser.MarkupParser.parseDocument(MarkupParser.java:301)
	... 19 common frames omitted
Caused by: org.springframework.expression.spel.SpelEvaluationException: EL1008E: Property or field 'amount' cannot be found on object of type 'com.crypto.exchange.web.dto.response.TransactionResponseDto' - maybe not public or not valid?
	at org.springframework.expression.spel.ast.PropertyOrFieldReference.readProperty(PropertyOrFieldReference.java:229)
	at org.springframework.expression.spel.ast.PropertyOrFieldReference.getValueInternal(PropertyOrFieldReference.java:112)
	at org.springframework.expression.spel.ast.PropertyOrFieldReference$AccessorValueRef.getValue(PropertyOrFieldReference.java:417)
	at org.springframework.expression.spel.ast.CompoundExpression.getValueInternal(CompoundExpression.java:97)
	at org.springframework.expression.spel.ast.OpPlus.getValueInternal(OpPlus.java:93)
	at org.springframework.expression.spel.ast.OpPlus.getValueInternal(OpPlus.java:93)
	at org.springframework.expression.spel.ast.SpelNodeImpl.getValue(SpelNodeImpl.java:114)
	at org.springframework.expression.spel.standard.SpelExpression.getValue(SpelExpression.java:338)
	at org.thymeleaf.spring6.expression.SPELVariableExpressionEvaluator.evaluate(SPELVariableExpressionEvaluator.java:265)
	... 38 common frames omitted
2026-09-16 23:49:28.341 [task-1] ERROR c.c.e.c.n.EmailNotificationListener - Ошибка при отправке письма для транзакции #3
org.thymeleaf.exceptions.TemplateInputException: An error happened during template parsing (template: "class path resource [templates/email/receipt.html]")
	at org.thymeleaf.templateparser.markup.AbstractMarkupTemplateParser.parse(AbstractMarkupTemplateParser.java:241)
	at org.thymeleaf.templateparser.markup.AbstractMarkupTemplateParser.parseStandalone(AbstractMarkupTemplateParser.java:100)
	at org.thymeleaf.engine.TemplateManager.parseAndProcess(TemplateManager.java:666)
	at org.thymeleaf.TemplateEngine.process(TemplateEngine.java:1103)
	at org.thymeleaf.TemplateEngine.process(TemplateEngine.java:1064)
	at org.thymeleaf.TemplateEngine.process(TemplateEngine.java:1053)
	at com.crypto.exchange.core.notification.EmailNotificationListener.handleTransactionCompleted(EmailNotificationListener.java:38)
	at java.base/jdk.internal.reflect.DirectMethodHandleAccessor.invoke(DirectMethodHandleAccessor.java:103)
	at java.base/java.lang.reflect.Method.invoke(Method.java:580)
	at org.springframework.aop.support.AopUtils.invokeJoinpointUsingReflection(AopUtils.java:354)
	at org.springframework.aop.framework.ReflectiveMethodInvocation.invokeJoinpoint(ReflectiveMethodInvocation.java:196)
	at org.springframework.aop.framework.ReflectiveMethodInvocation.proceed(ReflectiveMethodInvocation.java:163)
	at org.springframework.aop.framework.CglibAopProxy$CglibMethodInvocation.proceed(CglibAopProxy.java:768)
	at org.springframework.aop.interceptor.AsyncExecutionInterceptor.lambda$invoke$0(AsyncExecutionInterceptor.java:113)
	at java.base/java.util.concurrent.FutureTask.run(FutureTask.java:317)
	at java.base/java.util.concurrent.ThreadPoolExecutor.runWorker(ThreadPoolExecutor.java:1144)
	at java.base/java.util.concurrent.ThreadPoolExecutor$Worker.run(ThreadPoolExecutor.java:642)
	at java.base/java.lang.Thread.run(Thread.java:1575)
Caused by: org.attoparser.ParseException: Exception evaluating SpringEL expression: "tx.amount + ' ' + tx.cryptoSymbol" (template: "email/receipt" - line 21, col 23)
	at org.attoparser.MarkupParser.parseDocument(MarkupParser.java:393)
	at org.attoparser.MarkupParser.parse(MarkupParser.java:257)
	at org.thymeleaf.templateparser.markup.AbstractMarkupTemplateParser.parse(AbstractMarkupTemplateParser.java:230)
	... 17 common frames omitted
Caused by: org.thymeleaf.exceptions.TemplateProcessingException: Exception evaluating SpringEL expression: "tx.amount + ' ' + tx.cryptoSymbol" (template: "email/receipt" - line 21, col 23)
	at org.thymeleaf.spring6.expression.SPELVariableExpressionEvaluator.evaluate(SPELVariableExpressionEvaluator.java:292)
	at org.thymeleaf.standard.expression.VariableExpression.executeVariableExpression(VariableExpression.java:166)
	at org.thymeleaf.standard.expression.SimpleExpression.executeSimple(SimpleExpression.java:66)
	at org.thymeleaf.standard.expression.Expression.execute(Expression.java:109)
	at org.thymeleaf.standard.expression.Expression.execute(Expression.java:138)
	at org.thymeleaf.standard.processor.AbstractStandardExpressionAttributeTagProcessor.doProcess(AbstractStandardExpressionAttributeTagProcessor.java:144)
	at org.thymeleaf.processor.element.AbstractAttributeTagProcessor.doProcess(AbstractAttributeTagProcessor.java:74)
	at org.thymeleaf.processor.element.AbstractElementTagProcessor.process(AbstractElementTagProcessor.java:95)
	at org.thymeleaf.util.ProcessorConfigurationUtils$ElementTagProcessorWrapper.process(ProcessorConfigurationUtils.java:633)
	at org.thymeleaf.engine.ProcessorTemplateHandler.handleOpenElement(ProcessorTemplateHandler.java:1314)
	at org.thymeleaf.engine.TemplateHandlerAdapterMarkupHandler.handleOpenElementEnd(TemplateHandlerAdapterMarkupHandler.java:304)
	at org.thymeleaf.templateparser.markup.InlinedOutputExpressionMarkupHandler$InlineMarkupAdapterPreProcessorHandler.handleOpenElementEnd(InlinedOutputExpressionMarkupHandler.java:278)
	at org.thymeleaf.standard.inline.OutputExpressionInlinePreProcessorHandler.handleOpenElementEnd(OutputExpressionInlinePreProcessorHandler.java:186)
	at org.thymeleaf.templateparser.markup.InlinedOutputExpressionMarkupHandler.handleOpenElementEnd(InlinedOutputExpressionMarkupHandler.java:124)
	at org.attoparser.HtmlElement.handleOpenElementEnd(HtmlElement.java:109)
	at org.attoparser.HtmlMarkupHandler.handleOpenElementEnd(HtmlMarkupHandler.java:297)
	at org.attoparser.MarkupEventProcessorHandler.handleOpenElementEnd(MarkupEventProcessorHandler.java:402)
	at org.attoparser.ParsingElementMarkupUtil.parseOpenElement(ParsingElementMarkupUtil.java:159)
	at org.attoparser.MarkupParser.parseBuffer(MarkupParser.java:710)
	at org.attoparser.MarkupParser.parseDocument(MarkupParser.java:301)
	... 19 common frames omitted
Caused by: org.springframework.expression.spel.SpelEvaluationException: EL1008E: Property or field 'amount' cannot be found on object of type 'com.crypto.exchange.web.dto.response.TransactionResponseDto' - maybe not public or not valid?
	at org.springframework.expression.spel.ast.PropertyOrFieldReference.readProperty(PropertyOrFieldReference.java:229)
	at org.springframework.expression.spel.ast.PropertyOrFieldReference.getValueInternal(PropertyOrFieldReference.java:112)
	at org.springframework.expression.spel.ast.PropertyOrFieldReference$AccessorValueRef.getValue(PropertyOrFieldReference.java:417)
	at org.springframework.expression.spel.ast.CompoundExpression.getValueInternal(CompoundExpression.java:97)
	at org.springframework.expression.spel.ast.OpPlus.getValueInternal(OpPlus.java:93)
	at org.springframework.expression.spel.ast.OpPlus.getValueInternal(OpPlus.java:93)
	at org.springframework.expression.spel.ast.SpelNodeImpl.getValue(SpelNodeImpl.java:114)
	at org.springframework.expression.spel.standard.SpelExpression.getValue(SpelExpression.java:338)
	at org.thymeleaf.spring6.expression.SPELVariableExpressionEvaluator.evaluate(SPELVariableExpressionEvaluator.java:265)
	... 38 common frames omitted
2026-09-16 23:49:47.500 [http-nio-8080-exec-2] INFO  c.c.e.core.aspect.LoggingAspect - Enter: com.crypto.exchange.web.controller.TransactionController.getUserTransactions() with argument(s) = [com.crypto.exchange.web.security.UserPrincipal@5ae7a308, Page request [number: 0, size 10, sort: createdAt: DESC]]
2026-09-16 23:49:47.501 [http-nio-8080-exec-2] INFO  c.c.e.core.aspect.LoggingAspect - Enter: com.crypto.exchange.core.service.implementation.TransactionServiceImpl.getUserTransactions() with argument(s) = [5, Page request [number: 0, size 10, sort: createdAt: DESC]]
2026-09-16 23:49:47.529 [http-nio-8080-exec-2] INFO  c.c.e.core.aspect.LoggingAspect - Exit: com.crypto.exchange.core.service.implementation.TransactionServiceImpl.getUserTransactions() executed in 27 ms with result = Page 1 of 1 containing com.crypto.exchange.web.dto.response.TransactionResponseDto instances
2026-09-16 23:49:47.530 [http-nio-8080-exec-2] INFO  c.c.e.core.aspect.LoggingAspect - Exit: com.crypto.exchange.web.controller.TransactionController.getUserTransactions() executed in 30 ms with result = <200 OK OK,Page 1 of 1 containing com.crypto.exchange.web.dto.response.TransactionResponseDto instances,[]>
2026-09-16 23:50:56.560 [scheduling-1] INFO  c.c.e.core.aspect.LoggingAspect - Enter: com.crypto.exchange.core.service.CryptoInitializerService.scheduledPriceUpdate() with argument(s) = []
2026-09-16 23:50:56.560 [scheduling-1] INFO  c.c.e.c.s.CryptoInitializerService - Starting crypto price synchronization...
2026-09-16 23:50:56.733 [scheduling-1] INFO  c.c.e.c.s.CryptoInitializerService - Success! Updated and mapped 8 cryptocurrencies with CoinLore IDs
2026-09-16 23:50:56.733 [scheduling-1] INFO  c.c.e.core.aspect.LoggingAspect - Exit: com.crypto.exchange.core.service.CryptoInitializerService.scheduledPriceUpdate() executed in 173 ms with result = null
2026-09-16 23:51:07.736 [SpringApplicationShutdownHook] INFO  o.s.o.j.LocalContainerEntityManagerFactoryBean - Closing JPA EntityManagerFactory for persistence unit 'default'
2026-09-16 23:51:07.741 [SpringApplicationShutdownHook] INFO  com.zaxxer.hikari.HikariDataSource - HikariPool-1 - Shutdown initiated...
2026-09-16 23:51:07.745 [SpringApplicationShutdownHook] INFO  com.zaxxer.hikari.HikariDataSource - HikariPool-1 - Shutdown completed.
2026-09-16 23:51:09.827 [background-preinit] INFO  o.h.validator.internal.util.Version - HV000001: Hibernate Validator 8.0.1.Final
2026-09-16 23:51:09.872 [restartedMain] INFO  c.c.exchange.ExchangeApplication - Starting ExchangeApplication using Java 23.0.2 with PID 15996 (E:\bsuirapp\exchange\target\classes started by AxlLN in E:\bsuirapp\exchange)
2026-09-16 23:51:09.873 [restartedMain] DEBUG c.c.exchange.ExchangeApplication - Running with Spring Boot v3.2.5, Spring v6.1.6
2026-09-16 23:51:09.874 [restartedMain] INFO  c.c.exchange.ExchangeApplication - No active profile set, falling back to 1 default profile: "default"
2026-09-16 23:51:09.948 [restartedMain] INFO  o.s.b.d.e.DevToolsPropertyDefaultsPostProcessor - Devtools property defaults active! Set 'spring.devtools.add-properties' to 'false' to disable
2026-09-16 23:51:09.948 [restartedMain] INFO  o.s.b.d.e.DevToolsPropertyDefaultsPostProcessor - For additional web related logging consider setting the 'logging.level.web' property to 'DEBUG'
2026-09-16 23:51:10.879 [restartedMain] INFO  o.s.d.r.c.RepositoryConfigurationDelegate - Bootstrapping Spring Data JPA repositories in DEFAULT mode.
2026-09-16 23:51:10.954 [restartedMain] INFO  o.s.d.r.c.RepositoryConfigurationDelegate - Finished Spring Data repository scanning in 67 ms. Found 6 JPA repository interfaces.
2026-09-16 23:51:11.435 [restartedMain] WARN  o.s.c.s.PostProcessorRegistrationDelegate$BeanPostProcessorChecker - Bean 'org.springframework.ws.config.annotation.DelegatingWsConfiguration' of type [org.springframework.ws.config.annotation.DelegatingWsConfiguration$$SpringCGLIB$$0] is not eligible for getting processed by all BeanPostProcessors (for example: not eligible for auto-proxying). The currently created BeanPostProcessor [annotationActionEndpointMapping] is declared through a non-static factory method on that class; consider declaring it as static instead.
2026-09-16 23:51:11.456 [restartedMain] INFO  o.s.w.s.a.s.AnnotationActionEndpointMapping - Supporting [WS-Addressing August 2004, WS-Addressing 1.0]
2026-09-16 23:51:12.061 [restartedMain] INFO  o.s.b.w.e.tomcat.TomcatWebServer - Tomcat initialized with port 8080 (http)
2026-09-16 23:51:12.075 [restartedMain] INFO  o.a.coyote.http11.Http11NioProtocol - Initializing ProtocolHandler ["http-nio-8080"]
2026-09-16 23:51:12.078 [restartedMain] INFO  o.a.catalina.core.StandardService - Starting service [Tomcat]
2026-09-16 23:51:12.079 [restartedMain] INFO  o.a.catalina.core.StandardEngine - Starting Servlet engine: [Apache Tomcat/10.1.20]
2026-09-16 23:51:12.159 [restartedMain] INFO  o.a.c.c.C.[Tomcat].[localhost].[/] - Initializing Spring embedded WebApplicationContext
2026-09-16 23:51:12.161 [restartedMain] INFO  o.s.b.w.s.c.ServletWebServerApplicationContext - Root WebApplicationContext: initialization completed in 2211 ms
2026-09-16 23:51:12.331 [restartedMain] DEBUG c.c.e.w.s.JwtAuthenticationFilter - Filter 'jwtAuthenticationFilter' configured for use
2026-09-16 23:51:12.516 [restartedMain] INFO  o.h.jpa.internal.util.LogHelper - HHH000204: Processing PersistenceUnitInfo [name: default]
2026-09-16 23:51:12.597 [restartedMain] INFO  org.hibernate.Version - HHH000412: Hibernate ORM core version 6.4.4.Final
2026-09-16 23:51:12.645 [restartedMain] INFO  o.h.c.i.RegionFactoryInitiator - HHH000026: Second-level cache disabled
2026-09-16 23:51:12.927 [restartedMain] INFO  o.s.o.j.p.SpringPersistenceUnitInfo - No LoadTimeWeaver setup: ignoring JPA class transformer
2026-09-16 23:51:12.977 [restartedMain] INFO  com.zaxxer.hikari.HikariDataSource - HikariPool-1 - Starting...
2026-09-16 23:51:13.284 [restartedMain] INFO  com.zaxxer.hikari.pool.HikariPool - HikariPool-1 - Added connection org.postgresql.jdbc.PgConnection@ef3dbdf
2026-09-16 23:51:13.286 [restartedMain] INFO  com.zaxxer.hikari.HikariDataSource - HikariPool-1 - Start completed.
2026-09-16 23:51:14.680 [restartedMain] INFO  o.h.e.t.j.p.i.JtaPlatformInitiator - HHH000489: No JTA platform available (set 'hibernate.transaction.jta.platform' to enable JTA platform integration)
2026-09-16 23:51:14.847 [restartedMain] INFO  o.s.o.j.LocalContainerEntityManagerFactoryBean - Initialized JPA EntityManagerFactory for persistence unit 'default'
2026-09-16 23:51:15.348 [restartedMain] INFO  o.s.d.j.r.query.QueryEnhancerFactory - Hibernate is in classpath; If applicable, HQL parser will be used.
2026-09-16 23:51:16.718 [restartedMain] WARN  o.s.b.a.o.j.JpaBaseConfiguration$JpaWebConfiguration - spring.jpa.open-in-view is enabled by default. Therefore, database queries may be performed during view rendering. Explicitly configure spring.jpa.open-in-view to disable this warning
2026-09-16 23:51:17.218 [restartedMain] INFO  o.s.s.web.DefaultSecurityFilterChain - Will secure any request with [org.springframework.security.web.session.DisableEncodeUrlFilter@9531996, org.springframework.security.web.context.request.async.WebAsyncManagerIntegrationFilter@5c252aec, org.springframework.security.web.context.SecurityContextHolderFilter@c825bed, org.springframework.security.web.header.HeaderWriterFilter@5bff5732, org.springframework.web.filter.CorsFilter@65996ab7, org.springframework.security.web.authentication.logout.LogoutFilter@5b435e05, com.crypto.exchange.web.security.JwtAuthenticationFilter@52315c6c, org.springframework.security.web.savedrequest.RequestCacheAwareFilter@7a1e4232, org.springframework.security.web.servletapi.SecurityContextHolderAwareRequestFilter@46806958, org.springframework.security.web.authentication.AnonymousAuthenticationFilter@1af05010, org.springframework.security.web.session.SessionManagementFilter@54106250, org.springframework.security.web.access.ExceptionTranslationFilter@78442da6, org.springframework.security.web.access.intercept.AuthorizationFilter@19698951]
2026-09-16 23:51:17.837 [restartedMain] INFO  o.s.b.d.a.OptionalLiveReloadServer - LiveReload server is running on port 35729
2026-09-16 23:51:17.881 [restartedMain] INFO  o.a.coyote.http11.Http11NioProtocol - Starting ProtocolHandler ["http-nio-8080"]
2026-09-16 23:51:17.915 [restartedMain] INFO  o.s.b.w.e.tomcat.TomcatWebServer - Tomcat started on port 8080 (http) with context path ''
2026-09-16 23:51:17.936 [restartedMain] INFO  c.c.exchange.ExchangeApplication - Started ExchangeApplication in 8.614 seconds (process running for 9.122)
2026-09-16 23:51:17.943 [scheduling-1] INFO  c.c.e.core.aspect.LoggingAspect - Enter: com.crypto.exchange.core.service.CryptoInitializerService.scheduledPriceUpdate() with argument(s) = []
2026-09-16 23:51:17.943 [scheduling-1] INFO  c.c.e.c.s.CryptoInitializerService - Starting crypto price synchronization...
2026-09-16 23:51:18.551 [http-nio-8080-exec-1] INFO  o.a.c.c.C.[Tomcat].[localhost].[/] - Initializing Spring DispatcherServlet 'dispatcherServlet'
2026-09-16 23:51:18.551 [http-nio-8080-exec-1] INFO  o.s.web.servlet.DispatcherServlet - Initializing Servlet 'dispatcherServlet'
2026-09-16 23:51:18.552 [http-nio-8080-exec-1] INFO  o.s.web.servlet.DispatcherServlet - Completed initialization in 1 ms
2026-09-16 23:51:19.063 [scheduling-1] INFO  c.c.e.c.s.CryptoInitializerService - Success! Updated and mapped 8 cryptocurrencies with CoinLore IDs
2026-09-16 23:51:19.064 [scheduling-1] INFO  c.c.e.core.aspect.LoggingAspect - Exit: com.crypto.exchange.core.service.CryptoInitializerService.scheduledPriceUpdate() executed in 1121 ms with result = null
2026-09-16 23:51:19.941 [http-nio-8080-exec-8] INFO  o.s.api.AbstractOpenApiResource - Init duration for springdoc-openapi is: 953 ms
2026-09-16 23:51:37.213 [http-nio-8080-exec-9] INFO  c.c.e.core.aspect.LoggingAspect - Enter: com.crypto.exchange.web.controller.AuthController.login() with argument(s) = [LoginRequest[usernameOrEmail=AxlLN, password=password]]
2026-09-16 23:51:37.216 [http-nio-8080-exec-9] INFO  c.c.e.core.aspect.LoggingAspect - Enter: com.crypto.exchange.core.service.AuthService.login() with argument(s) = [LoginRequest[usernameOrEmail=AxlLN, password=password]]
2026-09-16 23:51:37.411 [http-nio-8080-exec-9] INFO  c.c.e.core.aspect.LoggingAspect - Exit: com.crypto.exchange.core.service.AuthService.login() executed in 195 ms with result = AuthResponseDto[token=eyJhbGciOiJIUzUxMiJ9.eyJzdWIiOiJBeGxMTiIsImlkIjo1LCJyb2xlIjoiUk9MRV9VU0VSIiwiaWF0IjoxNzg5NTkxODk3LCJleHAiOjE3ODk2NzgyOTd9.j7EtxpAbZr0zDt479BWO5SMuLJmpWdiCQRzSMBFl-bKTjcji-yBZmHCYmfdWl5RRzVmy16a9XnhiLx5UKvq4ig, tokenType=Bearer, user=UserResponseDto[id=5, username=AxlLN, email=yalyaksandr@mail.ru, role=ROLE_USER, createdAt=2026-09-16T20:47:12.383660Z]]
2026-09-16 23:51:37.417 [http-nio-8080-exec-9] INFO  c.c.e.core.aspect.LoggingAspect - Exit: com.crypto.exchange.web.controller.AuthController.login() executed in 204 ms with result = <200 OK OK,AuthResponseDto[token=eyJhbGciOiJIUzUxMiJ9.eyJzdWIiOiJBeGxMTiIsImlkIjo1LCJyb2xlIjoiUk9MRV9VU0VSIiwiaWF0IjoxNzg5NTkxODk3LCJleHAiOjE3ODk2NzgyOTd9.j7EtxpAbZr0zDt479BWO5SMuLJmpWdiCQRzSMBFl-bKTjcji-yBZmHCYmfdWl5RRzVmy16a9XnhiLx5UKvq4ig, tokenType=Bearer, user=UserResponseDto[id=5, username=AxlLN, email=yalyaksandr@mail.ru, role=ROLE_USER, createdAt=2026-09-16T20:47:12.383660Z]],[]>
2026-09-16 23:51:54.191 [http-nio-8080-exec-10] INFO  c.c.e.core.aspect.LoggingAspect - Enter: com.crypto.exchange.web.controller.WalletController.getMyWallets() with argument(s) = [com.crypto.exchange.web.security.UserPrincipal@7a812220]
2026-09-16 23:51:54.192 [http-nio-8080-exec-10] INFO  c.c.e.core.aspect.LoggingAspect - Enter: com.crypto.exchange.core.service.implementation.WalletServiceImpl.getUserWallets() with argument(s) = [5]
2026-09-16 23:51:54.226 [http-nio-8080-exec-10] INFO  c.c.e.core.aspect.LoggingAspect - Exit: com.crypto.exchange.core.service.implementation.WalletServiceImpl.getUserWallets() executed in 34 ms with result = [WalletResponseDto[id=5, address=0x913b2aaf4beb4d6b9e810c9fabdede7d, name=mywallet, isDefault=true, balances=[WalletBalanceResponseDto[id=40, cryptoId=4, externalId=518, symbol=USDT, cryptoName=Tether, amount=0E-8, currentPriceUsd=1.0000, totalValueUsd=0E-12], WalletBalanceResponseDto[id=33, cryptoId=8, externalId=2, symbol=DOGE, cryptoName=Dogecoin, amount=0E-8, currentPriceUsd=0.0804, totalValueUsd=0E-12], WalletBalanceResponseDto[id=34, cryptoId=2, externalId=90, symbol=BTC, cryptoName=Bitcoin, amount=5.00000000, currentPriceUsd=76081.6100, totalValueUsd=380408.050000000000], WalletBalanceResponseDto[id=38, cryptoId=5, externalId=2710, symbol=BNB, cryptoName=Binance Coin, amount=0E-8, currentPriceUsd=719.3400, totalValueUsd=0E-12], WalletBalanceResponseDto[id=37, cryptoId=9, externalId=257, symbol=ADA, cryptoName=Cardano, amount=0E-8, currentPriceUsd=0.1946, totalValueUsd=0E-12], WalletBalanceResponseDto[id=39, cryptoId=6, externalId=58, symbol=XRP, cryptoName=XRP, amount=0E-8, currentPriceUsd=1.3000, totalValueUsd=0E-12], WalletBalanceResponseDto[id=35, cryptoId=3, externalId=80, symbol=ETH, cryptoName=Ethereum, amount=0E-8, currentPriceUsd=2406.9600, totalValueUsd=0E-12], WalletBalanceResponseDto[id=36, cryptoId=7, externalId=48543, symbol=SOL, cryptoName=Solana, amount=0E-8, currentPriceUsd=98.2800, totalValueUsd=0E-12]]], WalletResponseDto[id=6, address=0x41095c8629b64e1381b7ce8f3fc766e6, name=mywallet2, isDefault=false, balances=[WalletBalanceResponseDto[id=44, cryptoId=6, externalId=58, symbol=XRP, cryptoName=XRP, amount=0E-8, currentPriceUsd=1.3000, totalValueUsd=0E-12], WalletBalanceResponseDto[id=48, cryptoId=8, externalId=2, symbol=DOGE, cryptoName=Dogecoin, amount=0E-8, currentPriceUsd=0.0804, totalValueUsd=0E-12], WalletBalanceResponseDto[id=47, cryptoId=3, externalId=80, symbol=ETH, cryptoName=Ethereum, amount=0E-8, currentPriceUsd=2406.9600, totalValueUsd=0E-12], WalletBalanceResponseDto[id=41, cryptoId=2, externalId=90, symbol=BTC, cryptoName=Bitcoin, amount=5.00000000, currentPriceUsd=76081.6100, totalValueUsd=380408.050000000000], WalletBalanceResponseDto[id=46, cryptoId=4, externalId=518, symbol=USDT, cryptoName=Tether, amount=0E-8, currentPriceUsd=1.0000, totalValueUsd=0E-12], WalletBalanceResponseDto[id=42, cryptoId=9, externalId=257, symbol=ADA, cryptoName=Cardano, amount=0E-8, currentPriceUsd=0.1946, totalValueUsd=0E-12], WalletBalanceResponseDto[id=43, cryptoId=7, externalId=48543, symbol=SOL, cryptoName=Solana, amount=0E-8, currentPriceUsd=98.2800, totalValueUsd=0E-12], WalletBalanceResponseDto[id=45, cryptoId=5, externalId=2710, symbol=BNB, cryptoName=Binance Coin, amount=0E-8, currentPriceUsd=719.3400, totalValueUsd=0E-12]]]]
2026-09-16 23:51:54.232 [http-nio-8080-exec-10] INFO  c.c.e.core.aspect.LoggingAspect - Exit: com.crypto.exchange.web.controller.WalletController.getMyWallets() executed in 41 ms with result = <200 OK OK,[WalletResponseDto[id=5, address=0x913b2aaf4beb4d6b9e810c9fabdede7d, name=mywallet, isDefault=true, balances=[WalletBalanceResponseDto[id=40, cryptoId=4, externalId=518, symbol=USDT, cryptoName=Tether, amount=0E-8, currentPriceUsd=1.0000, totalValueUsd=0E-12], WalletBalanceResponseDto[id=33, cryptoId=8, externalId=2, symbol=DOGE, cryptoName=Dogecoin, amount=0E-8, currentPriceUsd=0.0804, totalValueUsd=0E-12], WalletBalanceResponseDto[id=34, cryptoId=2, externalId=90, symbol=BTC, cryptoName=Bitcoin, amount=5.00000000, currentPriceUsd=76081.6100, totalValueUsd=380408.050000000000], WalletBalanceResponseDto[id=38, cryptoId=5, externalId=2710, symbol=BNB, cryptoName=Binance Coin, amount=0E-8, currentPriceUsd=719.3400, totalValueUsd=0E-12], WalletBalanceResponseDto[id=37, cryptoId=9, externalId=257, symbol=ADA, cryptoName=Cardano, amount=0E-8, currentPriceUsd=0.1946, totalValueUsd=0E-12], WalletBalanceResponseDto[id=39, cryptoId=6, externalId=58, symbol=XRP, cryptoName=XRP, amount=0E-8, currentPriceUsd=1.3000, totalValueUsd=0E-12], WalletBalanceResponseDto[id=35, cryptoId=3, externalId=80, symbol=ETH, cryptoName=Ethereum, amount=0E-8, currentPriceUsd=2406.9600, totalValueUsd=0E-12], WalletBalanceResponseDto[id=36, cryptoId=7, externalId=48543, symbol=SOL, cryptoName=Solana, amount=0E-8, currentPriceUsd=98.2800, totalValueUsd=0E-12]]], WalletResponseDto[id=6, address=0x41095c8629b64e1381b7ce8f3fc766e6, name=mywallet2, isDefault=false, balances=[WalletBalanceResponseDto[id=44, cryptoId=6, externalId=58, symbol=XRP, cryptoName=XRP, amount=0E-8, currentPriceUsd=1.3000, totalValueUsd=0E-12], WalletBalanceResponseDto[id=48, cryptoId=8, externalId=2, symbol=DOGE, cryptoName=Dogecoin, amount=0E-8, currentPriceUsd=0.0804, totalValueUsd=0E-12], WalletBalanceResponseDto[id=47, cryptoId=3, externalId=80, symbol=ETH, cryptoName=Ethereum, amount=0E-8, currentPriceUsd=2406.9600, totalValueUsd=0E-12], WalletBalanceResponseDto[id=41, cryptoId=2, externalId=90, symbol=BTC, cryptoName=Bitcoin, amount=5.00000000, currentPriceUsd=76081.6100, totalValueUsd=380408.050000000000], WalletBalanceResponseDto[id=46, cryptoId=4, externalId=518, symbol=USDT, cryptoName=Tether, amount=0E-8, currentPriceUsd=1.0000, totalValueUsd=0E-12], WalletBalanceResponseDto[id=42, cryptoId=9, externalId=257, symbol=ADA, cryptoName=Cardano, amount=0E-8, currentPriceUsd=0.1946, totalValueUsd=0E-12], WalletBalanceResponseDto[id=43, cryptoId=7, externalId=48543, symbol=SOL, cryptoName=Solana, amount=0E-8, currentPriceUsd=98.2800, totalValueUsd=0E-12], WalletBalanceResponseDto[id=45, cryptoId=5, externalId=2710, symbol=BNB, cryptoName=Binance Coin, amount=0E-8, currentPriceUsd=719.3400, totalValueUsd=0E-12]]]],[]>
2026-09-16 23:52:37.050 [http-nio-8080-exec-4] INFO  c.c.e.core.aspect.LoggingAspect - Enter: com.crypto.exchange.web.controller.TransferController.transfer() with argument(s) = [com.crypto.exchange.web.security.UserPrincipal@7a91bc22, TransferRequestDto[fromWalletId=5, recipientAddress=0x41095c8629b64e1381b7ce8f3fc766e6, cryptoExternalId=90, amount=1]]
2026-09-16 23:52:37.051 [http-nio-8080-exec-4] INFO  c.c.e.core.aspect.LoggingAspect - Enter: com.crypto.exchange.core.service.implementation.TransferServiceImpl.transfer() with argument(s) = [5, TransferRequestDto[fromWalletId=5, recipientAddress=0x41095c8629b64e1381b7ce8f3fc766e6, cryptoExternalId=90, amount=1]]
2026-09-16 23:52:37.112 [http-nio-8080-exec-4] INFO  c.c.e.core.aspect.LoggingAspect - Exit: com.crypto.exchange.core.service.implementation.TransferServiceImpl.transfer() executed in 61 ms with result = TransferResponseDto[senderAddress=0x913b2aaf4beb4d6b9e810c9fabdede7d, recipientAddress=0x41095c8629b64e1381b7ce8f3fc766e6, cryptoSymbol=BTC, amount=1, timestamp=2026-09-16T23:52:37.112827900, status=SUCCESS]
2026-09-16 23:52:37.116 [http-nio-8080-exec-4] INFO  c.c.e.core.aspect.LoggingAspect - Exit: com.crypto.exchange.web.controller.TransferController.transfer() executed in 65 ms with result = <200 OK OK,TransferResponseDto[senderAddress=0x913b2aaf4beb4d6b9e810c9fabdede7d, recipientAddress=0x41095c8629b64e1381b7ce8f3fc766e6, cryptoSymbol=BTC, amount=1, timestamp=2026-09-16T23:52:37.112827900, status=SUCCESS],[]>
2026-09-16 23:52:37.407 [task-1] ERROR org.thymeleaf.TemplateEngine - [THYMELEAF][task-1] Exception processing template "email/receipt": An error happened during template parsing (template: "class path resource [templates/email/receipt.html]")
org.thymeleaf.exceptions.TemplateInputException: An error happened during template parsing (template: "class path resource [templates/email/receipt.html]")
	at org.thymeleaf.templateparser.markup.AbstractMarkupTemplateParser.parse(AbstractMarkupTemplateParser.java:241)
	at org.thymeleaf.templateparser.markup.AbstractMarkupTemplateParser.parseStandalone(AbstractMarkupTemplateParser.java:100)
	at org.thymeleaf.engine.TemplateManager.parseAndProcess(TemplateManager.java:666)
	at org.thymeleaf.TemplateEngine.process(TemplateEngine.java:1103)
	at org.thymeleaf.TemplateEngine.process(TemplateEngine.java:1064)
	at org.thymeleaf.TemplateEngine.process(TemplateEngine.java:1053)
	at com.crypto.exchange.core.notification.EmailNotificationListener.handleTransactionCompleted(EmailNotificationListener.java:38)
	at java.base/jdk.internal.reflect.DirectMethodHandleAccessor.invoke(DirectMethodHandleAccessor.java:103)
	at java.base/java.lang.reflect.Method.invoke(Method.java:580)
	at org.springframework.aop.support.AopUtils.invokeJoinpointUsingReflection(AopUtils.java:354)
	at org.springframework.aop.framework.ReflectiveMethodInvocation.invokeJoinpoint(ReflectiveMethodInvocation.java:196)
	at org.springframework.aop.framework.ReflectiveMethodInvocation.proceed(ReflectiveMethodInvocation.java:163)
	at org.springframework.aop.framework.CglibAopProxy$CglibMethodInvocation.proceed(CglibAopProxy.java:768)
	at org.springframework.aop.interceptor.AsyncExecutionInterceptor.lambda$invoke$0(AsyncExecutionInterceptor.java:113)
	at java.base/java.util.concurrent.FutureTask.run(FutureTask.java:317)
	at java.base/java.util.concurrent.ThreadPoolExecutor.runWorker(ThreadPoolExecutor.java:1144)
	at java.base/java.util.concurrent.ThreadPoolExecutor$Worker.run(ThreadPoolExecutor.java:642)
	at java.base/java.lang.Thread.run(Thread.java:1575)
Caused by: org.attoparser.ParseException: Exception evaluating SpringEL expression: "tx.fromWalletAddress" (template: "email/receipt" - line 40, col 88)
	at org.attoparser.MarkupParser.parseDocument(MarkupParser.java:393)
	at org.attoparser.MarkupParser.parse(MarkupParser.java:257)
	at org.thymeleaf.templateparser.markup.AbstractMarkupTemplateParser.parse(AbstractMarkupTemplateParser.java:230)
	... 17 common frames omitted
Caused by: org.thymeleaf.exceptions.TemplateProcessingException: Exception evaluating SpringEL expression: "tx.fromWalletAddress" (template: "email/receipt" - line 40, col 88)
	at org.thymeleaf.spring6.expression.SPELVariableExpressionEvaluator.evaluate(SPELVariableExpressionEvaluator.java:292)
	at org.thymeleaf.standard.expression.VariableExpression.executeVariableExpression(VariableExpression.java:166)
	at org.thymeleaf.standard.expression.SimpleExpression.executeSimple(SimpleExpression.java:66)
	at org.thymeleaf.standard.expression.Expression.execute(Expression.java:109)
	at org.thymeleaf.standard.expression.Expression.execute(Expression.java:138)
	at org.thymeleaf.standard.processor.AbstractStandardExpressionAttributeTagProcessor.doProcess(AbstractStandardExpressionAttributeTagProcessor.java:144)
	at org.thymeleaf.processor.element.AbstractAttributeTagProcessor.doProcess(AbstractAttributeTagProcessor.java:74)
	at org.thymeleaf.processor.element.AbstractElementTagProcessor.process(AbstractElementTagProcessor.java:95)
	at org.thymeleaf.util.ProcessorConfigurationUtils$ElementTagProcessorWrapper.process(ProcessorConfigurationUtils.java:633)
	at org.thymeleaf.engine.ProcessorTemplateHandler.handleOpenElement(ProcessorTemplateHandler.java:1314)
	at org.thymeleaf.engine.TemplateHandlerAdapterMarkupHandler.handleOpenElementEnd(TemplateHandlerAdapterMarkupHandler.java:304)
	at org.thymeleaf.templateparser.markup.InlinedOutputExpressionMarkupHandler$InlineMarkupAdapterPreProcessorHandler.handleOpenElementEnd(InlinedOutputExpressionMarkupHandler.java:278)
	at org.thymeleaf.standard.inline.OutputExpressionInlinePreProcessorHandler.handleOpenElementEnd(OutputExpressionInlinePreProcessorHandler.java:186)
	at org.thymeleaf.templateparser.markup.InlinedOutputExpressionMarkupHandler.handleOpenElementEnd(InlinedOutputExpressionMarkupHandler.java:124)
	at org.attoparser.HtmlElement.handleOpenElementEnd(HtmlElement.java:109)
	at org.attoparser.HtmlMarkupHandler.handleOpenElementEnd(HtmlMarkupHandler.java:297)
	at org.attoparser.MarkupEventProcessorHandler.handleOpenElementEnd(MarkupEventProcessorHandler.java:402)
	at org.attoparser.ParsingElementMarkupUtil.parseOpenElement(ParsingElementMarkupUtil.java:159)
	at org.attoparser.MarkupParser.parseBuffer(MarkupParser.java:710)
	at org.attoparser.MarkupParser.parseDocument(MarkupParser.java:301)
	... 19 common frames omitted
Caused by: org.springframework.expression.spel.SpelEvaluationException: EL1008E: Property or field 'fromWalletAddress' cannot be found on object of type 'com.crypto.exchange.web.dto.response.TransactionResponseDto' - maybe not public or not valid?
	at org.springframework.expression.spel.ast.PropertyOrFieldReference.readProperty(PropertyOrFieldReference.java:229)
	at org.springframework.expression.spel.ast.PropertyOrFieldReference.getValueInternal(PropertyOrFieldReference.java:112)
	at org.springframework.expression.spel.ast.PropertyOrFieldReference$AccessorValueRef.getValue(PropertyOrFieldReference.java:417)
	at org.springframework.expression.spel.ast.CompoundExpression.getValueInternal(CompoundExpression.java:97)
	at org.springframework.expression.spel.ast.SpelNodeImpl.getValue(SpelNodeImpl.java:114)
	at org.springframework.expression.spel.standard.SpelExpression.getValue(SpelExpression.java:338)
	at org.thymeleaf.spring6.expression.SPELVariableExpressionEvaluator.evaluate(SPELVariableExpressionEvaluator.java:265)
	... 38 common frames omitted
2026-09-16 23:52:37.411 [task-1] ERROR c.c.e.c.n.EmailNotificationListener - Ошибка при отправке письма для транзакции #4
org.thymeleaf.exceptions.TemplateInputException: An error happened during template parsing (template: "class path resource [templates/email/receipt.html]")
	at org.thymeleaf.templateparser.markup.AbstractMarkupTemplateParser.parse(AbstractMarkupTemplateParser.java:241)
	at org.thymeleaf.templateparser.markup.AbstractMarkupTemplateParser.parseStandalone(AbstractMarkupTemplateParser.java:100)
	at org.thymeleaf.engine.TemplateManager.parseAndProcess(TemplateManager.java:666)
	at org.thymeleaf.TemplateEngine.process(TemplateEngine.java:1103)
	at org.thymeleaf.TemplateEngine.process(TemplateEngine.java:1064)
	at org.thymeleaf.TemplateEngine.process(TemplateEngine.java:1053)
	at com.crypto.exchange.core.notification.EmailNotificationListener.handleTransactionCompleted(EmailNotificationListener.java:38)
	at java.base/jdk.internal.reflect.DirectMethodHandleAccessor.invoke(DirectMethodHandleAccessor.java:103)
	at java.base/java.lang.reflect.Method.invoke(Method.java:580)
	at org.springframework.aop.support.AopUtils.invokeJoinpointUsingReflection(AopUtils.java:354)
	at org.springframework.aop.framework.ReflectiveMethodInvocation.invokeJoinpoint(ReflectiveMethodInvocation.java:196)
	at org.springframework.aop.framework.ReflectiveMethodInvocation.proceed(ReflectiveMethodInvocation.java:163)
	at org.springframework.aop.framework.CglibAopProxy$CglibMethodInvocation.proceed(CglibAopProxy.java:768)
	at org.springframework.aop.interceptor.AsyncExecutionInterceptor.lambda$invoke$0(AsyncExecutionInterceptor.java:113)
	at java.base/java.util.concurrent.FutureTask.run(FutureTask.java:317)
	at java.base/java.util.concurrent.ThreadPoolExecutor.runWorker(ThreadPoolExecutor.java:1144)
	at java.base/java.util.concurrent.ThreadPoolExecutor$Worker.run(ThreadPoolExecutor.java:642)
	at java.base/java.lang.Thread.run(Thread.java:1575)
Caused by: org.attoparser.ParseException: Exception evaluating SpringEL expression: "tx.fromWalletAddress" (template: "email/receipt" - line 40, col 88)
	at org.attoparser.MarkupParser.parseDocument(MarkupParser.java:393)
	at org.attoparser.MarkupParser.parse(MarkupParser.java:257)
	at org.thymeleaf.templateparser.markup.AbstractMarkupTemplateParser.parse(AbstractMarkupTemplateParser.java:230)
	... 17 common frames omitted
Caused by: org.thymeleaf.exceptions.TemplateProcessingException: Exception evaluating SpringEL expression: "tx.fromWalletAddress" (template: "email/receipt" - line 40, col 88)
	at org.thymeleaf.spring6.expression.SPELVariableExpressionEvaluator.evaluate(SPELVariableExpressionEvaluator.java:292)
	at org.thymeleaf.standard.expression.VariableExpression.executeVariableExpression(VariableExpression.java:166)
	at org.thymeleaf.standard.expression.SimpleExpression.executeSimple(SimpleExpression.java:66)
	at org.thymeleaf.standard.expression.Expression.execute(Expression.java:109)
	at org.thymeleaf.standard.expression.Expression.execute(Expression.java:138)
	at org.thymeleaf.standard.processor.AbstractStandardExpressionAttributeTagProcessor.doProcess(AbstractStandardExpressionAttributeTagProcessor.java:144)
	at org.thymeleaf.processor.element.AbstractAttributeTagProcessor.doProcess(AbstractAttributeTagProcessor.java:74)
	at org.thymeleaf.processor.element.AbstractElementTagProcessor.process(AbstractElementTagProcessor.java:95)
	at org.thymeleaf.util.ProcessorConfigurationUtils$ElementTagProcessorWrapper.process(ProcessorConfigurationUtils.java:633)
	at org.thymeleaf.engine.ProcessorTemplateHandler.handleOpenElement(ProcessorTemplateHandler.java:1314)
	at org.thymeleaf.engine.TemplateHandlerAdapterMarkupHandler.handleOpenElementEnd(TemplateHandlerAdapterMarkupHandler.java:304)
	at org.thymeleaf.templateparser.markup.InlinedOutputExpressionMarkupHandler$InlineMarkupAdapterPreProcessorHandler.handleOpenElementEnd(InlinedOutputExpressionMarkupHandler.java:278)
	at org.thymeleaf.standard.inline.OutputExpressionInlinePreProcessorHandler.handleOpenElementEnd(OutputExpressionInlinePreProcessorHandler.java:186)
	at org.thymeleaf.templateparser.markup.InlinedOutputExpressionMarkupHandler.handleOpenElementEnd(InlinedOutputExpressionMarkupHandler.java:124)
	at org.attoparser.HtmlElement.handleOpenElementEnd(HtmlElement.java:109)
	at org.attoparser.HtmlMarkupHandler.handleOpenElementEnd(HtmlMarkupHandler.java:297)
	at org.attoparser.MarkupEventProcessorHandler.handleOpenElementEnd(MarkupEventProcessorHandler.java:402)
	at org.attoparser.ParsingElementMarkupUtil.parseOpenElement(ParsingElementMarkupUtil.java:159)
	at org.attoparser.MarkupParser.parseBuffer(MarkupParser.java:710)
	at org.attoparser.MarkupParser.parseDocument(MarkupParser.java:301)
	... 19 common frames omitted
Caused by: org.springframework.expression.spel.SpelEvaluationException: EL1008E: Property or field 'fromWalletAddress' cannot be found on object of type 'com.crypto.exchange.web.dto.response.TransactionResponseDto' - maybe not public or not valid?
	at org.springframework.expression.spel.ast.PropertyOrFieldReference.readProperty(PropertyOrFieldReference.java:229)
	at org.springframework.expression.spel.ast.PropertyOrFieldReference.getValueInternal(PropertyOrFieldReference.java:112)
	at org.springframework.expression.spel.ast.PropertyOrFieldReference$AccessorValueRef.getValue(PropertyOrFieldReference.java:417)
	at org.springframework.expression.spel.ast.CompoundExpression.getValueInternal(CompoundExpression.java:97)
	at org.springframework.expression.spel.ast.SpelNodeImpl.getValue(SpelNodeImpl.java:114)
	at org.springframework.expression.spel.standard.SpelExpression.getValue(SpelExpression.java:338)
	at org.thymeleaf.spring6.expression.SPELVariableExpressionEvaluator.evaluate(SPELVariableExpressionEvaluator.java:265)
	... 38 common frames omitted
2026-09-16 23:54:11.296 [SpringApplicationShutdownHook] INFO  o.s.o.j.LocalContainerEntityManagerFactoryBean - Closing JPA EntityManagerFactory for persistence unit 'default'
2026-09-16 23:54:11.299 [SpringApplicationShutdownHook] INFO  com.zaxxer.hikari.HikariDataSource - HikariPool-1 - Shutdown initiated...
2026-09-16 23:54:11.303 [SpringApplicationShutdownHook] INFO  com.zaxxer.hikari.HikariDataSource - HikariPool-1 - Shutdown completed.
2026-09-16 23:54:13.640 [background-preinit] INFO  o.h.validator.internal.util.Version - HV000001: Hibernate Validator 8.0.1.Final
2026-09-16 23:54:13.686 [restartedMain] INFO  c.c.exchange.ExchangeApplication - Starting ExchangeApplication using Java 23.0.2 with PID 12032 (E:\bsuirapp\exchange\target\classes started by AxlLN in E:\bsuirapp\exchange)
2026-09-16 23:54:13.687 [restartedMain] DEBUG c.c.exchange.ExchangeApplication - Running with Spring Boot v3.2.5, Spring v6.1.6
2026-09-16 23:54:13.688 [restartedMain] INFO  c.c.exchange.ExchangeApplication - No active profile set, falling back to 1 default profile: "default"
2026-09-16 23:54:13.763 [restartedMain] INFO  o.s.b.d.e.DevToolsPropertyDefaultsPostProcessor - Devtools property defaults active! Set 'spring.devtools.add-properties' to 'false' to disable
2026-09-16 23:54:13.763 [restartedMain] INFO  o.s.b.d.e.DevToolsPropertyDefaultsPostProcessor - For additional web related logging consider setting the 'logging.level.web' property to 'DEBUG'
2026-09-16 23:54:14.675 [restartedMain] INFO  o.s.d.r.c.RepositoryConfigurationDelegate - Bootstrapping Spring Data JPA repositories in DEFAULT mode.
2026-09-16 23:54:14.751 [restartedMain] INFO  o.s.d.r.c.RepositoryConfigurationDelegate - Finished Spring Data repository scanning in 70 ms. Found 6 JPA repository interfaces.
2026-09-16 23:54:15.080 [restartedMain] WARN  o.s.c.s.PostProcessorRegistrationDelegate$BeanPostProcessorChecker - Bean 'org.springframework.ws.config.annotation.DelegatingWsConfiguration' of type [org.springframework.ws.config.annotation.DelegatingWsConfiguration$$SpringCGLIB$$0] is not eligible for getting processed by all BeanPostProcessors (for example: not eligible for auto-proxying). The currently created BeanPostProcessor [annotationActionEndpointMapping] is declared through a non-static factory method on that class; consider declaring it as static instead.
2026-09-16 23:54:15.098 [restartedMain] INFO  o.s.w.s.a.s.AnnotationActionEndpointMapping - Supporting [WS-Addressing August 2004, WS-Addressing 1.0]
2026-09-16 23:54:15.582 [restartedMain] INFO  o.s.b.w.e.tomcat.TomcatWebServer - Tomcat initialized with port 8080 (http)
2026-09-16 23:54:15.592 [restartedMain] INFO  o.a.coyote.http11.Http11NioProtocol - Initializing ProtocolHandler ["http-nio-8080"]
2026-09-16 23:54:15.594 [restartedMain] INFO  o.a.catalina.core.StandardService - Starting service [Tomcat]
2026-09-16 23:54:15.594 [restartedMain] INFO  o.a.catalina.core.StandardEngine - Starting Servlet engine: [Apache Tomcat/10.1.20]
2026-09-16 23:54:15.645 [restartedMain] INFO  o.a.c.c.C.[Tomcat].[localhost].[/] - Initializing Spring embedded WebApplicationContext
2026-09-16 23:54:15.646 [restartedMain] INFO  o.s.b.w.s.c.ServletWebServerApplicationContext - Root WebApplicationContext: initialization completed in 1883 ms
2026-09-16 23:54:15.714 [restartedMain] DEBUG c.c.e.w.s.JwtAuthenticationFilter - Filter 'jwtAuthenticationFilter' configured for use
2026-09-16 23:54:15.855 [restartedMain] INFO  o.h.jpa.internal.util.LogHelper - HHH000204: Processing PersistenceUnitInfo [name: default]
2026-09-16 23:54:15.898 [restartedMain] INFO  org.hibernate.Version - HHH000412: Hibernate ORM core version 6.4.4.Final
2026-09-16 23:54:15.926 [restartedMain] INFO  o.h.c.i.RegionFactoryInitiator - HHH000026: Second-level cache disabled
2026-09-16 23:54:16.105 [restartedMain] INFO  o.s.o.j.p.SpringPersistenceUnitInfo - No LoadTimeWeaver setup: ignoring JPA class transformer
2026-09-16 23:54:16.127 [restartedMain] INFO  com.zaxxer.hikari.HikariDataSource - HikariPool-1 - Starting...
2026-09-16 23:54:16.268 [restartedMain] INFO  com.zaxxer.hikari.pool.HikariPool - HikariPool-1 - Added connection org.postgresql.jdbc.PgConnection@69333ac0
2026-09-16 23:54:16.270 [restartedMain] INFO  com.zaxxer.hikari.HikariDataSource - HikariPool-1 - Start completed.
2026-09-16 23:54:17.162 [restartedMain] INFO  o.h.e.t.j.p.i.JtaPlatformInitiator - HHH000489: No JTA platform available (set 'hibernate.transaction.jta.platform' to enable JTA platform integration)
2026-09-16 23:54:17.282 [restartedMain] INFO  o.s.o.j.LocalContainerEntityManagerFactoryBean - Initialized JPA EntityManagerFactory for persistence unit 'default'
2026-09-16 23:54:17.668 [restartedMain] INFO  o.s.d.j.r.query.QueryEnhancerFactory - Hibernate is in classpath; If applicable, HQL parser will be used.
2026-09-16 23:54:18.470 [restartedMain] WARN  o.s.b.a.o.j.JpaBaseConfiguration$JpaWebConfiguration - spring.jpa.open-in-view is enabled by default. Therefore, database queries may be performed during view rendering. Explicitly configure spring.jpa.open-in-view to disable this warning
2026-09-16 23:54:18.739 [restartedMain] INFO  o.s.s.web.DefaultSecurityFilterChain - Will secure any request with [org.springframework.security.web.session.DisableEncodeUrlFilter@476407c, org.springframework.security.web.context.request.async.WebAsyncManagerIntegrationFilter@e8f7ead, org.springframework.security.web.context.SecurityContextHolderFilter@2bd3b728, org.springframework.security.web.header.HeaderWriterFilter@58430f56, org.springframework.web.filter.CorsFilter@5915dd52, org.springframework.security.web.authentication.logout.LogoutFilter@266516f3, com.crypto.exchange.web.security.JwtAuthenticationFilter@7c6588c6, org.springframework.security.web.savedrequest.RequestCacheAwareFilter@15cb590c, org.springframework.security.web.servletapi.SecurityContextHolderAwareRequestFilter@984886b, org.springframework.security.web.authentication.AnonymousAuthenticationFilter@1f3ff4ed, org.springframework.security.web.session.SessionManagementFilter@36231d77, org.springframework.security.web.access.ExceptionTranslationFilter@7a1e4232, org.springframework.security.web.access.intercept.AuthorizationFilter@501b4d02]
2026-09-16 23:54:19.112 [restartedMain] INFO  o.s.b.d.a.OptionalLiveReloadServer - LiveReload server is running on port 35729
2026-09-16 23:54:19.129 [restartedMain] INFO  o.a.coyote.http11.Http11NioProtocol - Starting ProtocolHandler ["http-nio-8080"]
2026-09-16 23:54:19.149 [restartedMain] INFO  o.s.b.w.e.tomcat.TomcatWebServer - Tomcat started on port 8080 (http) with context path ''
2026-09-16 23:54:19.159 [restartedMain] INFO  c.c.exchange.ExchangeApplication - Started ExchangeApplication in 5.968 seconds (process running for 6.415)
2026-09-16 23:54:19.165 [scheduling-1] INFO  c.c.e.core.aspect.LoggingAspect - Enter: com.crypto.exchange.core.service.CryptoInitializerService.scheduledPriceUpdate() with argument(s) = []
2026-09-16 23:54:19.165 [scheduling-1] INFO  c.c.e.c.s.CryptoInitializerService - Starting crypto price synchronization...
2026-09-16 23:54:19.775 [scheduling-1] INFO  c.c.e.c.s.CryptoInitializerService - Success! Updated and mapped 8 cryptocurrencies with CoinLore IDs
2026-09-16 23:54:19.775 [scheduling-1] INFO  c.c.e.core.aspect.LoggingAspect - Exit: com.crypto.exchange.core.service.CryptoInitializerService.scheduledPriceUpdate() executed in 610 ms with result = null
2026-09-16 23:54:24.539 [http-nio-8080-exec-1] INFO  o.a.c.c.C.[Tomcat].[localhost].[/] - Initializing Spring DispatcherServlet 'dispatcherServlet'
2026-09-16 23:54:24.539 [http-nio-8080-exec-1] INFO  o.s.web.servlet.DispatcherServlet - Initializing Servlet 'dispatcherServlet'
2026-09-16 23:54:24.541 [http-nio-8080-exec-1] INFO  o.s.web.servlet.DispatcherServlet - Completed initialization in 1 ms
2026-09-16 23:54:25.415 [http-nio-8080-exec-3] INFO  o.s.api.AbstractOpenApiResource - Init duration for springdoc-openapi is: 628 ms
2026-09-16 23:54:44.752 [http-nio-8080-exec-9] INFO  c.c.e.core.aspect.LoggingAspect - Enter: com.crypto.exchange.web.controller.AuthController.login() with argument(s) = [LoginRequest[usernameOrEmail=AxlLN, password=password]]
2026-09-16 23:54:44.757 [http-nio-8080-exec-9] INFO  c.c.e.core.aspect.LoggingAspect - Enter: com.crypto.exchange.core.service.AuthService.login() with argument(s) = [LoginRequest[usernameOrEmail=AxlLN, password=password]]
2026-09-16 23:54:45.094 [http-nio-8080-exec-9] INFO  c.c.e.core.aspect.LoggingAspect - Exit: com.crypto.exchange.core.service.AuthService.login() executed in 337 ms with result = AuthResponseDto[token=eyJhbGciOiJIUzUxMiJ9.eyJzdWIiOiJBeGxMTiIsImlkIjo1LCJyb2xlIjoiUk9MRV9VU0VSIiwiaWF0IjoxNzg5NTkyMDg1LCJleHAiOjE3ODk2Nzg0ODV9.yWUgSU6ZqK1EEbONoDcjvcIO7ln_ZwxyBeEUn6W1cOdXAxPTS_-aSNWUdIhy2s0ACLzsu2gSXcEPwdQcZ8cBrQ, tokenType=Bearer, user=UserResponseDto[id=5, username=AxlLN, email=yalyaksandr@mail.ru, role=ROLE_USER, createdAt=2026-09-16T20:47:12.383660Z]]
2026-09-16 23:54:45.102 [http-nio-8080-exec-9] INFO  c.c.e.core.aspect.LoggingAspect - Exit: com.crypto.exchange.web.controller.AuthController.login() executed in 350 ms with result = <200 OK OK,AuthResponseDto[token=eyJhbGciOiJIUzUxMiJ9.eyJzdWIiOiJBeGxMTiIsImlkIjo1LCJyb2xlIjoiUk9MRV9VU0VSIiwiaWF0IjoxNzg5NTkyMDg1LCJleHAiOjE3ODk2Nzg0ODV9.yWUgSU6ZqK1EEbONoDcjvcIO7ln_ZwxyBeEUn6W1cOdXAxPTS_-aSNWUdIhy2s0ACLzsu2gSXcEPwdQcZ8cBrQ, tokenType=Bearer, user=UserResponseDto[id=5, username=AxlLN, email=yalyaksandr@mail.ru, role=ROLE_USER, createdAt=2026-09-16T20:47:12.383660Z]],[]>
2026-09-16 23:55:02.078 [http-nio-8080-exec-10] INFO  c.c.e.core.aspect.LoggingAspect - Enter: com.crypto.exchange.web.controller.WalletController.getMyWallets() with argument(s) = [com.crypto.exchange.web.security.UserPrincipal@1405504]
2026-09-16 23:55:02.079 [http-nio-8080-exec-10] INFO  c.c.e.core.aspect.LoggingAspect - Enter: com.crypto.exchange.core.service.implementation.WalletServiceImpl.getUserWallets() with argument(s) = [5]
2026-09-16 23:55:02.120 [http-nio-8080-exec-10] INFO  c.c.e.core.aspect.LoggingAspect - Exit: com.crypto.exchange.core.service.implementation.WalletServiceImpl.getUserWallets() executed in 41 ms with result = [WalletResponseDto[id=5, address=0x913b2aaf4beb4d6b9e810c9fabdede7d, name=mywallet, isDefault=true, balances=[WalletBalanceResponseDto[id=39, cryptoId=6, externalId=58, symbol=XRP, cryptoName=XRP, amount=0E-8, currentPriceUsd=1.3000, totalValueUsd=0E-12], WalletBalanceResponseDto[id=38, cryptoId=5, externalId=2710, symbol=BNB, cryptoName=Binance Coin, amount=0E-8, currentPriceUsd=719.4100, totalValueUsd=0E-12], WalletBalanceResponseDto[id=36, cryptoId=7, externalId=48543, symbol=SOL, cryptoName=Solana, amount=0E-8, currentPriceUsd=98.5400, totalValueUsd=0E-12], WalletBalanceResponseDto[id=34, cryptoId=2, externalId=90, symbol=BTC, cryptoName=Bitcoin, amount=4.00000000, currentPriceUsd=76109.5000, totalValueUsd=304438.000000000000], WalletBalanceResponseDto[id=40, cryptoId=4, externalId=518, symbol=USDT, cryptoName=Tether, amount=0E-8, currentPriceUsd=1.0000, totalValueUsd=0E-12], WalletBalanceResponseDto[id=33, cryptoId=8, externalId=2, symbol=DOGE, cryptoName=Dogecoin, amount=0E-8, currentPriceUsd=0.0805, totalValueUsd=0E-12], WalletBalanceResponseDto[id=37, cryptoId=9, externalId=257, symbol=ADA, cryptoName=Cardano, amount=0E-8, currentPriceUsd=0.1950, totalValueUsd=0E-12], WalletBalanceResponseDto[id=35, cryptoId=3, externalId=80, symbol=ETH, cryptoName=Ethereum, amount=0E-8, currentPriceUsd=2408.9500, totalValueUsd=0E-12]]], WalletResponseDto[id=6, address=0x41095c8629b64e1381b7ce8f3fc766e6, name=mywallet2, isDefault=false, balances=[WalletBalanceResponseDto[id=42, cryptoId=9, externalId=257, symbol=ADA, cryptoName=Cardano, amount=0E-8, currentPriceUsd=0.1950, totalValueUsd=0E-12], WalletBalanceResponseDto[id=43, cryptoId=7, externalId=48543, symbol=SOL, cryptoName=Solana, amount=0E-8, currentPriceUsd=98.5400, totalValueUsd=0E-12], WalletBalanceResponseDto[id=45, cryptoId=5, externalId=2710, symbol=BNB, cryptoName=Binance Coin, amount=0E-8, currentPriceUsd=719.4100, totalValueUsd=0E-12], WalletBalanceResponseDto[id=48, cryptoId=8, externalId=2, symbol=DOGE, cryptoName=Dogecoin, amount=0E-8, currentPriceUsd=0.0805, totalValueUsd=0E-12], WalletBalanceResponseDto[id=47, cryptoId=3, externalId=80, symbol=ETH, cryptoName=Ethereum, amount=0E-8, currentPriceUsd=2408.9500, totalValueUsd=0E-12], WalletBalanceResponseDto[id=41, cryptoId=2, externalId=90, symbol=BTC, cryptoName=Bitcoin, amount=6.00000000, currentPriceUsd=76109.5000, totalValueUsd=456657.000000000000], WalletBalanceResponseDto[id=44, cryptoId=6, externalId=58, symbol=XRP, cryptoName=XRP, amount=0E-8, currentPriceUsd=1.3000, totalValueUsd=0E-12], WalletBalanceResponseDto[id=46, cryptoId=4, externalId=518, symbol=USDT, cryptoName=Tether, amount=0E-8, currentPriceUsd=1.0000, totalValueUsd=0E-12]]]]
2026-09-16 23:55:02.124 [http-nio-8080-exec-10] INFO  c.c.e.core.aspect.LoggingAspect - Exit: com.crypto.exchange.web.controller.WalletController.getMyWallets() executed in 45 ms with result = <200 OK OK,[WalletResponseDto[id=5, address=0x913b2aaf4beb4d6b9e810c9fabdede7d, name=mywallet, isDefault=true, balances=[WalletBalanceResponseDto[id=39, cryptoId=6, externalId=58, symbol=XRP, cryptoName=XRP, amount=0E-8, currentPriceUsd=1.3000, totalValueUsd=0E-12], WalletBalanceResponseDto[id=38, cryptoId=5, externalId=2710, symbol=BNB, cryptoName=Binance Coin, amount=0E-8, currentPriceUsd=719.4100, totalValueUsd=0E-12], WalletBalanceResponseDto[id=36, cryptoId=7, externalId=48543, symbol=SOL, cryptoName=Solana, amount=0E-8, currentPriceUsd=98.5400, totalValueUsd=0E-12], WalletBalanceResponseDto[id=34, cryptoId=2, externalId=90, symbol=BTC, cryptoName=Bitcoin, amount=4.00000000, currentPriceUsd=76109.5000, totalValueUsd=304438.000000000000], WalletBalanceResponseDto[id=40, cryptoId=4, externalId=518, symbol=USDT, cryptoName=Tether, amount=0E-8, currentPriceUsd=1.0000, totalValueUsd=0E-12], WalletBalanceResponseDto[id=33, cryptoId=8, externalId=2, symbol=DOGE, cryptoName=Dogecoin, amount=0E-8, currentPriceUsd=0.0805, totalValueUsd=0E-12], WalletBalanceResponseDto[id=37, cryptoId=9, externalId=257, symbol=ADA, cryptoName=Cardano, amount=0E-8, currentPriceUsd=0.1950, totalValueUsd=0E-12], WalletBalanceResponseDto[id=35, cryptoId=3, externalId=80, symbol=ETH, cryptoName=Ethereum, amount=0E-8, currentPriceUsd=2408.9500, totalValueUsd=0E-12]]], WalletResponseDto[id=6, address=0x41095c8629b64e1381b7ce8f3fc766e6, name=mywallet2, isDefault=false, balances=[WalletBalanceResponseDto[id=42, cryptoId=9, externalId=257, symbol=ADA, cryptoName=Cardano, amount=0E-8, currentPriceUsd=0.1950, totalValueUsd=0E-12], WalletBalanceResponseDto[id=43, cryptoId=7, externalId=48543, symbol=SOL, cryptoName=Solana, amount=0E-8, currentPriceUsd=98.5400, totalValueUsd=0E-12], WalletBalanceResponseDto[id=45, cryptoId=5, externalId=2710, symbol=BNB, cryptoName=Binance Coin, amount=0E-8, currentPriceUsd=719.4100, totalValueUsd=0E-12], WalletBalanceResponseDto[id=48, cryptoId=8, externalId=2, symbol=DOGE, cryptoName=Dogecoin, amount=0E-8, currentPriceUsd=0.0805, totalValueUsd=0E-12], WalletBalanceResponseDto[id=47, cryptoId=3, externalId=80, symbol=ETH, cryptoName=Ethereum, amount=0E-8, currentPriceUsd=2408.9500, totalValueUsd=0E-12], WalletBalanceResponseDto[id=41, cryptoId=2, externalId=90, symbol=BTC, cryptoName=Bitcoin, amount=6.00000000, currentPriceUsd=76109.5000, totalValueUsd=456657.000000000000], WalletBalanceResponseDto[id=44, cryptoId=6, externalId=58, symbol=XRP, cryptoName=XRP, amount=0E-8, currentPriceUsd=1.3000, totalValueUsd=0E-12], WalletBalanceResponseDto[id=46, cryptoId=4, externalId=518, symbol=USDT, cryptoName=Tether, amount=0E-8, currentPriceUsd=1.0000, totalValueUsd=0E-12]]]],[]>
2026-09-16 23:55:31.045 [http-nio-8080-exec-7] INFO  c.c.e.core.aspect.LoggingAspect - Enter: com.crypto.exchange.web.controller.TransferController.transfer() with argument(s) = [com.crypto.exchange.web.security.UserPrincipal@51ecccc3, TransferRequestDto[fromWalletId=5, recipientAddress=0x41095c8629b64e1381b7ce8f3fc766e6, cryptoExternalId=90, amount=1]]
2026-09-16 23:55:31.046 [http-nio-8080-exec-7] INFO  c.c.e.core.aspect.LoggingAspect - Enter: com.crypto.exchange.core.service.implementation.TransferServiceImpl.transfer() with argument(s) = [5, TransferRequestDto[fromWalletId=5, recipientAddress=0x41095c8629b64e1381b7ce8f3fc766e6, cryptoExternalId=90, amount=1]]
2026-09-16 23:55:31.121 [http-nio-8080-exec-7] INFO  c.c.e.core.aspect.LoggingAspect - Exit: com.crypto.exchange.core.service.implementation.TransferServiceImpl.transfer() executed in 75 ms with result = TransferResponseDto[senderAddress=0x913b2aaf4beb4d6b9e810c9fabdede7d, recipientAddress=0x41095c8629b64e1381b7ce8f3fc766e6, cryptoSymbol=BTC, amount=1, timestamp=2026-09-16T23:55:31.121965700, status=SUCCESS]
2026-09-16 23:55:31.125 [http-nio-8080-exec-7] INFO  c.c.e.core.aspect.LoggingAspect - Exit: com.crypto.exchange.web.controller.TransferController.transfer() executed in 80 ms with result = <200 OK OK,TransferResponseDto[senderAddress=0x913b2aaf4beb4d6b9e810c9fabdede7d, recipientAddress=0x41095c8629b64e1381b7ce8f3fc766e6, cryptoSymbol=BTC, amount=1, timestamp=2026-09-16T23:55:31.121965700, status=SUCCESS],[]>
2026-09-16 23:55:32.495 [task-1] ERROR c.c.e.c.n.EmailNotificationListener - Ошибка при отправке письма для транзакции #5
org.springframework.mail.MailAuthenticationException: Authentication failed
	at org.springframework.mail.javamail.JavaMailSenderImpl.doSend(JavaMailSenderImpl.java:402)
	at org.springframework.mail.javamail.JavaMailSenderImpl.send(JavaMailSenderImpl.java:350)
	at org.springframework.mail.javamail.JavaMailSender.send(JavaMailSender.java:101)
	at com.crypto.exchange.core.notification.EmailNotificationListener.handleTransactionCompleted(EmailNotificationListener.java:44)
	at java.base/jdk.internal.reflect.DirectMethodHandleAccessor.invoke(DirectMethodHandleAccessor.java:103)
	at java.base/java.lang.reflect.Method.invoke(Method.java:580)
	at org.springframework.aop.support.AopUtils.invokeJoinpointUsingReflection(AopUtils.java:354)
	at org.springframework.aop.framework.ReflectiveMethodInvocation.invokeJoinpoint(ReflectiveMethodInvocation.java:196)
	at org.springframework.aop.framework.ReflectiveMethodInvocation.proceed(ReflectiveMethodInvocation.java:163)
	at org.springframework.aop.framework.CglibAopProxy$CglibMethodInvocation.proceed(CglibAopProxy.java:768)
	at org.springframework.aop.interceptor.AsyncExecutionInterceptor.lambda$invoke$0(AsyncExecutionInterceptor.java:113)
	at java.base/java.util.concurrent.FutureTask.run(FutureTask.java:317)
	at java.base/java.util.concurrent.ThreadPoolExecutor.runWorker(ThreadPoolExecutor.java:1144)
	at java.base/java.util.concurrent.ThreadPoolExecutor$Worker.run(ThreadPoolExecutor.java:642)
	at java.base/java.lang.Thread.run(Thread.java:1575)
Caused by: jakarta.mail.AuthenticationFailedException: 534-5.7.9 Application-specific password required. For more information, go to
534 5.7.9  https://support.google.com/mail/?p=InvalidSecondFactor ffacd0b85a97d-4870bf33e01sm10893403f8f.23 - gsmtp

	at org.eclipse.angus.mail.smtp.SMTPTransport$Authenticator.authenticate(SMTPTransport.java:954)
	at org.eclipse.angus.mail.smtp.SMTPTransport.authenticate(SMTPTransport.java:865)
	at org.eclipse.angus.mail.smtp.SMTPTransport.protocolConnect(SMTPTransport.java:769)
	at jakarta.mail.Service.connect(Service.java:345)
	at org.springframework.mail.javamail.JavaMailSenderImpl.connectTransport(JavaMailSenderImpl.java:480)
	at org.springframework.mail.javamail.JavaMailSenderImpl.doSend(JavaMailSenderImpl.java:399)
	... 14 common frames omitted
2026-09-16 23:59:19.172 [scheduling-1] INFO  c.c.e.core.aspect.LoggingAspect - Enter: com.crypto.exchange.core.service.CryptoInitializerService.scheduledPriceUpdate() with argument(s) = []
2026-09-16 23:59:19.173 [scheduling-1] INFO  c.c.e.c.s.CryptoInitializerService - Starting crypto price synchronization...
2026-09-16 23:59:19.358 [scheduling-1] INFO  c.c.e.c.s.CryptoInitializerService - Success! Updated and mapped 8 cryptocurrencies with CoinLore IDs
2026-09-16 23:59:19.358 [scheduling-1] INFO  c.c.e.core.aspect.LoggingAspect - Exit: com.crypto.exchange.core.service.CryptoInitializerService.scheduledPriceUpdate() executed in 185 ms with result = null
